player_id,full_name,regular_games,playoff_games,regular_baseline_elo,playoff_baseline_elo,regular_total_delta,playoff_total_delta,regular_mean_delta,playoff_mean_delta,regular_median_delta,playoff_median_delta,regular_change_rate,playoff_change_rate,playoff_minus_regular,quadrant
77168,Mickey Johnson,729.0,19.0,1591.4960737313495,1567.1803728990917,-197.15929597083664,185.27542757269939,-0.2704517091506675,9.751338293299968,-1.1906444901233346,5.250923604157622,-0.00016993551766456997,0.00622221823468934,0.0063921537523539095,Q2
77975,Anthony Roberts,213.0,16.0,1357.700632229691,1421.8839458161342,-224.89911369744596,112.41194620163115,-1.0558643835560844,7.025746637601947,-1.6209085798465028,6.933462913770882,-0.0007776857125138738,0.004941153360845708,0.005718839073359581,Q2
1742,Shammond Williams,312.0,15.0,1490.262690996219,1467.815958075893,-119.56317410334822,117.99853608962579,-0.3832153016132956,7.8665690726417195,-1.5704098077891633,-2.296082700770542,-0.00025714614203830184,0.005359370178093527,0.005616516320131829,Q2
1630558,Davion Mitchell,370.0,16.0,1473.2761922905006,1448.8217045843903,59.11382923988656,99.3062210122346,0.15976710605374747,6.206638813264663,-0.980880277515753,1.5206937461893641,0.00010844341807041472,0.00428392175077547,0.004175478332705055,Q1
76895,Bob Gross,437.0,25.0,1448.7679994563966,1517.4164180129012,-161.72465797537888,147.15769841082286,-0.3700793088681439,5.886307936432915,-1.24775389947332,2.292521647116505,-0.0002554441491025507,0.0038791645236982463,0.004134608672800797,Q2
934,Derrick Coleman,779.0,39.0,1795.712792002795,1765.7057533803084,-67.62997454216847,261.68111037859455,-0.0868163986420648,6.709772060989604,-1.5477738220350394,5.637598755428135,-4.834648337345568e-05,0.003800051083338353,0.003848397566711809,Q2
76767,Terry Furlow,234.0,16.0,1428.9631096775356,1455.8992576306046,-90.79011095571128,79.38279172887776,-0.3879919271611593,4.96142448305486,-1.972732294472476,6.722930016966757,-0.0002715199045612275,0.003407807550591999,0.0036793274551532268,Q2
1744,Jerome James,353.0,17.0,1417.5289117685838,1461.831467288613,-157.26159343215616,83.36283220134366,-0.44550026468032905,4.903696011843745,-1.3255076862929325,0.8036870739840355,-0.0003142794908673146,0.0033544879294047894,0.003668767420272104,Q2
76899,Ernie Grunfeld,685.0,42.0,1377.9051171374103,1407.4421921264593,-266.4834328687372,195.4486419125514,-0.3890269092974266,4.653539093155986,-1.0375938495689936,-0.5379848377788287,-0.0002823321464293766,0.0033063802685388472,0.003588712414968224,Q2
76526,Johnny Davis,737.0,43.0,1601.040568085824,1429.324730606649,-215.99541337338908,201.02116891488663,-0.29307383090012085,4.674910904997364,-1.2855985854656746,-0.7703679635285978,-0.00018305209545721555,0.0032707129491932807,0.003453765044650496,Q2
78656,Blair Rasmussen,532.0,29.0,1514.5192629569276,1556.396563945824,-166.91938133248883,144.83207448630017,-0.313758235587385,4.994209465044833,-1.2836642964644513,-2.448038619555605,-0.0002071668834206886,0.003208828380077736,0.0034159952634984247,Q2
76249,Ron Brewer,494.0,16.0,1506.4562470964972,1440.9966831652955,-121.6218174470508,74.07560127803805,-0.24619801102641864,4.629725079877378,-1.4963459974714413,2.960440297709177,-0.00016342858380449747,0.003212863106463033,0.0033762916902675306,Q2
1629614,Andrew Nembhard,264.0,40.0,1553.7287254761936,1613.5495540712884,51.8627821324079,223.80108836134758,0.1964499323197269,5.59502720903369,-0.6868605336770968,5.3309310941596735,0.0001264377295074583,0.0034675273498210118,0.0033410896203135533,Q1
202730,Lavoy Allen,385.0,23.0,1468.601314368216,1475.8366487373687,-109.66789199960768,104.61985956652572,-0.2848516675314485,4.548689546370683,-1.130963550046789,-0.3932325981831102,-0.00019396119610174127,0.0030821090872504425,0.0032760702833521836,Q2
2804,Andres Nocioni,513.0,23.0,1529.718941808543,1670.760778403819,-133.36702020010804,113.27315504901135,-0.25997469824582464,4.9249197847396236,-1.562456366398851,-3.893414044835441,-0.00016994932280727597,0.002947710916128103,0.0031176602389353793,Q2
200789,Daniel Gibson,395.0,47.0,1522.2656180092497,1523.1623095313248,-234.77442014680264,195.13772438917826,-0.5943656206248168,4.151866476365495,-1.2188041017398905,-1.1943542353144678,-0.00039044803587044247,0.0027258201246084003,0.0031162681604788426,Q2
78395,Darnell Valentine,598.0,26.0,1514.9282838888878,1574.1775495810118,-20.919109381284777,124.91696866740946,-0.034981788263018024,4.804498794900364,-1.2906356930179252,1.8897306654588921,-2.3091382367763462e-05,0.003052069187607932,0.0030751605699756955,Q2
203460,Andre Roberson,304.0,26.0,1458.5534295919504,1471.6349515242562,-38.991748174285156,114.11268647572884,-0.12826232952067484,4.388949479835724,-1.0548234921796724,0.9197363320272114,-8.793803978545917e-05,0.0029823628986861443,0.0030703009384716036,Q2
78556,Kevin Williams,252.0,20.0,1363.044466411725,1360.4186790328415,-185.29756230659402,66.13485138223095,-0.7353077869309287,3.3067425691115475,-1.1722168528402501,0.20642525878935403,-0.000539459867268057,0.002430680069361,0.0029701399366290574,Q2
1629060,Rui Hachimura,404.0,45.0,1597.385244137498,1596.3365530226129,38.595070049761574,205.49797557822913,0.09553235160832073,4.566621679516203,-1.0875873691248024,1.8948029856775748,5.980545517052341e-05,0.002860688537683015,0.0028008830825124917,Q1
1884,Baron Davis,835.0,50.0,1838.2307663962008,1868.902727985766,-68.12581267243641,250.81995199011112,-0.08158779960770828,5.016399039802223,-0.8687223001789999,6.596466993726363,-4.438387230764222e-05,0.00268414132243721,0.002728525194744852,Q2
168,Chris Mills,567.0,19.0,1609.2978004509357,1600.1486790886988,-46.49214641049496,81.23669700905499,-0.08199673088270716,4.275615632055526,-1.1765710916448195,-1.7028757882213683,-5.0951869106967736e-05,0.002672011474890279,0.002722963343997247,Q2
200782,P.J. Tucker,883.0,105.0,1529.3339719704754,1502.1962210634772,-395.7216030419391,379.6574628007778,-0.4481558358345856,3.6157853600074077,-1.305871426334751,1.6457227174818496,-0.0002930398749052555,0.0024069993715252584,0.002700039246430514,Q2
179,Bryant Stith,585.0,15.0,1604.6313662900634,1643.286969674225,-22.901599059996364,63.628036055101646,-0.039148032581190366,4.24186907034011,-1.58393601480838,3.859310787170205,-2.439690099770474e-05,0.0025813318967538843,0.002605728797751589,Q2
76385,Maurice Cheeks,1089.0,133.0,1713.0056519495818,1717.3157772045845,-489.0049172652269,529.1054243582495,-0.4490403280672423,3.978236273370297,-1.1190970531742217,2.534473889202921,-0.00026213592906490816,0.0023165432509133516,0.0025786791799782597,Q2
202347,Quincy Pondexter,345.0,33.0,1455.1489319162176,1466.746879640712,-131.74406304712954,108.56314571778516,-0.3818668494119697,3.2897922944783384,-1.3141057649231247,-1.0622036784270172,-0.00026242458145442685,0.0022429175341311734,0.0025053421155856004,Q2
1629634,Brandon Clarke,309.0,15.0,1634.7628419087562,1678.2444571237045,85.13296871385842,66.67489276832,0.2755112256111923,4.4449928512213335,-0.8644060273335793,-0.0093221231093425,0.0001685328406960267,0.0026485967716762078,0.002480063930980181,Q1
600005,Bob Lanier,487.0,48.0,1745.0097279897147,1668.8428028993872,-181.81666531995916,175.7332312072926,-0.373340175194988,3.661108983485262,-1.221532296755876,2.0360203778934536,-0.00021394733175790555,0.0021938009842056927,0.002407748315963598,Q2
935,Bryon Russell,840.0,103.0,1571.0232036517177,1639.0314882177886,-389.96684938758204,356.36251454655377,-0.464246249270931,3.459830238316056,-0.9755301007376413,0.7277768137303555,-0.000295505660382245,0.0021108991884458087,0.002406404848828054,Q2
1627748,Thon Maker,261.0,16.0,1418.4576051287554,1429.572969390583,-92.52438856678019,48.17851672746883,-0.35449957305279767,3.011157295466802,-1.1390196167785611,-0.6411215924580472,-0.00024991904711922587,0.0021063334016104386,0.0023562524487296646,Q2
2239,Trenton Hassell,640.0,18.0,1467.6862587422002,1513.678973097753,-129.03585355809855,60.100356430581634,-0.201618521184529,3.3389086905878687,-1.0662005596740545,1.5825911074619485,-0.00013737167598565315,0.0022058235266060227,0.002343195202591676,Q2
202329,Al-Farouq Aminu,709.0,40.0,1532.998329785847,1587.6542686045425,-79.69313963049942,139.86780957828506,-0.11240217155218535,3.4966952394571265,-1.0378472768561058,0.5153212671653651,-7.33217834411388e-05,0.002202428644953364,0.0022757504283945026,Q2
1627749,Dejounte Murray,510.0,25.0,1745.086710881138,1622.143102991291,265.4435884291306,99.27634507973707,0.5204776243708443,3.971053803189483,-0.3068423060091586,0.812239073723255,0.0002982531590696958,0.0024480292742771674,0.0021497761152074715,Q1
1630170,Devin Vassell,367.0,25.0,1659.7366827567464,1667.6822696970185,205.84421838436984,102.78459020575085,0.5608834288402448,4.1113836082300335,-0.5400171776230558,2.234231176644185,0.0003379351885557191,0.0024653278882535473,0.0021273926996978284,Q1
1456,Randy Wittman,535.0,38.0,1507.143655887539,1593.386342442142,-221.71460010555435,111.59066604883813,-0.41441981328141003,2.9365964749694244,-1.3377422808794102,-0.9951756872061538,-0.0002749703464978348,0.0018429908658992137,0.0021179612123970485,Q2
1629630,Ja Morant,327.0,27.0,1909.351874104944,1978.8666847713828,285.60917791263813,136.54554233892833,0.8734225624239699,5.057242308849197,-0.316621599960865,3.857386020086296,0.0004574445256893302,0.0025556255748645632,0.002098181049175233,Q1
1630577,Julian Champagnie,253.0,23.0,1510.395386236813,1623.7520620444693,149.9632293851211,92.40793505673562,0.5927400370953404,4.017736306814593,-0.1952952617200823,1.9623390462039585,0.00039244031231594706,0.0024743533207624404,0.0020819130084464934,Q1
201579,Roy Hibbert,662.0,54.0,1650.1843040677652,1739.8406219510189,-162.4941278545533,177.5416587635575,-0.2454594076352769,3.2878084956214355,-1.4227899121081133,1.0812589627617397,-0.0001487466624365596,0.0018897182041505386,0.0020384648665870983,Q2
78378,Elston Turner,490.0,43.0,1357.9589042294133,1355.6639777578275,-176.30365598486213,102.92320522856708,-0.3598033795609431,2.393562912292258,-0.857415009292416,-0.3315923998296101,-0.00026495896042238255,0.0017656019128361306,0.002030560873258513,Q2
456,Chuck Person,941.0,49.0,1658.9913403138323,1553.4340909261546,-181.43363250982486,145.38538875066334,-0.19280938630162048,2.9670487500135376,-1.1124503571745017,-0.0967440248420312,-0.00011622085155980778,0.0019099933285515762,0.002026214180111384,Q2
1626179,Terry Rozier,663.0,52.0,1663.0171121473477,1594.74283031859,-6.751198902116011,167.3412586753973,-0.010182803773930636,3.2181011283730254,-0.8028580360184101,-0.9415360193228896,-6.123090195254955e-06,0.0020179436252615907,0.002024066715456846,Q2
397,Reggie Miller,1388.0,144.0,1844.677547245157,1870.795305335111,-230.04238668322228,518.1020049243036,-0.16573658982941086,3.5979305897521083,-0.9443268294130915,1.5008097632657333,-8.984583244747681e-05,0.0019232091183314253,0.002013054950778902,Q2
423,Chris Gatling,700.0,15.0,1536.3390089051763,1530.9438426194924,15.502202618560203,46.292173252660426,0.02214600374080029,3.0861448835106953,-0.8911516189412152,0.0591617896388084,1.441478971270927e-05,0.0020158446035683487,0.0020014298138556394,Q1
203078,Bradley Beal,807.0,51.0,1850.817875650658,1857.720560843424,96.23293587604863,195.71815012054017,0.11924775201493015,3.837610786677258,-0.5282769132992851,3.195877093411976,6.442976026099187e-05,0.0020657632087222764,0.0020013334484612847,Q1
76242,Mike Bratz,572.0,37.0,1395.646057295372,1400.732246886307,-183.3803295795143,90.11814414299704,-0.32059498178236767,2.4356255173782984,-1.0062492734638702,-1.4829735984324277,-0.00022971080676690333,0.0017388230497244993,0.0019685338564914027,Q2
1629628,RJ Barrett,444.0,23.0,1732.027217018282,1747.7264057533018,273.8756447954846,92.8639941925182,0.6168370378276681,4.037564964892096,-0.2482142774993112,4.410092006691894,0.00035613588041045037,0.002310181359966254,0.0019540454795558037,Q1
2749,Jameer Nelson,878.0,44.0,1652.7680248311071,1735.2493411516796,-119.94479241098958,141.86414695017007,-0.13661138087812025,3.2241851579584107,-1.0333212061690134,3.079051139131254,-8.265611315422216e-05,0.001858052950372267,0.001940709063526489,Q2
2420,Nenad Krstic,417.0,28.0,1556.8766583955346,1643.4198639652307,9.622557879495002,88.37847645478594,0.02307567836809353,3.156374159099498,-1.1604425448953992,-0.6086067599464201,1.4821776820698537e-05,0.0019206133674713065,0.0019057915906506078,Q1
203493,Reggie Bullock,550.0,26.0,1501.089413024033,1565.7585780822478,-82.21050739700281,72.2764360722471,-0.1494736498127324,2.7798629258556575,-1.0335548459915107,3.0118128389751613,-9.957677971467997e-05,0.0017754096734762606,0.0018749864531909406,Q2
203110,Draymond Green,947.0,175.0,1641.396498851942,1736.1357024598549,-404.92557289007965,490.27750046141426,-0.42758772216481483,2.801585716922367,-1.0397994918096107,1.8903304349649817,-0.00026050239686991336,0.0016136905156393722,0.0018741929125092856,Q2
77141,Dennis Johnson,1085.0,179.0,1684.7464884190424,1687.9731830493215,-482.75499393685425,481.32412661802977,-0.444935478282815,2.6889616012180433,-1.0517416919088791,2.566477373992249,-0.00026409639749440297,0.0015930120384735245,0.0018571084359679275,Q2
76471,Charlie Criss,405.0,25.0,1480.83258008115,1467.27917401369,-32.69271807902173,65.74961732910214,-0.08072276068894255,2.6299846931640856,-1.4307408254945524,1.3768217693636695,-5.451174006754965e-05,0.0017924228325069565,0.0018469345725745062,Q2
76873,Mike Green,245.0,20.0,1360.4554237107914,1356.628093871945,-68.99983827128541,44.37708233705944,-0.2816319929440221,2.218854116852972,-1.3058623368785505,-1.6130092690189088,-0.0002070130252234505,0.0016355655075077742,0.0018425785327312247,Q2
1630529,Herbert Jones,296.0,15.0,1599.1713627785787,1604.5438193814643,37.966089123224194,45.87139002842672,0.12826381460548714,3.0580926685617813,-0.9557302366265388,5.685218245117994,8.020642289555966e-05,0.0019058953900932699,0.0018256889671977102,Q1
36,Sarunas Marciulionis,362.0,17.0,1598.7768067458817,1590.3136510538843,38.723403170399,51.12715957952692,0.1069707269900525,3.007479975266289,-1.5411159954493163,4.580900540687023,6.690785514194353e-05,0.0018911237876083522,0.0018242159324664087,Q1
677,Eric Williams,658.0,26.0,1523.7088298689082,1536.5676940600795,-76.02012312986832,69.27009540948636,-0.11553210202107649,2.6642344388263983,-1.3472191846050179,2.5722385435752635,-7.582295236224119e-05,0.0017338867979103999,0.0018097097502726412,Q2
76734,Don Ford,398.0,20.0,1295.4108445730208,1350.8923885634026,-65.27287141992016,44.377459565178704,-0.16400218949728684,2.2188729782589354,-1.109939715555122,-3.164926409974221,-0.00012660245217519656,0.0016425238583352897,0.0017691263105104862,Q2
1498,Antonio Daniels,865.0,79.0,1584.2207899850428,1609.105648450543,-154.93377930690556,208.7548954268612,-0.17911419573052667,2.642467030719762,-1.1713425130696649,-0.4767878331568312,-0.00011306138441234429,0.0016421961064298509,0.001755257490842195,Q2
1501,Tim Thomas,823.0,55.0,1586.050682127607,1606.4945173220342,-92.36421071741583,146.79944731901355,-0.11222868859953321,2.669080860345701,-1.2243821943525264,1.5970482334418046,-7.075983754124685e-05,0.0016614316647622042,0.0017321915023034511,Q2
202704,Reggie Jackson,883.0,87.0,1646.924750463917,1617.305847979123,-195.29069190622803,224.81955440439847,-0.221167261501957,2.5841328092459595,-0.9914688635254394,-0.452609305599372,-0.00013429105454858037,0.0015978009431394306,0.001732091997688011,Q2
1630183,Jaden McDaniels,438.0,50.0,1565.0228122281437,1687.5572956695983,126.98654158289,159.59258053918555,0.2899236109198402,3.191851610783711,-0.919213336197397,0.15606987983080223,0.0001852520031366649,0.001891403402405505,0.0017061513992688401,Q1
109,Robert Horry,1107.0,242.0,1592.6160811399234,1597.6379896383369,-508.3096734728294,541.9016531755871,-0.459177663480424,2.239263029651186,-1.341992431293106,0.14177655143468834,-0.00028831660619159713,0.0014016085271971383,0.0016899251333887355,Q2
697,Fred Hoiberg,536.0,23.0,1472.2115880886363,1492.9152042454143,31.18174188211343,58.80265683250681,0.05817489157110714,2.556637253587253,-0.9854280886639367,1.2463916771335417,3.9515306116178084e-05,0.0017125133740462446,0.0016729980679300665,Q1
77092,Marc Iavaroni,505.0,43.0,1346.9182001599886,1342.9009528111476,-199.3309457257728,78.55866082124147,-0.3947147440114313,1.8269456004939877,-0.6737019383383351,-0.0780126468958108,-0.0002930502713264596,0.0013604470208093682,0.0016534972921358278,Q2
76248,Jim Brewer,457.0,18.0,1292.4749663104876,1268.0204078826755,-52.76965490946301,35.43885632696624,-0.11546970439707441,1.9688253514981244,-0.7808275417603816,-0.4959283097621147,-8.933999296457975e-05,0.0015526763916880835,0.0016420163846526633,Q2
358,Anfernee Hardaway,704.0,64.0,1855.1126032842133,1900.8831190091244,-119.34333286738811,187.3561864735572,-0.1695217796411763,2.927440413649331,-1.436499355386156,4.519519518038091,-9.13808570655291e-05,0.001540042301588391,0.00163142315865392,Q2
203086,Meyers Leonard,452.0,29.0,1442.6013768911198,1418.1755128060788,-87.82684785670037,61.19301785475752,-0.19430718552367338,2.1101040639571558,-0.7882666558879983,-0.9549905358988386,-0.0001346922224228119,0.0014879005066037205,0.0016225927290265322,Q2
77384,Reggie Lewis,450.0,42.0,1761.0417321717991,1777.105764375157,270.4755656892385,146.00227725333184,0.6010568126427522,3.476244696507901,-0.5908431323996708,1.346074772077304,0.0003413075350017406,0.001956127072566316,0.0016148195375645753,Q1
203613,Jonathon Simmons,256.0,25.0,1495.1778087951393,1483.892816541921,0.7609590515320201,59.196883736881475,0.0029724962950469537,2.367875349475259,-1.0799821195044652,0.9516980829104552,1.9880553854944406e-06,0.0015957185876762851,0.0015937305322907907,Q1
962,Walter McCarty,573.0,40.0,1424.7304328287,1409.4895359313741,-138.04402504859036,80.19292924623024,-0.24091452888061143,2.004823231155756,-1.0332568197617542,-1.293890781149329,-0.0001690948149414433,0.0014223753919755013,0.0015914702069169447,Q2
2205,DeSagana Diop,597.0,28.0,1355.1872568822705,1417.9813056614134,-188.96574707666275,53.78541088894963,-0.3165255394918974,1.920907531748201,-0.6558751338713757,1.6021809167257133,-0.00023356590602843528,0.0013546776139282026,0.001588243519956638,Q2
77633,Johnny Moore,492.0,41.0,1646.770549582771,1642.1115457729938,-82.18751666840768,99.25267763061571,-0.16704779810651968,2.420797015380871,-1.700298684717702,0.4876482873173362,-0.00010143963173791468,0.001474197670439815,0.0015756373021777296,Q2
1888,Richard Hamilton,920.0,130.0,1793.7636049040816,1820.234520124616,-221.1165012324347,337.83367057072894,-0.24034402307873337,2.598720542851761,-1.080484547606868,2.5661937958154226,-0.00013398868302469844,0.0014276844626998112,0.0015616731457245097,Q2
77786,Tom Owens,482.0,16.0,1499.137834333209,1569.3888105181395,-50.9134297126769,36.990414527702306,-0.10562952222547074,2.311900907981394,-1.2029583644089323,-3.2526723109203752,-7.046018038258167e-05,0.00147312182455163,0.0015435820049342118,Q2
78549,Gus Williams,734.0,88.0,1798.9934322242996,1774.6251284533105,-211.50846770673687,213.78856599471123,-0.28815867534977774,2.429415522667173,-1.2041897684664042,1.7546474205283313,-0.00016017772504788665,0.001368973922275377,0.0015291516473232636,Q2
1629018,Gary Trent Jr.,479.0,18.0,1591.2128419209514,1582.0224095998587,1.8776758347323015,43.46564111989295,0.0039199913042428005,2.414757839994053,-1.473501031051862,-1.5694909049913022,2.463524175377123e-06,0.0015263739788646976,0.0015239104546893203,Q1
178,Olden Polynice,1058.0,37.0,1519.3882666071754,1486.4952359498452,-39.67487674990817,82.35814732078268,-0.03749988350652946,2.225895873534667,-0.9113493546808732,1.8617280255147328,-2.4680908975470408e-05,0.0014974120466066324,0.0015220929555821029,Q2
244,Dee Brown,607.0,31.0,1618.5548679344147,1600.4354338813876,-17.59619719513502,74.12115963402071,-0.02898879274322079,2.3910051494845392,-1.4888316765321443,-1.0149260061454457,-1.7910293507822833e-05,0.0014939716397592226,0.0015118819332670453,Q2
1628384,OG Anunoby,559.0,72.0,1672.7883147928746,1711.1305943827688,277.92697372854616,218.89498060963825,0.49718599951439385,3.0402080640227536,-0.6364857098926618,2.710945763047971,0.0002972199142698792,0.0017767247421108753,0.001479504827840996,Q1
77144,Eddie Johnson,646.0,36.0,1655.9224274031658,1613.0084830407084,7.162026107929179,85.29597066513813,0.0110867277212526,2.369332518476059,-0.8118679675274654,0.48506090901995536,6.695197515163146e-06,0.0014688903024301472,0.001462195104914984,Q1
77308,Joel Kramer,328.0,28.0,1315.1459033773249,1336.0813199316187,-212.52736528859504,36.16888862300453,-0.6479492844164483,1.2917460222501618,-0.982926998461878,-0.7411261778963125,-0.0004926824337531673,0.0009668169167399735,0.001459499350493141,Q2
78392,Wes Unseld,384.0,48.0,1523.1404033006352,1489.6318765133194,-110.67828292770437,90.70081389667634,-0.28822469512423016,1.8896002895140904,-1.4765239461555295,1.3053900368865587,-0.00018923054926495888,0.001268501513230873,0.0014577320624958319,Q2
52,Micheal Williams,412.0,16.0,1754.5089433375729,1653.76558929152,129.7650102922733,43.182351758508005,0.3149636172142556,2.6988969849067503,-1.1638809321408643,-1.5259187940143843,0.00017951667810544504,0.0016319706991019018,0.0014524540209964567,Q1
1626163,Frank Kaminsky,411.0,16.0,1535.0643455233874,1498.6445241043943,18.95329971288759,35.49096449365685,0.046115084459580506,2.218185280853553,-1.2323800171964314,-1.010235113448666,3.0041141007582552e-05,0.001480127705520536,0.0014500865645129535,Q1
431,Shawn Kemp,1051.0,88.0,1803.936301470585,1870.4835839850928,-205.92707394741572,220.17589732857996,-0.1959344185988732,2.501998833279318,-1.1266404536735355,2.094527837041607,-0.00010861493193476162,0.001337621380214828,0.0014462363121495896,Q2
165,Hakeem Olajuwon,1221.0,145.0,2016.7754161087175,2061.551594905613,-242.4101288555968,401.6867086372685,-0.19853409406682784,2.770253163015645,-1.2119378664437273,2.5821102840254277,-9.844134973139e-05,0.0013437709586611047,0.0014422123083924947,Q2
77263,Albert King,503.0,21.0,1569.7819280815731,1629.4770879482116,-97.6646495414304,44.98384831031638,-0.19416431320363897,2.1420880147769705,-1.3532947626128082,0.6601772566949349,-0.00012368871735001226,0.0013145861519748172,0.0014382748693248296,Q2
1626172,Kevon Looney,620.0,92.0,1483.3146102179985,1488.7043068817416,-180.81479249526862,168.83549823082433,-0.2916367620891429,1.8351684590306991,-0.7206042129693762,0.9890428207032799,-0.0001966115347884842,0.0012327286557494185,0.0014293401905379028,Q2
1629216,Gabe Vincent,325.0,62.0,1476.919166273229,1521.585362117813,-128.76130526020043,109.46735849516772,-0.39618863156984746,1.7656025563736728,-1.4392724291199568,-0.6605182553790891,-0.00026825342958312784,0.001160370361289639,0.001428623790872767,Q2
1627747,Caris LeVert,584.0,42.0,1640.1390722864994,1652.0053828703515,-17.61398537420688,97.5592793858532,-0.030160933859943288,2.322839985377457,-1.1806752398780667,0.2891000940616901,-1.838925391728902e-05,0.0014060728914463546,0.0014244621453636437,Q2
200765,Rajon Rondo,955.0,136.0,1715.9334536555425,1795.082080397267,-257.9839633954235,307.20623385577835,-0.27014027580672617,2.2588693665866053,-1.2745325216797232,1.5543610100133454,-0.00015743050829344942,0.0012583655038697161,0.0014157960121631656,Q2
76500,Bob Dandridge,302.0,38.0,1672.3945852190657,1719.0331948108887,-94.39808002890045,79.15687578175012,-0.31257642393675644,2.0830756784671083,-1.6552666897364625,2.597385729695217,-0.00018690351350056082,0.0012117716427787004,0.0013986751562792613,Q2
203114,Khris Middleton,839.0,80.0,1759.207292220744,1799.6939622539583,-97.45201163440552,191.84357132011536,-0.11615257644148454,2.398044641501442,-0.9104842721823544,0.2627521111721879,-6.602552010505752e-05,0.0013324735715055142,0.0013984990916105717,Q2
77936,Robert Reid,878.0,79.0,1491.6475591198832,1567.596229970814,-203.0502015462005,151.6684558176176,-0.23126446645353133,1.9198538711090836,-1.1900228243709736,-0.520528192430558,-0.0001550396171264372,0.0012247119726390436,0.0013797515897654808,Q2
1626220,Royce O'Neale,677.0,54.0,1514.0476553700778,1502.5928656112883,3.702907818037778,111.93092576908487,0.005469583187648121,2.0727949216497197,-0.793615129784254,0.5117323528056915,3.612556822929853e-06,0.0013794787457655474,0.0013758661889426175,Q1
1628976,Wendell Carter Jr.,460.0,22.0,1634.0423330933102,1653.0649585373694,177.41905899125857,58.608561294125494,0.38569360650273604,2.6640255133693405,-0.792512405843026,0.9485600171666758,0.0002360364836892579,0.0016115673492507324,0.0013755308655614745,Q1
1629631,De'Andre Hunter,371.0,28.0,1593.7640101402333,1596.7166805450686,65.77751222305089,66.322241972825,0.177297876611997,2.3686514990294643,-0.575206831338504,-1.500146853388277,0.00011124474858507866,0.0014834513397961632,0.0013722065912110846,Q1
1863,Earl Boykins,648.0,15.0,1522.5149385781606,1606.6119828404346,39.44831529854899,33.90297165009913,0.0608770297817114,2.2601981100066086,-1.0386595349148076,2.600475626619533,3.9984520505633246e-05,0.0014068101907286016,0.0013668256702229684,Q1
201171,Carl Landry,513.0,37.0,1630.2968379354731,1598.4088242068387,15.046899607919887,81.78327182770487,0.029331188319531944,2.2103586980460777,-1.2644092603376438,0.0557968177152061,1.799131767726146e-05,0.0013828494090946351,0.0013648580914173737,Q1
203516,James Ennis III,393.0,22.0,1475.4026706178777,1468.6383799614978,-32.93482451644986,42.23489421691377,-0.08380362472379099,1.919767918950626,-1.3046719048267843,3.820138727762644,-5.6800510391305735e-05,0.001307175370836322,0.0013639758812276277,Q2
2399,Mike Dunleavy,985.0,32.0,1606.597868238595,1594.9429659799366,-39.56060870643423,67.88578297156782,-0.04016305452429871,2.1214307178614944,-1.3641513900359763,-0.9636676704917486,-2.4998822243136524e-05,0.0013300981684684144,0.0013550969907115509,Q2
2550,Kirk Hinrich,879.0,68.0,1616.9699653247678,1587.7743376777994,-177.53635478255174,131.55109073073925,-0.20197537517923975,1.9345748636873419,-1.4260493749665717,-0.43457729087408625,-0.0001249097877576675,0.0012184192789743383,0.0013433290667320059,Q2
202362,Lance Stephenson,553.0,56.0,1544.9441243113436,1653.3549103228574,-88.03811173165722,114.79616884374902,-0.15920092537370203,2.0499315864955183,-1.5043036475413594,-0.25679703075607274,-0.00010304639686866708,0.0012398617947644525,0.0013429081916331196,Q2
1627741,Buddy Hield,765.0,20.0,1611.5717948258773,1555.47402760664,56.60128375280793,43.1934015049668,0.07398860621282083,2.15967007524834,-0.9243703447344802,-2.3772250900776832,4.591083465866623e-05,0.0013884321029592234,0.001342521268300557,Q1
2732,Ben Gordon,744.0,29.0,1642.7511894451814,1758.6261161431771,-118.81946416010139,63.20749363910652,-0.15970358086035133,2.179568746176087,-1.5412010345657061,-0.0857139412875733,-9.721714516870276e-05,0.0012393587961471164,0.0013365759413158191,Q2
76421,Doug Collins,225.0,29.0,1699.778175245449,1732.5651284707274,-83.40121864809718,55.763337849644834,-0.3706720828804319,1.92287371895327,-1.6968310923986465,8.486865969755902,-0.0002180708567027616,0.0011098420990675953,0.0013279129557703568,Q2
76881,David Greenwood,807.0,22.0,1539.4812827573007,1499.1650530800935,-81.27562818853721,41.528761263929574,-0.10071329391392467,1.8876709665422533,-0.9690545454001998,-1.6239276695466898,-6.542027827291364e-05,0.001259148192298079,0.0013245684705709927,Q2
960,Tony Delk,542.0,50.0,1551.5922050303896,1539.6416182672638,-11.26335478652133,100.64358886205896,-0.020781097392105773,2.012871777241179,-1.340142672104073,-0.5431604729739401,-1.3393401516668972e-05,0.0013073638393241772,0.001320757240840846,Q2
78318,Isiah Thomas,965.0,111.0,1861.9089388126629,1888.616888720076,-22.67352487371064,272.18981520755705,-0.023495880698145743,2.4521604973653788,-0.6747388084246002,1.9161717264204643,-1.2619242653794357e-05,0.0012983895844684617,0.0013110088271222561,Q2
2564,Boris Diaw,1064.0,119.0,1582.3103507915978,1566.0333101491622,-163.544756681559,224.52177460387372,-0.15370747808417198,1.8867376017132245,-1.0447396124486046,0.0536504925164715,-9.71411695608736e-05,0.0012047876564857459,0.0013019288260466195,Q2
203459,Allen Crabbe,380.0,17.0,1511.9225904929458,1513.331895825349,-39.841308367826585,31.141368396510984,-0.10484554833638575,1.8318451997947638,-1.395485141168169,0.2597510202273105,-6.934584415608342e-05,0.0012104715461611958,0.0012798173903172793,Q2
1952,Raja Bell,697.0,64.0,1550.640866521324,1599.3974477001707,-81.21588760149835,120.06023987651214,-0.11652207690315403,1.8759412480705022,-0.8864770671791308,-0.8240804479307207,-7.514446408507038e-05,0.0011729049904187251,0.0012480494545037955,Q2
203935,Marcus Smart,696.0,119.0,1596.2566513749773,1628.9185887430356,-77.64033143432701,227.24864226362826,-0.11155220033667673,1.9096524559968762,-1.0538207858560398,-0.1183590513422836,-6.988362444133801e-05,0.0011723437065510258,0.0012422273309923638,Q2
78041,Jeff Ruland,328.0,17.0,1831.1681087330355,1871.698906362653,264.6546249001447,53.51148370183659,0.8068738564028802,3.147734335402152,-0.5296101865729772,1.5796514638181405,0.00044063341457008394,0.0016817525108882335,0.0012411190963181496,Q1
1631094,Paolo Banchero,269.0,22.0,1892.5215963267024,1918.2732246372764,426.6982191907419,87.65923303216842,1.5862387330510852,3.984510592371292,0.5752917370675543,2.1623608470933506,0.0008381614963495803,0.002077134029290701,0.0012389725329411206,Q1
78293,Roy Tarpley,280.0,24.0,1687.477572787866,1801.3410462953343,189.65813313813038,70.47693456816019,0.6773504754933228,2.9365389403400077,-0.7724499520699509,2.567729064873279,0.0004013982090288041,0.001630195984474644,0.00122879777544584,Q1
1626159,Justise Winslow,343.0,19.0,1518.7983696976069,1508.476608369827,19.143041956715273,36.24223281639783,0.055810617949607205,1.907485937705149,-1.079943367116272,3.0995081549934063,3.674656166553505e-05,0.0012645114462640035,0.0012277648845984684,Q1
688,Michael Curry,663.0,36.0,1399.0721088039124,1370.565019038451,-176.847278348479,50.86452860533985,-0.26673797639287933,1.4129035723705514,-0.9827386144633868,-0.3830854378337189,-0.00019065348720368502,0.0010308913132496289,0.0012215448004533138,Q2
422,Avery Johnson,1049.0,90.0,1620.4204629774413,1729.355095763009,-152.24024880046804,175.85303491923972,-0.14512893117299144,1.9539226102137746,-0.9676801907114626,1.5003751536047836,-8.956251447622694e-05,0.0011298562192351156,0.0012194187337113424,Q2
911,Ervin Johnson,840.0,77.0,1468.7784185818318,1469.2247512963345,-193.9735276310485,120.16281710798147,-0.2309208662274387,1.5605560663374216,-0.9338102816888085,0.0012178067226482,-0.00015721967541598456,0.0010621629297767432,0.0012193826051927277,Q2
892,Spud Webb,812.0,39.0,1584.024119020714,1575.2216893391385,36.26132244474492,76.40189046140185,0.04465680104032626,1.9590228323436372,-0.9951416994653054,-2.282745507191944,2.8191995629419006e-05,0.0012436489705557044,0.0012154569749262853,Q1
1629651,Nic Claxton,380.0,20.0,1672.807321022303,1499.9450840272423,164.84135974701775,44.208122984904264,0.4337930519658362,2.2104061492452134,-0.9385825745828482,0.8485308069440413,0.00025932039303888996,0.0014736580510737337,0.0012143376580348436,Q1
76213,Tom Boswell,328.0,17.0,1417.946472411796,1249.326039907422,-43.98385278192873,23.602607650713132,-0.13409711214002662,1.3883886853360665,-1.3663087969291468,-1.419546176938054,-9.457135001149924e-05,0.0011113101312119848,0.001205881481223484,Q2
78059,Mike Sanders,629.0,67.0,1453.6645970457791,1424.093619280883,-64.12884708099557,108.31052249935303,-0.10195365195706768,1.6165749626769108,-1.037684803664544,-0.825157614148839,-7.013560911111392e-05,0.0011351605967402788,0.0012052962058513928,Q2
275,Allan Houston,837.0,63.0,1749.9247279009762,1764.8608666735506,99.36041319028736,140.70246903430262,0.11871017107561214,2.2333725243540097,-1.0698488522975953,0.237494203735914,6.783730133238603e-05,0.0012654666248923749,0.0011976293235599889,Q1
78481,Marvin Webster,572.0,48.0,1376.0983409354467,1388.7709003688983,-76.33906306570734,72.8963309571693,-0.1334599004645233,1.5186735616076936,-1.232105250879898,-0.513545640205556,-9.698427539255638e-05,0.001093537862295566,0.0011905221376881225,Q2
1627936,Alex Caruso,472.0,74.0,1526.0576972370923,1548.6922188911353,28.909755674004238,140.69281715112652,0.06124948236017847,1.901254285826034,-0.8763627347387706,0.37891332763149776,4.013575795402092e-05,0.0012276514743435162,0.0011875157163894953,Q1
1628973,Jalen Brunson,559.0,86.0,1815.0962597641635,1996.1662640534491,372.75813789135464,266.5675940246177,0.6668303003423159,3.0996231863327637,-0.3059506057635764,2.354100812220813,0.0003673801302576413,0.0015527880829117992,0.001185407952654158,Q1
1503,Tracy McGrady,937.0,49.0,1972.8156207447148,2025.93901192708,-30.068788284033268,116.02802621384727,-0.032090489097153965,2.3679189023234137,-0.9196982619359716,-1.5259272284257372,-1.6266339722634687e-05,0.0011688006837239594,0.001185067023446594,Q2
202349,Greivis Vasquez,400.0,24.0,1560.0306058089745,1455.1982289757025,6.968330210188816,41.40990350487169,0.01742082552547204,1.7254126460363206,-1.2347904975934023,-0.9950021944160019,1.1166976763534866e-05,0.0011856890777353537,0.001174522100971819,Q1
2744,Al Jefferson,914.0,21.0,1824.6802189470031,1743.0552366667605,108.43587800158683,45.36820281541219,0.11863881619429631,2.1603906102577235,-0.8082127887866876,0.8395335169165201,6.501896330238132e-05,0.001239427509129907,0.0011744085458275258,Q1
101187,Alan Anderson,330.0,18.0,1468.104907602748,1470.6689081307609,-20.3174088667478,29.97335129597754,-0.06156790565681152,1.6651861831098633,-1.3195036943124285,0.5074238204906945,-4.193699328840543e-05,0.0011322644912826344,0.00117420148457104,Q2
77160,Marques Johnson,666.0,54.0,1831.4736390159471,1841.7889658610643,118.00564782824954,126.27318874320281,0.17718565739977407,2.3383923841333853,-0.1998921415171595,-0.5988328102208136,9.674485814329063e-05,0.001269631009565828,0.0011728861514225374,Q1
76003,Kareem Abdul-Jabbar,994.0,179.0,1914.6880477399877,1898.0934240339643,-338.6678586556655,337.9556188749791,-0.3407121314443315,1.8880202171786542,-0.963617370833973,0.678242918538648,-0.00017794654948961156,0.000994692986800459,0.0011726395362900706,Q2
2407,Jared Jeffries,627.0,25.0,1421.6822228909618,1483.1736195099231,-118.43232425150306,38.478531612896276,-0.18888727950797937,1.539141264515851,-1.0421253847952492,0.0908488975654788,-0.00013286181431169684,0.001037735059651628,0.0011705968739633248,Q2
965,Derek Fisher,1287.0,257.0,1568.5462432133074,1554.8132043723965,-375.75814614182815,388.13128659965935,-0.291964371516572,1.5102384692593749,-1.1035280225724082,-0.2228761401854966,-0.0001861369231413011,0.0009713311316191102,0.0011574680547604113,Q2
201202,Joel Anthony,476.0,65.0,1437.9697423820394,1454.4590685137691,-156.2319806495078,87.68359642532769,-0.32821844674266343,1.3489784065435029,-0.7741176061323622,-0.5430106522495187,-0.00022825128865295864,0.0009274777377695124,0.001155729026422471,Q2
1628997,Caleb Martin,368.0,50.0,1529.5785173735578,1557.0834735253072,-83.04364141567245,78.35491797901592,-0.22566206906432731,1.5670983595803185,-1.6435748055376103,-1.6320155939529042,-0.00014753219040485223,0.0010064318234862112,0.0011539640138910634,Q2
101177,Fabricio Oberto,324.0,44.0,1459.790800637074,1507.1820145691167,-123.86774055492543,58.97704972045617,-0.38230784121890565,1.3403874936467313,-1.1734768844482746,-0.9683677701734599,-0.0002618922115772075,0.0008893335248761777,0.0011512257364533853,Q2
201175,Glen Davis,513.0,96.0,1558.697112183564,1569.4963257403208,-129.24121342393855,147.858506493083,-0.2519321899102116,1.5401927759696148,-1.1468744122846024,-1.3661256293678319,-0.00016162998438951502,0.0009813293288489326,0.0011429593132384476,Q2
166,Ron Harper,1008.0,112.0,1742.3488672063932,1621.084514750248,-63.200258114031016,200.76880860060913,-0.06269866876391966,1.7925786482197243,-1.0441945409380942,-0.32078997047783175,-3.5985140487075934e-05,0.0011057897548888112,0.001141774895375887,Q2
202692,Alec Burks,791.0,30.0,1555.861396500695,1522.4785505737455,12.640265565696875,52.59753290316204,0.01598010817407949,1.753251096772068,-1.1995388078180953,-0.3803367920135635,1.027090729933947e-05,0.0011515768784468958,0.0011413059711475563,Q1
201572,Brook Lopez,1179.0,90.0,1712.996518894509,1675.1953417554068,-25.1475401822448,169.63958323299818,-0.021329550621072772,1.8848842581444243,-0.9647715686461266,0.26181771176278823,-1.2451601848460209e-05,0.0011251728148726156,0.0011376244167210759,Q2
77081,Jay Humphries,710.0,41.0,1640.4579448039012,1562.3775377319548,-19.35075031947496,70.65086686128357,-0.027254577914753466,1.723191874665453,-1.1491859120226942,-0.6549750273841526,-1.6614005864082942e-05,0.001102929242804493,0.001119543248668576,Q2
201573,Jerryd Bayless,585.0,30.0,1523.267861200978,1566.9175191254035,-29.99202442729641,50.80914279043396,-0.051268417824438306,1.6936380930144652,-1.5357609321149512,-0.46783009066665815,-3.3656863070699304e-05,0.0010808725235006578,0.0011145293865713571,Q2
76631,Mark Eaton,853.0,74.0,1535.1855968013133,1514.7489043981104,-73.79986191991144,118.51681575258681,-0.08651800928477307,1.601578591251173,-0.972970871623752,0.3273596591311463,-5.635670987601794e-05,0.0010573228253217088,0.0011136795351977269,Q2
1628369,Jayson Tatum,601.0,128.0,1950.271516971756,2008.7155576381324,277.91885584551295,347.2579398905976,0.46242738077456397,2.7129526553952936,0.1951624125422266,3.4374619819186525,0.00023710923158668112,0.0013505907519256784,0.0011134815203389973,Q1
77697,Ed Nealy,520.0,33.0,1307.01865863714,1293.0836170551283,-176.44308332575196,36.30805316128494,-0.33931362178029223,1.1002440351904528,-0.656109404705954,-0.0743353066978486,-0.00025960885832655424,0.0008508684362548426,0.001110477294581397,Q2
202695,Kawhi Leonard,797.0,147.0,2038.383343222885,2027.0680284328005,222.11182517993737,371.07614080623773,0.27868484966115104,2.5243274884778075,-0.2366641366563138,2.7742263154554583,0.00013671856698972178,0.001245309704987778,0.0011085911379980563,Q1
84,Latrell Sprewell,913.0,62.0,1767.4548279789112,1801.1763143047192,99.86529705921342,129.95220929858706,0.10938148637372773,2.0960033757836625,-1.1180558035530257,-0.26731981913756225,6.188643955263384e-05,0.00116368584193422,0.0011017994023815863,Q1
1460,James Worthy,906.0,142.0,1791.2793799459232,1825.029695556497,-184.44542004133774,255.723992374236,-0.20358214132597985,1.8008731857340563,-0.8042767435781819,1.506072001774207,-0.00011365180864870212,0.0009867637716354666,0.0011004155802841686,Q2
2202,Jason Richardson,857.0,37.0,1733.4762397577622,1771.620707509515,69.69743130233304,74.92424446795215,0.08132722439012023,2.024979580214923,-0.9659890825282768,-0.4177888682244536,4.69156845215744e-05,0.0011430096586879318,0.0010960939741663574,Q1
1627750,Jamal Murray,611.0,85.0,1825.1550823475357,1878.0635545297407,278.7188061089951,214.81666412968542,0.4561682587708594,2.527254872113946,-0.5143969037465421,1.4788414692821163,0.0002499339717390648,0.0013456705796874697,0.0010957366079484049,Q1
202335,Patrick Patterson,718.0,49.0,1509.196989954089,1519.6479668157344,-123.07851769781095,73.01564669209098,-0.171418548325642,1.4901152386141017,-0.763115283412,-0.5202416575018466,-0.00011358262007324615,0.0009805660726388392,0.0010941486927120853,Q2
76942,Bob Hansen,564.0,49.0,1473.5932438771113,1458.690493515704,-113.41208472719387,68.13263592689505,-0.20108525660849977,1.3904619576917356,-1.1033980576783706,-0.613075203920364,-0.00013645913310475862,0.0009532261736624296,0.0010896853067671882,Q2
1629655,Daniel Gafford,433.0,31.0,1610.305242824213,1682.8433629907972,138.55412231231278,67.14105703090408,0.3199864256635399,2.1658405493840025,-0.7878383860465499,0.3999540382124961,0.00019871165860600184,0.0012870125627942037,0.001088300904188202,Q1
470,Doc Rivers,852.0,81.0,1696.082330377727,1688.7157472562328,-128.45747515496367,136.425271957885,-0.1507716844541827,1.6842626167640125,-1.0405873887626673,-0.1167138528661211,-8.889408359121637e-05,0.0009973630076586567,0.001086257091249873,Q2
2457,Jannero Pargo,486.0,38.0,1441.245672445527,1443.7400792549292,-88.2375421021497,52.40547507280634,-0.1815587286052463,1.3790914492843773,-1.1156259365959729,-0.8707041943490736,-0.00012597347702503404,0.0009552214204623902,0.0010811948974874242,Q2
760,Jerome Kersey,1129.0,126.0,1544.2840754331285,1698.5994632501106,-220.38943630089904,203.93150372615935,-0.19520764951363953,1.6185039978266615,-0.8357736150520731,-0.29910423106911976,-0.00012640656768987872,0.0009528461728875188,0.0010792527405773975,Q2
1627780,Gary Payton II,331.0,38.0,1468.3155473433092,1520.1318826214813,-4.399416218208355,61.12267780348364,-0.013291287668303188,1.6084915211443063,-1.0607651338939383,-0.9428438086820895,-9.052064927291498e-06,0.0010581262978120345,0.001067178362739326,Q2
120,Steven Smith,933.0,85.0,1741.354125040271,1803.741656738408,-150.74371501441524,149.36700817236317,-0.1615688263820099,1.757258919674861,-1.0123122763498744,-1.4910700338361125,-9.278344023118986e-05,0.0009742298256017445,0.0010670132658329343,Q2
1629661,Cameron Johnson,394.0,44.0,1635.1322095003788,1602.1957049190337,146.74521707687455,91.25371234576947,0.3724497895352146,2.073948007858397,-0.4331581986204849,0.06997386369299584,0.00022777961767936683,0.001294441123197995,0.001066661505518628,Q1
203084,Harrison Barnes,1068.0,93.0,1647.700166903503,1590.838285689002,-76.64787584151767,151.27039987168035,-0.07176767400891168,1.6265634394804338,-0.7055448801990875,-0.1869765960260188,-4.35562704006904e-05,0.0010224568104205255,0.001066013080821216,Q2
76726,Sleepy Floyd,936.0,36.0,1665.6137358344263,1725.1744309462774,-137.25503253587033,60.62285199448178,-0.14663999202550249,1.683968110957827,-1.417533872201098,-2.8313904323194365,-8.803961499035064e-05,0.0009761146935351643,0.001064154308525515,Q2
202687,Bismack Biyombo,887.0,49.0,1451.1333711812872,1441.511869894608,-128.1538858485269,68.08334839298331,-0.14448014188109007,1.3894560896527206,-1.0118419145646602,-0.7418801409338749,-9.956365469252271e-05,0.0009638880668768316,0.0010634517215693544,Q2
766,David Wingate,721.0,58.0,1422.7103415172814,1401.4903972950472,-153.49432086529993,72.63050880337349,-0.21289087498654635,1.2522501517823015,-0.7623012413235366,-0.0112229990929328,-0.000149637539542662,0.0008935131872463861,0.001043150726789048,Q2
738,Bob Thornton,283.0,16.0,1288.2826062459735,1256.1510397955103,-193.78595428888408,10.27427567507383,-0.6847560222222052,0.6421422296921144,-0.6168871852726999,0.18316215630639368,-0.0005315262496771332,0.0005111982630660794,0.0010427245127432126,Q2
77175,Caldwell Jones,1050.0,119.0,1383.117518095422,1425.9670380270447,-163.37281678317348,157.3001094858978,-0.1555931588411176,1.3218496595453595,-0.9605107663763296,-0.1639176216113141,-0.00011249453268104956,0.0009269847228546452,0.0010394792555356949,Q2
77133,Charlie Johnson,232.0,49.0,1262.6237965442328,1346.98828204951,-89.44588058118471,48.24647361246772,-0.3855425887120031,0.9846219104585249,-1.454506375995329,-2.4651639166458814,-0.0003053503266509175,0.0007309803088712646,0.001036330635522182,Q2
77152,John Johnson,407.0,73.0,1436.616006187814,1430.1674206181913,-104.25746431014812,89.57172590496842,-0.2561608459708799,1.227009943903677,-0.879868733667797,-0.6348589532760269,-0.0001783085005788186,0.0008579484654833633,0.0010362569660621818,Q2
203500,Steven Adams,795.0,72.0,1600.2462501615848,1609.5662748122077,2.9606840234995637,120.17187200034212,0.0037241308471692627,1.6690537777825294,-0.757553158130831,-1.9325966980329778,2.3272236049878064e-06,0.0010369587160847181,0.0010346314924797304,Q1
164,Chris Childs,540.0,73.0,1507.1642513024512,1523.2974995939658,-41.00369098773757,108.58378634164836,-0.07593276108840291,1.4874491279677857,-1.2646322232418816,-1.0005804988803657,-5.0381211618298295e-05,0.0009764665985234431,0.0010268478101417415,Q2
1629312,Haywood Highsmith,223.0,41.0,1460.8586622267626,1442.5952243266474,-30.64912601395947,55.141912297661605,-0.1374400269684281,1.3449246901868683,-1.290049828549276,-1.500355045272328,-9.408167300656626e-05,0.0009322952603108968,0.001026376933317463,Q2
356,Chris Morris,740.0,69.0,1630.9688750402615,1500.6193695463603,-64.58952585574299,100.14093472008281,-0.08728314304830134,1.4513178944939538,-1.2359445018590791,-0.879322253857132,-5.351613043268327e-05,0.0009671459158445286,0.0010206620462772118,Q2
1853,Anthony Carter,599.0,39.0,1475.9513127333855,1459.4300274302711,-102.21384558146916,51.08837344666993,-0.17064081065353784,1.309958293504357,-0.8701777166295478,-1.2249000039348708,-0.00011561411896271828,0.0008975821169110106,0.0010131962358737288,Q2
76444,Michael Cooper,854.0,167.0,1545.9859690473818,1549.878509990615,-180.79552849184745,225.09364039686815,-0.21170436591551223,1.347866110160887,-0.9830810604379684,0.8350395036308833,-0.00013693809009532082,0.0008696592032681639,0.0010065972933634847,Q2
1627752,Taurean Prince,607.0,29.0,1491.46588925344,1477.7477607121612,-19.87933882996326,42.14814144147623,-0.03275014634260834,1.4533841876371112,-0.984918609851306,0.8023686209315,-2.1958360951185796e-05,0.0009835130367152045,0.0010054713976663902,Q2
1626192,Pat Connaughton,628.0,83.0,1468.7061680592906,1479.4536504962582,-146.1804401132855,103.30229474956356,-0.23277140145427627,1.2446059608381153,-0.909905594275114,-0.402798256893695,-0.00015848738605207482,0.0008412605291288665,0.0009997479151809413,Q2
77273,Reggie King,425.0,23.0,1482.1941400513583,1675.1792877074,-76.60012968118782,33.562504438958285,-0.1802355992498537,1.459239323432969,-1.309642867190648,-3.616925055870857,-0.00012160053422125153,0.0008710944160669752,0.0009926949502882267,Q2
1630,Mikki Moore,560.0,25.0,1442.2568364015278,1530.8198750277006,-92.43884370993723,33.391131736814884,-0.16506936376774506,1.3356452694725953,-1.1032981958963197,-0.0809927521753797,-0.00011445212780519582,0.0008725032195237382,0.0009869553473289341,Q2
201950,Jrue Holiday,1089.0,103.0,1762.2334162365382,1790.048524312778,89.49938651693749,187.65502223600987,0.08218492793107207,1.8218934197670862,-0.5026692032407654,0.0002723563746813,4.663680030911449e-05,0.0010177899621277215,0.000971153161818607,Q1
893,Michael Jordan,1060.0,179.0,2181.1196168735887,2207.2879890404674,54.85314781111651,393.00487736034563,0.05174825265199671,2.195557974080143,0.0357083428419765,2.6816885729632096,2.372554547291291e-05,0.000994685779554564,0.0009709602340816512,Q1
2419,Tayshaun Prince,1012.0,140.0,1671.729333303006,1772.2185635960675,-243.61672322362267,202.11662031514373,-0.24072798737512122,1.4436901451081696,-1.1279891014093932,-1.6617781683820527,-0.00014399937991127452,0.0008146230802247834,0.000958622460136058,Q2
1731,Tyronn Lue,550.0,19.0,1524.1551390387112,1429.980091903332,-21.137971749935183,25.239445889660246,-0.038432675908973056,1.3283918889294866,-1.2060008723010232,-0.8926613841968827,-2.5215724386962766e-05,0.0009289583095953248,0.0009541740339822875,Q2
202699,Tobias Harris,1032.0,82.0,1756.747681588034,1765.0168409100647,172.8259490586878,151.81472214443548,0.16746700490182925,1.851399050541896,-0.4737519841428267,2.2126518150455774,9.532786447194588e-05,0.0010489412948531934,0.0009536134303812474,Q1
213,Antonio Davis,902.0,93.0,1595.422026922491,1617.3204234386922,-122.32523993137404,130.09117256966923,-0.13561556533411756,1.3988298125770884,-1.0378479558338314,-0.6472698635379179,-8.500294157008404e-05,0.0008649057986932136,0.0009499087402632977,Q2
1088,Chucky Atkins,695.0,36.0,1572.8389679039694,1539.350311690868,-56.9502798384497,49.73826648975224,-0.08194284868841684,1.381618513604229,-1.402284845735679,-1.6866560484997817,-5.209868928770075e-05,0.000897533526391805,0.0009496322156795058,Q2
76054,Nate Archibald,442.0,41.0,1695.3559996188085,1731.9060882850058,-71.04421057524202,60.5843572640566,-0.16073350808878284,1.4776672503428439,-1.5387826565725118,-1.0769582409356149,-9.480811589124814e-05,0.0008532028730299585,0.0009480109889212066,Q2
203090,Maurice Harkless,619.0,33.0,1505.442144117969,1537.1142701129245,-70.2822202330708,44.037345492869214,-0.11354155126505784,1.3344650149354307,-1.3090998921035832,0.3907594552247792,-7.542073384134019e-05,0.0008681625308425468,0.000943583264683887,Q2
201569,Eric Gordon,931.0,64.0,1645.4607694662798,1637.6814733767615,-32.91241996036196,95.86124353266418,-0.03535168631617826,1.4978319301978777,-0.9657502104189286,0.12581000331570674,-2.148436898173203e-05,0.0009146051625713725,0.0009360895315531045,Q2
76539,Darryl Dawkins,671.0,109.0,1563.7182274661443,1563.9808335847945,-139.25260579546034,136.43050272473096,-0.2075299639276607,1.251655988300284,-1.147105552484614,-3.0446956690216904,-0.0001327157030483319,0.0008003013601076991,0.0009330170631560309,Q2
78351,Andrew Toney,462.0,72.0,1692.7181299116596,1691.9399175631834,-18.880885765876684,110.14660187656641,-0.04086771810795819,1.5298139149523111,-1.7610560803410307,-3.700941373055543,-2.4143250660457576e-05,0.0009041774468892641,0.0009283206975497217,Q2
203490,Otto Porter Jr.,521.0,49.0,1669.9579900208828,1576.4428890937036,19.25108838034535,73.15526646525613,0.036950265605269386,1.492964621739921,-1.2178476052239784,-0.9070032804424412,2.2126464154231402e-05,0.0009470464373106633,0.0009249199731564319,Q1
895,Tyrone Corbin,1052.0,80.0,1550.6419121177937,1564.5713489680365,-99.97136713769156,107.8299058252651,-0.09502981667080947,1.3478738228158138,-1.1886317884840218,-0.6790920172162584,-6.12841791055565e-05,0.0008614971913584174,0.0009227813704639739,Q2
937,Scottie Pippen,1178.0,208.0,1834.9355963040662,1915.7129889155678,-159.03770099493858,331.4717813668619,-0.1350065373471465,1.5936143334945283,-0.761136925042628,1.186731929929649,-7.3575627187721e-05,0.0008318648684407727,0.0009054404956284937,Q2
203546,Ian Clark,326.0,41.0,1412.9106879630085,1444.3230332722155,-62.62423415297141,45.326048863064784,-0.19209887776985096,1.1055133869040192,-0.8691220694899937,-0.4743844407737967,-0.00013595967487994563,0.0007654197582097689,0.0009013794330897145,Q2
731,Greg Ostertag,754.0,89.0,1518.6117264338836,1539.9402637534786,-112.96008783598877,109.66666242633954,-0.14981444010078088,1.2322096901835904,-1.0709099512414948,-1.9881744553509144,-9.865223446719078e-05,0.0008001672007589307,0.0008988194352261214,Q2
281,Scott Williams,743.0,93.0,1432.989243111544,1479.7546571058342,-168.54944547841288,101.87151699788286,-0.2268498593249164,1.0953926558912135,-0.8009498358199058,-0.2542106262227243,-0.00015830534696292787,0.000740252886268071,0.0008985582332309989,Q2
77623,Paul Mokeski,679.0,68.0,1295.207949280066,1313.068049538983,-247.9577909942761,54.39233902512592,-0.3651808409341327,0.799887338604793,-0.6439033274154198,-0.3131440955543183,-0.0002819476526044458,0.0006091743218378002,0.000891121974442246,Q2
77264,Bernard King,860.0,28.0,1762.9177814739353,1859.8026300895706,239.31089470268842,54.313058555633056,0.2782684822124284,1.9397520912726092,-0.8091203228540973,-1.482423524729543,0.0001578454112475821,0.0010429881428757782,0.0008851427316281961,Q1
1627827,Dorian Finney-Smith,624.0,44.0,1517.3881820843833,1574.7546109381133,-38.706496630456066,58.27078090048574,-0.062029642035987285,1.324335929556494,-0.7257058423982747,-0.4415211839606393,-4.0879217835201096e-05,0.0008409792359760485,0.0008818584538112497,Q2
202697,Iman Shumpert,460.0,79.0,1516.6170934374172,1494.3268378380944,-112.32810621453372,84.33571103146312,-0.24419153524898635,1.0675406459678876,-1.2337908625074494,-1.6180251549702582,-0.00016101067059420086,0.0007143956856937292,0.00087540635628793,Q2
76996,Tom Henderson,480.0,80.0,1455.1038179849684,1486.5017475602358,-99.99759021609304,86.50991385398598,-0.20832831295019386,1.0813739231748247,-1.2933207298123115,0.2062850515845329,-0.00014317075549886705,0.0007274622616150039,0.0008706330171138709,Q2
202684,Tristan Thompson,816.0,106.0,1634.6090231830335,1629.0939421117828,-185.06955157663558,126.3697727144901,-0.2268009210497985,1.1921676671178312,-1.1587739906555214,-0.4781571065090615,-0.0001387493387306493,0.0007317979867830291,0.0008705473255136783,Q2
375,Isaiah Rider,563.0,21.0,1712.4764712539047,1720.204350417714,116.95561288258618,35.75699288915233,0.2077364349601886,1.702713947102492,-1.6971787342465237,0.5456223561744991,0.00012130761411751275,0.0009898323688630512,0.0008685247547455384,Q1
1902,Jeff Foster,760.0,52.0,1501.956775304122,1543.3691534570835,-68.75392848888833,64.29328471662382,-0.09046569538011623,1.236409321473535,-1.0049901382545932,-1.6826336399004815,-6.023189007007102e-05,0.0008011105565405586,0.0008613424466106296,Q2
78537,Jeff Wilkins,429.0,24.0,1423.405602897789,1422.1792651657374,-97.87764363704487,23.616189038149855,-0.22815301547096706,0.9840078765895773,-1.2820425526712642,-0.8644971255726213,-0.00016028672010738888,0.000691901436542814,0.0008521881566502029,Q2
916,Corie Blount,642.0,36.0,1397.3360287278772,1398.1311846105818,-110.8804279279324,36.608263995406624,-0.17271094692824362,1.0168962220946285,-0.826265447189108,-0.1935103542093925,-0.00012360015298931224,0.000727325327757325,0.0008509254807466373,Q2
76462,Dave Cowens,301.0,18.0,1653.8054011794936,1589.1551712551573,-43.65988222996312,21.80085566924776,-0.14504944262446218,1.2111586482915422,-1.5653131124784625,-5.120753985228006,-8.77064753332e-05,0.0007621399534791411,0.0008498464288123411,Q2
2733,Shaun Livingston,832.0,126.0,1503.3355818654554,1513.4784857917816,-152.37592845818392,138.46865564301277,-0.18314414478147106,1.0989575844683552,-0.8951539606834573,-0.3500323363048804,-0.00012182519125517644,0.0007261137801330764,0.0008479389713882528,Q2
927,John Salley,745.0,130.0,1548.9150494946014,1565.9478637513516,-178.18246303172492,140.74140682047388,-0.23917109131775158,1.0826262063113377,-1.2409108219414902,-0.6508215391710279,-0.0001544120133610886,0.0006913552049669273,0.0008457672183280159,Q2
932,Oliver Miller,487.0,48.0,1562.3635366871365,1611.3702675179356,-26.813143112988506,62.50732624896085,-0.05505778873303595,1.3022359635200178,-1.1712136564117055,-2.7691712871495406,-3.524006253357747e-05,0.0008081543949088182,0.0008433944574423956,Q2
77136,Clemon Johnson,754.0,65.0,1357.8616668911027,1353.8562449330404,-194.4619477347449,57.3969334466932,-0.2579070924863991,0.8830297453337415,-0.7567484061324764,-0.9384938461355056,-0.00018993620541398097,0.0006522330185635142,0.0008421692239774952,Q2
76981,Spencer Haywood,353.0,24.0,1531.007370366319,1518.815956716747,-24.403214184104762,28.902466525846634,-0.06913091836856873,1.204269438576943,-1.4572521146093005,-1.2950182116203228,-4.515387692224369e-05,0.0007929001754631515,0.0008380540523853953,Q2
122,Fred Roberts,797.0,67.0,1450.8552861299456,1410.1980519763674,-84.32741419219293,72.15474253280154,-0.10580604039171009,1.0769364557134558,-0.9779923320926184,-0.8811982159285618,-7.292666705163977e-05,0.0007636774524004969,0.0008366041194521367,Q2
891,Charles Oakley,1278.0,144.0,1652.9354122923364,1680.512768901119,-222.23830654107968,176.96665878161855,-0.1738953885297963,1.2289351304279066,-0.9897246864891773,-0.67479805446288,-0.0001052039827065193,0.000731285803458371,0.0008364897861648903,Q2
203484,Kentavious Caldwell-Pope,962.0,69.0,1583.5954058324842,1573.6564991951836,-41.852039358700985,87.35719663764479,-0.043505238418608094,1.2660463280818086,-1.0184332434012224,0.7959493739919266,-2.7472445460737945e-05,0.0008045252116515286,0.0008319976571122665,Q2
77182,Dwight Jones,529.0,27.0,1339.3701449501798,1315.0942018688788,-42.36227207798371,27.075412359848283,-0.08007990941017715,1.0027930503647513,-1.0413898974970364,-1.6728997733679292,-5.97892298197791e-05,0.0007625256418435145,0.0008223148716632936,Q2
1629652,Luguentz Dort,432.0,56.0,1555.1596262702046,1543.9709407597275,-25.525484651962795,67.27049992080019,-0.05908677002769166,1.2012589271571463,-1.1604597272463937,-0.3137690649290237,-3.7994022626089894e-05,0.0007780320830170896,0.0008160261056431795,Q2
1899,James Posey,863.0,65.0,1571.2992150059304,1572.887811408327,-114.40941249498991,73.15492495163325,-0.1325717410138933,1.1254603838712807,-1.3371139619994132,0.9343499323288352,-8.437078040123182e-05,0.0007155376090450912,0.0007999083894463231,Q2
101131,Jason Maxiell,614.0,35.0,1466.1320826115,1526.8672984023788,-86.33757868361177,37.23376330006943,-0.14061494899611038,1.0638218085734121,-1.1039716456305766,-1.882976344850301,-9.590878657101929e-05,0.0006967349485358228,0.000792643735106842,Q2
2563,Dahntay Jones,601.0,62.0,1399.9645789489407,1380.8267156584548,-168.18622028240048,50.558068702119805,-0.27984396053644006,0.8154527210019323,-1.0349770830283824,-0.3591023220709809,-0.00019989360069848345,0.0005905539860684686,0.000790447586766952,Q2
1628380,Zach Collins,388.0,23.0,1466.2112242877402,1446.8641366955876,35.049593329543924,28.281442646616803,0.09033400342665959,1.2296279411572524,-0.7132333575669159,-0.4443204602328428,6.161049781251148e-05,0.0008498572256863946,0.0007882467278738831,Q1
201188,Marc Gasol,891.0,99.0,1824.05104028834,1805.7619964161104,-39.66388434871865,135.4149129304828,-0.044516144050189284,1.3678274033382103,-0.4506705959804133,-0.3543710077124472,-2.4405097810833364e-05,0.0007574793389455159,0.0007818844367563492,Q2
78534,Eddielee Wilkins,314.0,15.0,1312.7509375201723,1317.8814178998286,-154.17314288320526,7.998685342840683,-0.4909972703286792,0.5332456895227122,-0.6860154520307766,-1.148435332814122,-0.0003740216489627411,0.0004046234223201134,0.0007786450712828545,Q2
101112,Channing Frye,888.0,49.0,1508.9545344748049,1508.9664964911844,-74.2038129869453,53.22843689506611,-0.08356285246277623,1.0862946305115533,-1.1629041078094142,-0.5745046262198881,-5.537797896068517e-05,0.0007198931407937323,0.0007752711197544175,Q2
202331,Paul George,945.0,127.0,1921.4393168997035,1900.981398819302,134.91246580712672,204.62937314009616,0.14276451408161558,1.6112549066149304,-0.3884397311940528,3.001605142408268,7.430081857176222e-05,0.000847591095639168,0.0007732902770674057,Q1
203967,Dario Saric,496.0,26.0,1569.2165214089168,1519.0334737107958,-19.05520822951579,29.40994142062313,-0.03841775852724958,1.1311515931008898,-1.1586055620573075,-1.4080488449684008,-2.448212722917058e-05,0.0007446521835609307,0.0007691343107901013,Q2
239,Darrick Martin,492.0,25.0,1461.0426004372293,1388.5121199235944,-108.21673046236846,21.055816527915223,-0.21995270419180582,0.8422326611166089,-1.1337477643971563,-0.9950500042248928,-0.0001505450314220702,0.0006065720630245233,0.0007571170944465935,Q2
2544,LeBron James,1621.0,305.0,2139.989025724368,2169.182378378405,10.15077157299398,500.19900175020894,0.0062620429197988775,1.6399967270498654,-0.0635060768560235,2.9237964167483863,2.9262032863365875e-06,0.0007560437256897976,0.0007531175224034611,Q1
2484,Devin Brown,460.0,32.0,1511.55834404826,1518.3573872440843,-7.463270995263047,36.040484828440526,-0.016224502163615317,1.1262651508887664,-1.22795181799665,-1.7079966910425024,-1.073362614648589e-05,0.0007417655160442889,0.0007524991421907748,Q2
2554,Mickael Pietrus,549.0,69.0,1506.9021947732815,1498.818021662532,-82.38208619060514,66.83510453017958,-0.1500584447916305,0.9686247033359359,-1.5566601428523947,-0.3894477435337996,-9.958074605778068e-05,0.0006462590450183603,0.000745839791076141,Q2
317,John Starks,865.0,96.0,1645.2502438785843,1727.2526126891878,-98.6942777580355,111.01917761596364,-0.11409743093414508,1.1564497668329545,-1.195647937835321,-0.6187492124925298,-6.934959065264554e-05,0.0006695313461025594,0.0007388809367552049,Q2
1628971,Bruce Brown,538.0,47.0,1527.3026827081903,1611.2757387166832,-0.0005303177275128301,55.270341646741684,-9.857206831093497e-07,1.175964715888121,-0.8991773105009297,-0.6198509811599202,-6.453996933741284e-10,0.0007298345575691036,0.0007298352029687969,Q2
203952,Andrew Wiggins,834.0,50.0,1720.8936064452091,1721.0137170370085,194.58733137766677,73.86069841201507,0.23331814313868918,1.4772139682403014,-0.6375997857760394,0.5506594278678516,0.00013557964435735598,0.0008583394505324187,0.0007227598061750628,Q1
247,Joe Dumars,1017.0,112.0,1723.8079458829789,1761.6328800162742,72.59317353785113,150.55019390163673,0.07137971832630396,1.3441981598360422,-0.3981003695976202,-0.1621458115039326,4.140816179481145e-05,0.0007630410257917213,0.0007216328639969099,Q1
157,Derek Harper,1173.0,97.0,1708.1877492823553,1648.3209026343138,-10.277147362188227,114.29528827203586,-0.00876142145114086,1.1783019409488233,-0.8590971019041924,-0.136011947157776,-5.1290740463521716e-06,0.0007148498445088481,0.0007199789185552002,Q2
202710,Jimmy Butler III,900.0,132.0,1977.4814265687905,1996.7600340765007,319.37813011034206,235.47656716487802,0.35486458901149115,1.7839133876127122,-0.1117807624684545,0.2780874270564749,0.00017945280509017538,0.0008934039930530612,0.0007139511879628858,Q1
77950,Clint Richardson,578.0,72.0,1414.3528201144536,1398.5648523898044,-51.19718293909264,65.05551679691071,-0.08857644107109454,0.9035488444015376,-0.8956661747345316,-0.3978668826347404,-6.26268352644333e-05,0.0006460543054958046,0.000708681140760238,Q2
77756,Mark Olberding,783.0,47.0,1429.4045592529972,1417.2019218951364,-54.13965828994292,43.63630917648334,-0.06914388031921191,0.9284321101379434,-0.9590955184341337,-1.1757563079585096,-4.837250579034554e-05,0.0006551163216716561,0.0007034888274620016,Q2
201584,Courtney Lee,811.0,50.0,1567.7696251883654,1582.796753458102,-5.781554865426625,55.30056703316015,-0.007128920919145037,1.106011340663203,-1.1687268191717202,-2.256968022036445,-4.5471737713304065e-06,0.0006987702863597515,0.0007033174601310819,Q2
2772,Trevor Ariza,1115.0,106.0,1626.3682988800608,1619.1668969826528,-40.776185969017575,115.80921574682513,-0.03657057037580052,1.0925397711964635,-0.97925837804514,-1.2004732880779216,-2.248603246938809e-05,0.000674754266056471,0.0006972402985258591,Q2
101138,Brandon Bass,755.0,59.0,1576.03835052987,1615.733134634732,10.436274028477682,66.9224224420702,0.01382287950791746,1.1342783464757662,-0.7952096826073575,-0.8862652993404485,8.770649206137754e-06,0.0007020208487165747,0.0006932501995104369,Q1
78195,Larry Smith,864.0,31.0,1513.0788185441568,1450.294289393991,-108.88214290503164,27.253356906613035,-0.1260209987326755,0.8791405453746141,-0.864269792501212,-0.4769446501038106,-8.328779518170076e-05,0.0006061807950315829,0.0006894685902132837,Q2
78151,Paul Silas,326.0,60.0,1320.4041082661895,1314.2289539450885,-66.4779153970411,41.9560139726948,-0.20391998588049418,0.6992668995449133,-0.655090927349973,-0.9063889730172643,-0.00015443755786874946,0.0005320738806170985,0.000686511438485848,Q2
3,Grant Long,1003.0,41.0,1609.570482809764,1643.2163227241765,-89.49537797918317,42.1966983661452,-0.08922769489449968,1.0291877650279317,-1.391879404622237,-2.1105682145089832,-5.543571769453575e-05,0.0006263251836019444,0.0006817609012964802,Q2
201976,Patrick Beverley,665.0,73.0,1570.940839997157,1574.2766301338047,10.371509575104003,79.4003365070949,0.015596255000156396,1.0876758425629438,-0.5621441759836067,-2.246307099935497,9.92797093503828e-06,0.000690905157164467,0.0006809771862294287,Q1
101127,Jarrett Jack,867.0,24.0,1606.6814860301845,1653.9027472140006,94.1317686529979,29.7038793439841,0.1085718208223736,1.2376616393326707,-1.4159074569449692,-2.1280833773189647,6.757519879726422e-05,0.0007483279421462429,0.0006807527433489787,Q1
128,David Benoit,477.0,57.0,1473.0555373660643,1488.5341735776085,-58.302276795234064,50.5027907655323,-0.12222699537784919,0.8860138730795141,-0.7652461055621015,-0.3932409175497425,-8.297514403048263e-05,0.0005952257521572577,0.0006782008961877403,Q2
2545,Darko Milicic,458.0,18.0,1450.735823741437,1363.7007016776029,4.851588808866998,16.793206165118622,0.010592988665648466,0.9329558980621457,-0.9102891422835729,-0.0188923256428744,7.301804017170561e-06,0.0006841353802300154,0.0006768335762128449,Q1
1114,Jaren Jackson,430.0,37.0,1397.3938191075345,1493.093794366142,-5.818911206327247,36.78907784632765,-0.013532351642621504,0.9942994012520987,-0.7962914393427071,-0.9888169754473988,-9.683992771103092e-06,0.0006659323111541062,0.0006756163039252093,Q2
203143,Pablo Prigioni,269.0,33.0,1474.6093005424016,1448.5072124881908,-42.612585329371996,26.985459772324948,-0.1584110978787063,0.8177412052219681,-0.9405366516370488,-1.3257698319052995,-0.00010742580954862984,0.0005645406513491108,0.0006719664608977406,Q2
201162,Jared Dudley,902.0,41.0,1512.6147228206823,1503.4623296163077,-130.8788738288673,35.40107725171943,-0.14509852974375534,0.8634409085785226,-1.1990623321196567,-0.7366871139352712,-9.592563628706428e-05,0.0005743016579596496,0.0006702272942467138,Q2
201588,George Hill,913.0,144.0,1658.3884209931823,1680.5351525114625,-145.78721754425598,137.93057617079668,-0.15967931823029133,0.9578512234083103,-1.1487317992878134,0.03041632271840895,-9.628583762943903e-05,0.0005699679783412189,0.0006662538159706579,Q2
9,Sedale Threatt,944.0,70.0,1526.1409097586668,1483.0912767512773,-26.46545889088629,66.64081991358606,-0.028035443740345646,0.9520117130512293,-0.923216635274628,-1.3959765150025776,-1.8370154132608222e-05,0.0006419103988910367,0.000660280553023645,Q2
359,Chucky Brown,694.0,40.0,1433.864684824548,1431.7355350249036,-58.86585992528616,34.34820827185344,-0.08482112381165152,0.8587052067963359,-0.9405980565949934,-0.7077960972383589,-5.9155598648439054e-05,0.0005997652400108931,0.0006589208386593322,Q2
201601,Luc Mbah a Moute,682.0,32.0,1495.1692761601525,1483.5553495711106,8.506412612873394,31.668515996439282,0.01247274576667653,0.9896411248887276,-0.9973409122829013,-1.3312692880835124,8.342029204016718e-06,0.0006670739485215894,0.0006587319193175727,Q1
2217,Brendan Haywood,813.0,54.0,1540.1918222322668,1540.469239952911,-100.75341916636394,48.09409664077503,-0.12392794485407618,0.8906314192736117,-1.168035899593773,-0.5244115917758025,-8.046266904239371e-05,0.0005781559255937084,0.0006586185946361021,Q2
2738,Andre Iguodala,1231.0,177.0,1701.3545889750133,1613.3386263313423,-178.93727940473627,163.31472907070403,-0.14535928465047626,0.9226820851452205,-0.9273308641551324,-0.5106348974885564,-8.543738359564918e-05,0.0005719085070462591,0.0006573458906419084,Q2
77163,Reggie Johnson,303.0,19.0,1436.6689007686118,1403.2817295738953,-90.7380579191156,11.93049231199057,-0.2994655376868502,0.6279206479995036,-1.2735698568194225,-1.6306630917210168,-0.0002084443656618706,0.0004474658472110023,0.0006559102128728729,Q2
939,Pete Myers,375.0,24.0,1401.0239293932698,1436.2097554375823,-69.03376531131285,17.98118799737065,-0.18409004083016758,0.7492161665571104,-1.0185808815454895,-0.820098956996087,-0.000131396785570886,0.0005216620787601044,0.0006530588643309904,Q2
1629622,Max Strus,320.0,84.0,1577.2360403780367,1586.1579103899664,53.156599210565325,100.79628698338968,0.16611437253301664,1.1999557974213058,-1.4008311328946261,-0.6398109364523462,0.00010531991932748496,0.0007565172354915718,0.0006511973161640868,Q1
1622,Rodney McCray,751.0,46.0,1685.7450739036185,1672.9625904524241,-29.73610795612231,48.061994355962014,-0.039595350141308,1.0448259642600437,-1.071331254803475,-0.9400343739320033,-2.3488338037742854e-05,0.0006245363585670427,0.0006480246966047855,Q2
323,Greg Foster,651.0,67.0,1339.0314222502152,1353.963841815715,-164.70488025807663,41.631649159777226,-0.25300288826125444,0.6213678979071228,-0.5286395484766315,-0.6473790582299919,-0.00018894469842693326,0.0004589250308736795,0.0006478697293006128,Q2
330,Danny Manning,881.0,43.0,1683.4869003378867,1687.47380951105,-33.370457227280966,44.80448902742743,-0.037877931018480096,1.0419648611029635,-0.9093933116128964,-2.075699201971187,-2.249968859922685e-05,0.0006174702417484486,0.0006399699303476754,Q2
105,Dan Majerle,951.0,123.0,1638.1971421838266,1678.5875221300737,-69.21683992146738,122.75415316181545,-0.07278321758303616,0.9980012452180118,-0.890213029919219,-1.678168622162623,-4.4428851515398966e-05,0.000594548232999838,0.000638977084515237,Q2
2223,Samuel Dalembert,880.0,25.0,1585.121714872488,1567.3542186743696,45.96081364317862,26.31415934987714,0.05222819732179389,1.0525663739950857,-1.2372920925058337,-1.5677717672676914,3.294901384023705e-05,0.0006715561558798884,0.0006386071420396514,Q1
202389,Timofey Mozgov,449.0,39.0,1493.9569173196387,1617.8846993993648,-24.926818643458216,37.93436883232368,-0.05551629987407175,0.9726761239057353,-1.2063800126498476,-0.8164048696822819,-3.71605762056884e-05,0.0006012023750931316,0.00063836295129882,Q2
78087,Russ Schoene,288.0,21.0,1317.4729168610138,1305.5122510389974,-119.16305257825533,8.869678545920085,-0.41376059923005326,0.4223656450438136,-0.8879741567695506,-1.245291085343628,-0.0003140562465723178,0.0003235248422277708,0.0006375810888000886,Q2
202714,Shelvin Mack,452.0,28.0,1483.5919145758685,1476.2240478301005,29.20070575120348,27.896150938317625,0.0646033313079723,0.9962911049399151,-0.9529136914691188,-0.6529196379873651,4.354521662814616e-05,0.0006748915291038389,0.0006313463124756928,Q1
1477,Bruce Bowen,860.0,135.0,1497.53655642564,1517.237421714637,-133.28736304994734,107.34994597460555,-0.1549853058720318,0.7951847849970781,-0.9164632956101968,-0.6199521718120211,-0.00010349350418660553,0.0005241004299105911,0.0006275939340971966,Q2
202709,Cory Joseph,851.0,84.0,1493.283778909906,1498.6526717679203,-92.3732906358669,69.775517208701,-0.1085467575039564,0.8306609191512024,-0.8776523439144078,-0.8518984609994928,-7.268997295557266e-05,0.0005542718034668393,0.000626961776422412,Q2
1629684,Grant Williams,415.0,61.0,1470.0384749204402,1509.2823996501436,14.152020688222105,59.82381250342964,0.034101254670414714,0.9807182377611416,-0.6391404176691795,-1.5468686466938368,2.3197525270391515e-05,0.0006497910781895259,0.0006265935529191344,Q1
76082,John Bagley,648.0,19.0,1512.8755922335881,1534.333095612156,54.69052367465311,19.80933684750089,0.08439895628804492,1.0425966761842573,-1.1432857035428574,-1.5275369160151848,5.578710947635786e-05,0.0006795112998382469,0.0006237241903618891,Q1
2411,Bostjan Nachbar,307.0,17.0,1414.9371778036234,1497.302715367771,36.62897089443279,18.02244267984333,0.11931260877665403,1.0601436870496077,-0.7912199096986561,-0.882747859322011,8.432360860138005e-05,0.0007080356404678079,0.0006237120318664278,Q1
76686,Mike Evans,576.0,58.0,1387.7592026688342,1411.5158068875728,-37.99581485373095,47.09753526563452,-0.0659649563432829,0.8120264700971469,-0.8653546776698633,-0.8537358154809497,-4.7533431027821e-05,0.0005752868413763536,0.0006228202724041746,Q2
1629023,P.J. Washington,446.0,26.0,1607.057311641714,1656.38299222072,166.81243416976972,36.833877322638074,0.37401891069455095,1.4166875893322337,-0.9638390880723801,0.8861552595651265,0.0002327352658708022,0.000855289867129627,0.0006225546012588247,Q1
1515,Anthony Parker,483.0,22.0,1562.4433785888766,1605.8657673471498,8.227770685577967,22.37341839864562,0.017034721916310492,1.016973563574801,-1.3235264112248104,0.7016114126319463,1.0902617112240849e-05,0.0006332867816559886,0.0006223841645437477,Q1
203552,Seth Curry,556.0,43.0,1572.1536649423279,1591.7825027950105,-27.292705851944717,40.01560028672038,-0.04908760045313798,0.9305953555051251,-1.4580169713352045,-0.570213977717835,-3.122315683749571e-05,0.0005846246920487522,0.000615847848886248,Q2
76436,Jeff Cook,492.0,30.0,1382.6389228754383,1361.5162011323691,-162.5789226349392,15.176718776511555,-0.330444964705161,0.5058906258837185,-1.0496917991455506,-1.2056922366599123,-0.0002389958500647032,0.0003715641616772321,0.0006105600117419353,Q2
1628401,Derrick White,568.0,90.0,1675.0102412538588,1717.5807558708825,176.041629438756,122.77995981395655,0.30993244619499294,1.3642217757106283,-0.6547967311901466,-1.0789811994876146,0.00018503316490947987,0.0007942693646558197,0.0006092361997463398,Q1
170,Joe Kleine,960.0,50.0,1341.9037796984521,1332.9955426436827,-176.94772906181979,31.087139164861355,-0.18432055110606227,0.6217427832972271,-0.6666692831779497,-0.739602729725449,-0.0001373575020017323,0.000466425253053845,0.0006037827550555773,Q2
203584,Troy Daniels,332.0,17.0,1410.4262425114284,1436.0277767438083,-85.18159576632331,10.249122010041892,-0.2565710715853112,0.6028895300024643,-0.8821253049462713,-1.891330648537942,-0.00018191030757372782,0.0004198313847170253,0.0006017416922907531,Q2
433,Buck Williams,1254.0,108.0,1677.9603600512783,1672.1506991338129,-43.31294804456018,104.02865939489656,-0.03453983097652327,0.9632283277305237,-0.8463741969878499,-2.791337235052711,-2.0584414148775087e-05,0.0005760415782079232,0.0005966259923566983,Q2
432,Pete Chilcutt,578.0,21.0,1391.6745902763118,1453.9442721824576,-142.4452451732113,12.743204024917636,-0.24644506085330675,0.6068192392817922,-0.9222837995229317,-0.8515979756945685,-0.00017708526301710804,0.000417360727568272,0.0005944459905853801,Q2
2736,Luol Deng,901.0,62.0,1759.9313919150131,1774.806176992095,38.42184402338218,67.9460047261438,0.04264355607478599,1.0959033020345774,-0.7454066360800882,0.11148192287235145,2.4230237764203278e-05,0.0006174777371419181,0.0005932474993777148,Q1
77487,Cedric Maxwell,826.0,102.0,1647.3857852555889,1620.6733361971255,-58.89820588847334,90.86577202298793,-0.07130533400541567,0.8908409021861562,-1.3887256728909434,-1.6547497546736891,-4.328393181707148e-05,0.0005496733254565012,0.0005929572572735727,Q2
248,George Lynch,774.0,62.0,1518.5872864430032,1548.0294767793744,-47.33077048859279,52.866314315856535,-0.06115086626433177,0.852682488965428,-1.1588616199244943,-1.0037991044618235,-4.026825906567797e-05,0.0005508179926517979,0.0005910862517174759,Q2
1630541,Moses Moody,311.0,38.0,1449.7874269937497,1448.0605486155346,93.90214244739556,43.4311302009607,0.3019361493485388,1.14292447897265,-1.0079360291880353,-0.40410609207123804,0.00020826235883051323,0.0007892794814867239,0.0005810171226562107,Q1
243,Aaron McKie,791.0,75.0,1547.6105283361942,1600.5537010038431,-69.30670455086813,62.24741000845979,-0.08761909551310763,0.8299654667794638,-1.172844360235554,-0.9610213966687038,-5.661572721872422e-05,0.000518548966060259,0.0005751646932789832,Q2
1112,Ben Wallace,1081.0,130.0,1633.3617805254903,1819.5003085499782,-126.40212679896081,118.87574377157948,-0.11693073709432082,0.9144287982429191,-0.9676877555335806,-1.5404357327463,-7.158900036016607e-05,0.0005025713894886111,0.0005741603898487772,Q2
77019,Rod Higgins,767.0,33.0,1484.4567026586617,1491.712064373555,-11.28755671453245,27.763678781756454,-0.014716501583484289,0.8413235994471653,-0.951753216353699,-1.957407289361264,-9.913729081573775e-06,0.000563998656001002,0.0005739123850825758,Q2
696,Travis Best,706.0,63.0,1529.2882363436393,1523.6470924380808,-37.111494803901465,51.231449353010895,-0.05256585666274995,0.8131976087779507,-1.2125231003499768,-1.2793042637876737,-3.437275944031922e-05,0.0005337178227254078,0.000568090582165727,Q2
1497,Chauncey Billups,1042.0,146.0,1835.5012327532654,1898.0620860446875,7.287692743266147,158.36603079738293,0.0069939469705049395,1.0846988410779652,-0.6702407467432547,-0.5093100358703027,3.8103744338073625e-06,0.0005714770075505462,0.0005676666331167388,Q1
76944,Bill Hanzlik,732.0,62.0,1402.7795018519603,1388.9064519059211,-72.21321705471726,42.35345122524482,-0.09865193586710008,0.6831201810523357,-0.8198135898880328,-0.2083541217039127,-7.032604606558553e-05,0.0004918403108538569,0.0005621663569194424,Q2
1719,Bonzi Wells,591.0,48.0,1663.92554652555,1604.8154831428528,88.28128324001514,50.219060282864646,0.14937611377329127,1.0462304225596801,-1.60941355991383,-2.4941771909218033,8.977331593063413e-05,0.0006519319096490483,0.0005621585937184142,Q1
467,Jason Kidd,1390.0,158.0,1812.929175527538,1833.663040266354,-64.42643191108962,154.56546563406215,-0.04634995101517239,0.9782624407219124,-0.8914217141317131,-0.5494316116428044,-2.5566333004534045e-05,0.0005335017499070124,0.0005590680829115465,Q2
77326,Sam Lacey,513.0,23.0,1468.6434713720362,1496.9865652728008,-24.283639746413783,18.018163801431438,-0.04733652972010484,0.783398426149193,-1.3400760283412287,1.4789883422150916,-3.223146437023419e-05,0.0005233169383897789,0.0005555484027600131,Q2
1563,Kevin Ollie,651.0,37.0,1389.3567613369091,1404.1892158282924,-135.52617185419592,21.076254715846122,-0.20818152358555442,0.569628505833679,-0.8041454935783554,-1.2700795998696024,-0.00014984022058181203,0.0004056636380715051,0.0005555038586533171,Q2
78577,Bill Willoughby,413.0,24.0,1331.3425619439602,1340.7423389778155,-28.668542849279326,16.18154735063038,-0.06941535798856979,0.6742311396095992,-0.8734936445750909,-1.4656489434529507,-5.2139366660983886e-05,0.0005028789798072867,0.0005550183464682706,Q2
458,Howard Eisley,783.0,88.0,1487.6815886408715,1475.2928444791996,-78.89569560958851,63.15955482743086,-0.10076078621914242,0.717722213948078,-0.8275524404786792,-0.17811606778022393,-6.773007543314178e-05,0.0004864947434903642,0.0005542248189235059,Q2
1533,Anthony Johnson,781.0,99.0,1458.1730861056556,1430.9667731852182,-59.92623995955996,70.80482272215157,-0.0767301407932906,0.7152002295166825,-0.9871630499398883,-0.4777470233508504,-5.262073585394027e-05,0.0004998021218373252,0.0005524228576912655,Q2
2581,Steve Blake,870.0,52.0,1493.071288764821,1454.8521423644638,-72.34163937217751,37.54541874545655,-0.08315130962319255,0.7220272835664722,-0.9153824197051699,-1.0923061993745742,-5.569145307990046e-05,0.0004962891159461844,0.0005519805690260849,Q2
76993,Gerald Henderson,859.0,88.0,1499.679498887661,1427.3807518757612,-116.78961377264929,57.92164463729675,-0.13595996946757774,0.6582005072420085,-0.9956356959567196,-0.9568845118723925,-9.065935059352459e-05,0.00046112469036523626,0.0005517840409587608,Q2
203920,Khem Birch,280.0,16.0,1478.7786076570005,1463.913110282775,-15.961208717842368,11.914918282408857,-0.05700431684943703,0.7446823926505536,-1.2035660277892744,-1.4672672462655243,-3.854824282301158e-05,0.0005086930278988402,0.0005472412707218518,Q2
428,Sherman Douglas,764.0,17.0,1629.1808872678978,1634.7408068935308,21.14493032785025,15.615782034172014,0.027676610376767344,0.9185754137748243,-1.383302067973217,-4.40028682782957,1.698805245817758e-05,0.0005619089031736945,0.000544920850715517,Q1
201166,Aaron Brooks,634.0,39.0,1525.7272043459807,1548.8737752222175,-62.08952360530918,28.961661655682484,-0.09793300253203341,0.7426067091200637,-1.2760957721030506,-2.4100784073121053,-6.418775404480872e-05,0.00047944946902695254,0.0005436372230717613,Q2
101109,Raymond Felton,970.0,47.0,1677.6913388307619,1588.8918563322538,-40.274084816198915,38.62681861578644,-0.0415196750682463,0.8218472045912009,-0.8544709104334735,-0.9801807688547848,-2.4748101219371332e-05,0.0005172455263810881,0.0005419936276004594,Q2
181,Kenny Smith,734.0,68.0,1680.0535432174088,1682.9372022061752,-1.4865987681313348,61.86500463134922,-0.002025338921159857,0.9097794798727827,-1.3961675403841394,-2.0330746233394503,-1.2055204605450876e-06,0.0005405902719840918,0.0005417957924446369,Q2
201952,Jeff Teague,825.0,85.0,1729.6034351302994,1753.511658448271,-13.917975093884454,79.06555112483234,-0.016870272841072065,0.9301829544097923,-0.9605758132345092,-1.5945911832390076,-9.753838653657128e-06,0.0005304686455480632,0.0005402224842017203,Q2
786,Gerald Wilkins,900.0,55.0,1606.6986983366814,1610.8141552162183,-80.20954193944208,42.810529968361145,-0.08912171326604675,0.7783732721520208,-1.0727238876125678,-2.08107144180754,-5.546884014925082e-05,0.0004832173032695633,0.0005386861434188142,Q2
77395,Lewis Lloyd,371.0,25.0,1636.1697372355789,1688.3117423181127,137.652143404743,32.23802237253175,0.3710300361313827,1.28952089490127,-1.650927826696624,-0.7727762432125567,0.00022676744819780337,0.0007637931210089858,0.0005370256728111824,Q1
76195,Manute Bol,621.0,29.0,1357.403598283786,1360.525760621584,-142.8919498072441,14.425327700186841,-0.23009975814371028,0.4974250931098911,-0.7823609286105248,-0.9001629756376273,-0.0001695146222056827,0.00036561240331284305,0.0005351270255185257,Q2
1630167,Obi Toppin,385.0,56.0,1536.8418733592064,1544.6374195806172,71.23513685099354,56.409869108849335,0.1850263294831001,1.0073190912294525,-0.9914431504931284,-0.21366499940349895,0.00012039386269367601,0.0006521395108393455,0.0005317456481456694,Q1
1628404,Josh Hart,596.0,61.0,1627.2373917077034,1733.5999538921824,239.9047602286252,82.2920492450392,0.40252476548427046,1.3490499876235933,-0.6353994417503752,0.8230426697911779,0.00024736695920061244,0.0007781783707335601,0.0005308114115329476,Q1
1626204,Larry Nance Jr.,580.0,36.0,1562.1484549529355,1578.4812164384448,6.995054873051236,30.492499054784965,0.012060439436295235,0.8470138626329157,-1.1288084350015266,-0.5840246771642874,7.720418247098412e-06,0.0005366005333557584,0.0005288801151086599,Q1
2365,Chris Andersen,694.0,73.0,1492.6889927950208,1528.9092777512174,0.1710158937301145,58.59958769920946,0.0002464205961529027,0.8027340780713624,-0.7226498511351862,0.0286269406938697,1.6508502262851597e-07,0.0005250370900044878,0.0005248720049818593,Q1
1453,Walter Davis,1008.0,78.0,1749.6661158918691,1779.1752007883706,-37.31432686869436,69.86575905043196,-0.037018181417355515,0.8957148596209226,-0.8080123773106667,-0.6532528931716229,-2.1157283141695857e-05,0.0005034438762545826,0.0005246011593962785,Q2
77420,Maurice Lucas,798.0,81.0,1619.9909082652075,1658.7738151303224,-72.2416656259548,62.45475282964475,-0.0905284030400436,0.7710463312301821,-0.9704088635319713,-1.7590844448420988,-5.5882043891831065e-05,0.00046482909495988424,0.0005207111388517153,Q2
1630194,Paul Reed,320.0,47.0,1487.120321676442,1493.1575508888998,68.04946449789237,46.29944265625756,0.21265457655591366,0.9850945246012247,-0.7080871408001357,-1.013191087424051,0.00014299755941482028,0.0006597391708696666,0.0005167416114548463,Q1
124,Vlade Divac,1132.0,121.0,1723.912159239986,1727.6625185095284,52.39585803520259,113.53302598150066,0.04628609367067367,0.9382894709214931,-1.174949359790698,-0.8682357727522934,2.6849450201151562e-05,0.0005430976599127501,0.0005162482097115985,Q1
1450,Kevin McHale,956.0,168.0,1758.4533953065238,1820.1345547306298,32.13702523180936,162.9697728977325,0.033616135179716906,0.9700581720103125,-0.6820777278130699,0.335202690207232,1.9116875812257242e-05,0.0005329595932834075,0.0005138427174711502,Q1
781,Will Perdue,791.0,106.0,1423.973655771013,1437.3793005694756,-127.92039361791379,60.795149027196096,-0.1617198402249226,0.573539141766001,-0.7306515864829897,-0.6804010696972129,-0.00011356940458098512,0.00039901725420615866,0.0005125866587871437,Q2
291,Ed Pinckney,789.0,30.0,1489.5640807892908,1466.8541472973234,-33.418858147671955,21.291717689160556,-0.042355967234058246,0.7097239229720186,-1.132383492232168,-1.423315508785644,-2.8435142724181863e-05,0.00048384082649231613,0.000512275969216498,Q2
201609,Goran Dragic,946.0,63.0,1706.8846165503685,1694.766104164126,12.914243787585193,54.810417808198295,0.013651420494276102,0.8700066318761634,-0.9121271987592949,-1.357911007999236,7.997857829350976e-06,0.0005133490867787083,0.0005053512289493573,Q1
156,Antoine Carr,978.0,107.0,1495.281484413232,1477.0892772752748,-120.0025448569702,66.518347945158,-0.122701988606309,0.6216668032257757,-1.0350898104891813,-0.862354356994063,-8.205945829287043e-05,0.00042087286990028026,0.0005029323281931507,Q2
78482,Scott Wedman,725.0,79.0,1550.227012300304,1477.6147090841473,-57.49146337382797,52.423243986434045,-0.0792985701707972,0.6635853669168866,-1.050804328586668,-0.8567334404641801,-5.1152876024995865e-05,0.00044909228558518414,0.00050024516161018,Q2
2548,Dwyane Wade,1054.0,177.0,1988.2969843312771,1996.2628092177051,58.979038451585474,186.543176298315,0.055957341984426444,1.053916250272966,-0.1099760315509121,0.0178454522617226,2.814335203714376e-05,0.0005279446400576757,0.0004998012880205319,Q1
53,Mario Elie,731.0,116.0,1556.7285014608497,1574.7025949753527,-8.969418655035732,89.75093934404407,-0.012270066559556404,0.7737149943452075,-0.941262210436674,-1.2916304263355345,-7.881956646931081e-06,0.0004913403945697554,0.0004992223512166865,Q2
1628467,Maxi Kleber,481.0,48.0,1493.086892564433,1509.6492953518648,-93.42721756127034,26.709067288877126,-0.19423537954526057,0.5564389018516068,-1.2472719484184245,-0.5741615703835805,-0.0001300898028859218,0.0003685881903597442,0.0004986779932456659,Q2
2555,Nick Collison,909.0,90.0,1494.185646409373,1487.012754232519,-125.49875931353446,53.98360074492309,-0.13806244148903682,0.5998177860547009,-0.8125066065020474,-0.8999899756333489,-9.239979103052555e-05,0.00040337097603731077,0.0004957707670678363,Q2
1740,Rashard Lewis,1047.0,93.0,1767.097895682918,1774.3534303911251,-6.441191740242303,81.23222033891115,-0.006152045597175074,0.8734647348270016,-0.8726429681288618,-0.7720439545634432,-3.4814401693334232e-06,0.0004922721256466146,0.0004957535658159481,Q2
1626153,Delon Wright,547.0,51.0,1554.5730804430889,1521.714424610483,19.452100978673396,39.77497877039386,0.03556142774894588,0.7799015445175266,-1.2590672628375874,-1.7172892274470408,2.2875365717004478e-05,0.0005125150500674,0.0004896396843503956,Q1
1628415,Dillon Brooks,547.0,38.0,1553.933434631586,1609.1024545524165,225.9984096667171,45.86067908698735,0.41315979829381555,1.2068599759733514,-0.1435172269294877,0.1110601110127859,0.0002658799850019119,0.0007500205922618198,0.00048414060725990787,Q1
87,Dikembe Mutombo,1194.0,101.0,1781.6892706879848,1813.1031617482004,-34.76229563841867,85.04569070413712,-0.02911415045093691,0.84203654162512,-0.8810459883574543,-1.2193959365914109,-1.6340756455077444e-05,0.00046441733674614823,0.0004807580932012257,Q2
1630532,Franz Wagner,323.0,19.0,1755.440205905251,1878.7066819560537,419.72108418307056,43.57430387238367,1.299446081062138,2.293384414335983,0.5374017083951279,0.4457958809082097,0.0007402394434688452,0.0012207251064589705,0.00048048566299012537,Q1
183,Bison Dele,413.0,39.0,1576.254347698206,1642.9220518805837,201.35980194014783,49.974402948453026,0.4875539998550795,1.2813949473962314,-1.6240567500515324,-1.2213577577421768,0.00030931175578805,0.0007799487175483904,0.00047063696176034045,Q1
2416,Kareem Rush,346.0,31.0,1429.6120074316216,1464.589133912033,-51.15465262059543,16.389619378910115,-0.14784581682253015,0.5286973993196812,-1.1121224301728856,-0.3985867842916251,-0.00010341674248255894,0.00036098683724867516,0.0004644035797312341,Q2
2756,Sasha Vujacic,567.0,64.0,1413.247811605284,1422.8703739983991,-46.68735964805162,35.87346736546257,-0.08234102230696934,0.5605229275853526,-0.6936714332388043,-0.8690949838178648,-5.826368286637542e-05,0.00039393815334718834,0.00045220183621356373,Q2
76091,Greg Ballard,789.0,65.0,1573.578030193387,1383.16196193539,-30.684370370275445,37.708033917018476,-0.03889020325763681,0.5801235987233612,-1.415387399001741,-1.8129674238388052,-2.4714505738782684e-05,0.00041941841569415555,0.0004441329214329382,Q2
201566,Russell Westbrook,1301.0,137.0,1924.0108497710016,1943.1366067258436,78.98007599007369,125.68154370564118,0.060707206756397916,0.9173835306981107,-0.1754601425336845,1.4008937325717712,3.155242433462543e-05,0.00047211478983142025,0.0004405623654967948,Q1
1938,Manu Ginobili,1056.0,218.0,1780.2768511965705,1748.7755749983976,-53.77897086255817,156.85267634845218,-0.05092705574105887,0.719507689671799,-0.8479371075131192,0.1733330576983865,-2.860625621617754e-05,0.0004114351206400274,0.00044004137685620494,Q2
2124,Malik Allen,472.0,27.0,1400.9637678231152,1406.1207290717143,-144.1646256371422,8.279142080696772,-0.3054335288922504,0.30663489187765824,-0.9216215482243277,-0.9792770253565636,-0.00021801672242162813,0.00021807152511014535,0.00043608824753177346,Q2
787,Charles Barkley,1065.0,123.0,2017.953589238133,2012.6446752540205,276.74675325515324,139.34101044275297,0.2598561063428669,1.132853743437016,-0.011329734321628,0.6189480623222945,0.00012877209254399854,0.000562868228736916,0.0004340961361929175,Q1
1630162,Anthony Edwards,442.0,55.0,1909.6773478232426,1996.0108028415848,423.964655470647,102.79539098580483,0.9591960531010113,1.869007108832815,0.38510841009911023,1.8554532087540725,0.0005022817358096418,0.0009363712391596463,0.0004340895033500045,Q1
204456,T.J. McConnell,762.0,64.0,1550.5328903990799,1558.1979046228796,79.38810996531936,49.59811831561114,0.10418387134556346,0.774970598681424,-0.7353681291851555,-0.986697472135004,6.719230013801794e-05,0.0004973505588617673,0.0004301582587237494,Q1
1495,Tim Duncan,1392.0,251.0,2010.5525663661874,2030.0852054959769,62.27947284759027,229.05897372769664,0.04474100060890106,0.9125855526999866,-0.4213235292911499,0.9633049014720968,2.225308671723247e-05,0.00044953066513138293,0.00042727757841415045,Q1
203914,Gary Harris,663.0,40.0,1503.582468773095,1573.2297172494473,-118.892839081271,19.14359052786213,-0.17932554914218854,0.4785897631965533,-0.9671615855546798,-1.727363499490293,-0.00011926552275414332,0.0003042084432738117,0.000423473966027955,Q2
369,Charlie Ward,628.0,71.0,1544.5540179061918,1622.7995667621904,27.20690819490404,51.61248843407254,0.04332310222118478,0.7269364568179231,-1.0452486654900612,-1.4677568725937098,2.804893951194655e-05,0.0004479520895290271,0.0004199031500170805,Q1
2137,Ime Udoka,302.0,21.0,1490.4599994461782,1525.38720545545,-63.28592211911798,8.922697977264969,-0.20955603350701316,0.4248903798697604,-1.3362934051899273,-1.38534747532248,-0.00014059822711436705,0.0002785459182758103,0.00041914414539017737,Q2
203999,Nikola Jokic,809.0,100.0,2078.133117160411,2162.5923782539753,565.3570173905355,163.19253297020728,0.6988343849079548,1.6319253297020728,0.5050804023346835,1.2882244134294045,0.0003362798942653161,0.0007546153154482353,0.0004183354211829192,Q1
2592,James Jones,694.0,146.0,1447.8348309032658,1451.1533445610673,-146.47926322333353,57.21022075536436,-0.21106522078290135,0.39185082709153674,-0.6684865437939407,-0.5820751114965239,-0.0001457799027056307,0.0002700271673977091,0.00041580707010333977,Q2
202322,John Wall,647.0,37.0,1912.138840286548,1936.9704203444364,248.88382926260624,43.79084413273296,0.38467361555271445,1.1835363279117015,-0.5752689115841862,0.2811848479681211,0.00020117452114254858,0.0006110244717630961,0.0004098499506205475,Q1
952,Antoine Walker,893.0,64.0,1760.2463790556153,1682.3759875195983,13.319360641370627,44.80026904536095,0.014915297470739785,0.7000042038337648,-0.8629231789068892,0.33715706758587394,8.473414658430912e-06,0.00041608071502839987,0.00040760730036996896,Q1
1913,Michael Ruffin,408.0,19.0,1345.3642439541231,1331.2750477176746,-135.25898287293126,4.040028613200625,-0.3315171148846354,0.21263308490529606,-0.691252617469533,-0.2662886066115374,-0.00024641439400104954,0.0001597213778398628,0.0004061357718409123,Q2
922,Elden Campbell,1039.0,106.0,1624.9141820388124,1595.480581584919,-49.63910943011673,63.3304814889455,-0.04777585123206615,0.5974573725372218,-1.0917888005772185,-1.2152622636663502,-2.9402076589743856e-05,0.0003744685955022526,0.00040387067209199644,Q2
2501,Reggie Evans,807.0,45.0,1436.419162466891,1452.653892901924,-7.372938722319439,25.852850737921425,-0.009136231378338834,0.5745077941760317,-0.7411334092963305,-0.7050424015435761,-6.360421537852758e-06,0.00039548842087109567,0.00040184884240894843,Q2
146,Jud Buechler,699.0,63.0,1359.0613814325488,1361.901235252315,-158.37019667854557,19.155516976239408,-0.22656680497646003,0.30405582501967315,-0.5922237290227582,-0.1410301756113442,-0.00016670829446837953,0.00022325835174335658,0.0003899666462117361,Q2
770,Mark West,1067.0,94.0,1421.9071067530122,1436.2016395072892,-157.29937773842946,38.36653822948728,-0.147422097224395,0.4081546620158222,-0.7674112297487343,-1.0593251184092152,-0.0001036791338366962,0.00028419036073224776,0.00038786949456894395,Q2
2406,Caron Butler,881.0,65.0,1715.2607110893084,1625.1781552559075,-25.54626870053153,39.124922685965856,-0.02899689977358857,0.6019218874763977,-1.1224669956531683,-1.0316555858016028,-1.6905243375611132e-05,0.0003703728637563532,0.00038727810713196434,Q2
345,Terry Porter,1271.0,124.0,1653.0621961971888,1826.8581196247364,-8.237403759134677,86.29553257705517,-0.006481041509940737,0.69593171433109,-0.8603391066574186,-1.5760704694117655,-3.920627744588282e-06,0.000380944588337295,0.00038486521608188326,Q2
2052,DeShawn Stevenson,810.0,38.0,1445.6006424810114,1401.1794781109868,-87.30628265591618,16.429367227388575,-0.10778553414310639,0.4323517691418046,-0.911104927382435,-0.8044595445029543,-7.45610723845e-05,0.00030856273296600356,0.00038312380535050354,Q2
1631097,Bennedict Mathurin,263.0,23.0,1639.302912063415,1635.664539211849,229.99711095528312,34.41988592384293,0.8745137298679967,1.496516779297519,-0.7358239768188346,-2.583871974427691,0.0005334668311954825,0.0009149289132468576,0.0003814620820513751,Q1
76583,James Donaldson,926.0,51.0,1572.485476266664,1558.7398458789714,-30.23203642192413,28.50503659727324,-0.03264798749667833,0.5589222862210439,-1.0203051178659197,-0.194679053997907,-2.0762028005619456e-05,0.00035857316902415383,0.00037933519702977326,Q2
201144,Mike Conley,1225.0,122.0,1761.525195237287,1746.7952822569373,-4.836162272569088,80.15857491439309,-0.003947887569444154,0.657037499298304,-0.4395581755293124,-0.10451995920077464,-2.2411757607090894e-06,0.00037613881029572183,0.00037837998605643093,Q2
216,Brian Shaw,941.0,126.0,1477.1695106013217,1474.3328649836344,-59.438980006321856,62.32212723354212,-0.06316575983668635,0.49462005740906445,-0.9107539160989812,-0.7521755734332216,-4.276134822940735e-05,0.0003354873713776671,0.0003782487196070744,Q2
202694,Marcus Morris Sr.,832.0,78.0,1624.2332816204234,1619.1680934945562,15.712526021013772,48.68760385962461,0.018885247621410785,0.6242000494823667,-1.0964279583614727,-0.929744755150292,1.1627176856374864e-05,0.0003855066388661304,0.0003738794620097555,Q1
951,Ray Allen,1300.0,171.0,1845.9950833377325,1794.3640721461156,54.84266836405234,121.53447805102742,0.04218666797234795,0.7107279418188738,-0.44958137247989205,-0.0050068764712074,2.285307710358063e-05,0.0003960890394828408,0.0003732359623792602,Q1
2243,Brian Scalabrine,490.0,35.0,1361.2614394769635,1403.8219664301507,-129.45398332248715,8.693787747493467,-0.26419180269895337,0.24839393564267048,-0.7629861272598223,-0.8581682674104756,-0.00019407866485989908,0.00017694119452648535,0.0003710198593863844,Q2
1629130,Duncan Robinson,499.0,85.0,1538.4516800006538,1548.297515042106,111.41871209070422,67.58954354961409,0.2232839921657399,0.7951711005836952,-0.8023346836582037,-1.7442718786838676,0.00014513552493611306,0.0005135777154315659,0.0003684421904954528,Q1
201980,Danny Green,829.0,166.0,1550.1942038648613,1565.1163355478861,-35.19254637911775,88.30943988710736,-0.04245180504115531,0.5319845776331769,-1.2082805932152954,-1.1944984686850133,-2.7384830194382577e-05,0.0003399009808730607,0.00036728581106744326,Q2
200756,Hilton Armstrong,280.0,22.0,1373.8369070911187,1358.148838188465,-103.96277724393977,2.688112886960969,-0.3712956330140706,0.12218694940731677,-0.8093590681010996,-0.7782794279729754,-0.00027026179825102387,8.996580195900544e-05,0.0003602276002100293,Q2
101114,Deron Williams,845.0,90.0,1854.0389807544489,1829.7496282239408,91.98578526956194,68.50720563611227,0.10885891747877154,0.7611911737345808,-1.0386142692465796,-0.556589474461002,5.871447073592513e-05,0.0004160083773174127,0.00035729390658148757,Q1
201596,Mario Chalmers,646.0,99.0,1595.802879447751,1624.1921623164703,4.525791726758763,57.92358145637648,0.007005869546066197,0.5850866813775403,-1.3212541541508305,-1.7815093424623825,4.39018480057554e-06,0.00036023242504943043,0.00035584224024885487,Q1
78304,Terry Teagle,678.0,45.0,1474.3948977560985,1507.5528403368412,50.253503202842495,27.498362129956234,0.07412021121363199,0.6110747139990275,-1.0141530714581473,-1.260431217780114,5.027161402039341e-05,0.00040534215295729965,0.00035507053893690625,Q1
1800,Damon Jones,648.0,57.0,1473.6859505074394,1494.9183104182418,-37.51552729432515,26.895554324029444,-0.05789433224432894,0.4718518302461306,-1.074332479181556,-1.16215766643142,-3.9285393352901264e-05,0.00031563720034582886,0.0003549225936987301,Q2
77905,Kurt Rambis,858.0,138.0,1439.1335111689814,1441.3017049376808,-160.5571939982358,44.481802870977184,-0.18712959673454055,0.3223319048621535,-0.8497777825262602,-0.7669357269065532,-0.00013002935119100844,0.00022363943909723644,0.0003536687902882449,Q2
1479,Mike Brown,614.0,43.0,1420.2600689108401,1452.4687484807732,-102.90425930223473,14.6412476785205,-0.16759651352155494,0.3404941320586163,-0.7591711304672435,-0.7155826982165342,-0.00011800410163617447,0.00023442441182625108,0.0003524285134624256,Q2
203109,Jae Crowder,809.0,114.0,1571.8851937677343,1583.3091167745642,-20.26672135500408,60.64815323461035,-0.025051571514220123,0.5320013441632486,-0.813387219447331,-0.5776754830867816,-1.593727812536531e-05,0.00033600598804547677,0.00035194326617084206,Q2
78623,Larry Wright,343.0,49.0,1419.061182066425,1438.3027980061718,-36.59727573808018,19.113913387203137,-0.10669759690402385,0.390079865044962,-1.637010675645305,-2.4582911975803383,-7.518886306836446e-05,0.00027120844483213483,0.0003463973079004993,Q2
78600,Brian Winters,501.0,38.0,1624.913687492319,1620.698851383626,-37.71672093383269,18.442605345423164,-0.07528287611543451,0.48533171961639904,-1.3421763780865432,-1.0462345897650978,-4.6330384619761765e-05,0.00029945829800648077,0.0003457886826262425,Q2
1627759,Jaylen Brown,674.0,141.0,1840.0707211657823,1861.4349765743364,361.4476760157867,167.19593851652485,0.5362725163438972,1.185786797989538,-0.00147937638133135,0.0874045107522499,0.0002914412528688789,0.000637028321113737,0.0003455870682448581,Q1
1713,Vince Carter,1540.0,88.0,1808.2170366867713,1824.266509337628,-152.91710589550118,46.62645176596884,-0.0992968220100657,0.5298460427951004,-1.0233416936556048,0.2946550839961729,-5.491421659869385e-05,0.00029044333165304995,0.00034535754825174383,Q2
22,Rik Smits,866.0,104.0,1668.298071579129,1724.8838069129001,108.41535773145462,75.15145816201385,0.12519094426264968,0.7226101746347486,-1.2038027502215556,-2.291447872130737,7.504111309326761e-05,0.0004189326676606905,0.00034389155456742294,Q1
686,Antonio McDyess,1013.0,100.0,1662.420512718854,1615.526455974919,13.789441990208616,56.24194815254664,0.01361247975341423,0.5624194815254664,-1.128952251162501,-1.2499736046863674,8.188349246937109e-06,0.000348133872673762,0.0003399455234268249,Q1
1897,Metta World Peace,986.0,85.0,1681.336600031586,1656.2732308102666,-29.866730869956303,44.66773975311969,-0.030290802099347165,0.5255028206249376,-1.0741828528037987,-0.1251269065374396,-1.80159059755067e-05,0.00031728027166620084,0.00033529617764170756,Q2
76673,Alex English,1176.0,68.0,1817.8707436915938,1898.047857619977,-37.727550803024016,40.69333534462936,-0.03208125068284355,0.5984314021269024,-0.49519458084416146,0.6161967730199992,-1.764770723890709e-05,0.0003152878362494477,0.0003329355434883548,Q2
64,Sam Perkins,1263.0,167.0,1665.036998183322,1665.189350368,-101.0126424147995,79.0606125610152,-0.07997833920411679,0.4734168416827258,-0.8332976937902761,-0.6938476558021457,-4.8033971191858826e-05,0.00028430210749192135,0.00033233607868378016,Q2
203932,Aaron Gordon,756.0,69.0,1704.442734743645,1737.9941216359146,245.4036093949445,62.597031715376765,0.3246079489351118,0.9072033581938662,-0.6817659023521936,-1.3165840325132194,0.00019044814021512677,0.0005219829842346916,0.0003315348440195648,Q1
78531,Bob Wilkerson,530.0,22.0,1428.8028386092442,1393.148998872518,-21.846134823265146,9.261295044010097,-0.041219122308047446,0.4209679565459135,-1.2462366159579612,-0.3754538197009214,-2.884871249847807e-05,0.00030217008868872237,0.00033101880118720044,Q2
2222,Gerald Wallace,827.0,30.0,1732.9525816866417,1592.776303027003,15.669287021475549,16.267968963236402,0.018947142710369468,0.54226563210788,-1.310375099965466,-1.2426650301112305,1.0933445560252239e-05,0.00034045310134092746,0.0003295196557806752,Q1
78035,Delaney Rudd,238.0,24.0,1399.8310806468826,1383.9447960676252,-79.47725667596558,2.9913247067278697,-0.3339380532603596,0.12463852944699456,-0.7388148470129573,-0.3859571658834583,-0.0002385559642710904,9.006033318752709e-05,0.0003286162974586175,Q2
977,Kobe Bryant,1345.0,219.0,2025.0104556814915,2021.0027073924616,121.21320895829142,164.77972535636076,0.09012134495040254,0.7524188372436564,-0.0267612827671405,1.2240678152052409,4.450413808854797e-05,0.0003722997670866272,0.00032779562899807924,Q1
76826,Mike Gminski,887.0,35.0,1583.9147479685505,1564.4745070074453,-46.09556105360546,16.146284802637144,-0.05196793805367019,0.4613224229324898,-0.974503603557214,-0.8524511808344426,-3.280980754824188e-05,0.00029487372332765945,0.00032768353087590134,Q2
1506,Austin Croshere,656.0,67.0,1510.8602979117982,1525.0279135093272,-38.640050255265976,29.37660785821263,-0.058902515633027404,0.4384568337046661,-0.9989950205299083,-1.5440839076628876,-3.898607681626038e-05,0.0002875074153204898,0.00032649349213675015,Q2
2058,Mark Madsen,439.0,41.0,1405.805250445509,1414.979383065319,-180.72097741777418,1.9184710465731731,-0.4116650966236314,0.04679197674568715,-0.7814733698011533,-0.9240163818997428,-0.0002928322372484894,3.306901662716814e-05,0.00032590125387565755,Q2
270,Horace Grant,1165.0,170.0,1714.2730276104348,1772.7995574073134,-1.8460875456544803,96.71806981559895,-0.0015846245027077083,0.5689298224446997,-0.6592214196387702,-0.9110835661833945,-9.243711341107393e-07,0.0003209216857413644,0.0003218460568754751,Q2
1548,Mark Blount,604.0,22.0,1518.8121465914344,1413.243331782809,20.878590434463796,10.657143757907273,0.034567202706065885,0.48441562535942145,-0.8767705772411954,-0.6248258352173577,2.275936677464865e-05,0.00034276873236566434,0.0003200093655910157,Q1
111,LaPhonso Ellis,623.0,16.0,1636.8891472228615,1786.9606850169812,2.680745754553733,9.09639968279555,0.004302962687887212,0.5685249801747219,-1.3486118629018036,-3.6910920505039853,2.6287440998601513e-06,0.00031815192406950985,0.0003155231799696497,Q1
402,Jon Koncak,782.0,53.0,1430.3048103316685,1438.2396246623784,-79.39163498102835,18.467231028403482,-0.10152382989901323,0.34843832129063174,-0.841814455525792,-1.1689678314873322,-7.098055544920612e-05,0.00024226722398392158,0.0003132477794331277,Q2
1630214,Xavier Tillman,289.0,30.0,1469.5662992058658,1488.0849019534814,-29.64335035086733,10.731346768653188,-0.10257214654279354,0.35771155895510626,-1.0129794165566133,-1.8960209022938774,-6.979756313017125e-05,0.0002403838372968645,0.00031018140042703574,Q2
1908,Jumaine Jones,466.0,28.0,1465.9459770208055,1482.7684499927882,38.88359759380328,15.137266308084916,0.08344119655322592,0.5406166538601755,-1.1120605998260884,-2.154097256597379,5.691969408231588e-05,0.00036459951239372875,0.0003076798183114129,Q1
1628386,Jarrett Allen,624.0,46.0,1769.4516454380755,1813.6679647990245,347.16770342363213,51.195584683273026,0.5563584990763335,1.112947493114631,-0.2517919602110704,0.6406173184174708,0.00031442424578863917,0.0006136445670958072,0.000299220321307168,Q1
201155,Rodney Stuckey,651.0,28.0,1637.6554339628592,1599.398637745871,77.97606111132521,16.615799960719034,0.11977889571632136,0.593421427168537,-1.2089460512882124,-0.9643097450397147,7.314047462748373e-05,0.0003710278433179621,0.00029788736869047836,Q1
200826,J.J. Barea,827.0,50.0,1524.2116581431933,1532.321680993562,69.34544767973875,27.005909982537613,0.08385181097912787,0.5401181996507523,-0.90353075077796,-1.5709134722642975,5.5013232926768724e-05,0.00035248355900083456,0.00029747032607406584,Q1
1628470,Torrey Craig,456.0,79.0,1445.9674470213627,1452.6284152307287,-34.76903540600266,27.53211930209124,-0.07624788466228653,0.3485078392669777,-0.9571663951094052,-0.9599929770153746,-5.273139780522324e-05,0.0002399153394033135,0.00029264673720853676,Q2
203496,Robert Covington,611.0,32.0,1601.5852988549807,1614.5251098384977,47.74313071107205,17.604915799835545,0.07813933013268748,0.5501536187448608,-0.9939881785603906,-1.1909148320645295,4.8788740873527954e-05,0.00034075259368365795,0.00029196385281013,Q1
1630178,Tyrese Maxey,386.0,54.0,1838.6117811373974,1830.4319254232855,476.7898104873394,95.14658214894266,1.2352067629205685,1.761973743498938,0.04445703660258206,-2.3470638955768055,0.0006718148853350912,0.0009625999847503115,0.0002907850994152203,Q1
78055,Ralph Sampson,439.0,38.0,1762.720093724017,1831.6129504055737,-66.41990203847936,14.251962856842173,-0.15129818231999856,0.3750516541274256,-1.6916002727596755,-1.7271140249911,-8.58322219498604e-05,0.00020476577982503236,0.00029059800177489277,Q2
1000,Shandon Anderson,718.0,74.0,1494.535876648859,1484.3446270851712,-73.49854875580479,24.287608419871283,-0.10236566679081448,0.32821092459285517,-1.083832029474313,-1.6231450647050756,-6.849328168711823e-05,0.00022111504202185691,0.00028960832370897516,Q2
2755,Kevin Martin,712.0,21.0,1785.8904990412602,1668.9637999070958,123.44662318896548,13.53150909686687,0.17338008874854702,0.6443575760412795,-1.0577730025863492,-1.3668570291039916,9.708326957426819e-05,0.0003860824159740003,0.00028899914639973214,Q1
77149,George Johnson,540.0,20.0,1323.26703240376,1327.036043220411,-21.64425902238771,6.859272790793543,-0.04008196115256984,0.3429636395396772,-0.8781427164069306,-1.2580656927820801,-3.0290153212507368e-05,0.00025844334921558225,0.00028873350242808964,Q2
202685,Jonas Valanciunas,1002.0,71.0,1715.3978816527238,1726.7216368342886,87.25167108568351,41.43347573921858,0.08707751605357636,0.5835700808340645,-0.9464483703076514,-1.7584065076958946,5.076228493979503e-05,0.00033796419086052666,0.0002872019059207316,Q1
101108,Chris Paul,1368.0,150.0,1993.6358202305387,1990.1501952273427,39.51447871347323,89.94272373518233,0.028884852860726045,0.5996181582345489,-0.2443965975365395,-0.5766334539216562,1.4488530235871202e-05,0.00030129291732479126,0.00028680438708892004,Q1
1710,Mike Bibby,1000.0,105.0,1767.6958622984757,1730.8259206826756,2.3357583401324162,52.14894654466143,0.0023357583401324164,0.49665663375868024,-0.9889687348956007,-0.3527639621946628,1.3213575875520285e-06,0.00028694776743509135,0.0002856264098475393,Q1
77419,John Lucas,912.0,45.0,1625.6991441839864,1617.8116575827291,-27.63732024762727,19.164462048220955,-0.03030407921888955,0.4258769344049101,-1.2674047356959124,-2.2273244349342742,-1.8640644135973e-05,0.000263242592182355,0.000281883236318328,Q2
1891,Jason Terry,1407.0,124.0,1736.087352474466,1748.3959781107565,-95.15970202115595,50.77264293177952,-0.06763305047701204,0.4094567978369316,-0.9140013714742188,-1.1673477058730337,-3.895717020264784e-05,0.00023418996781231075,0.00027314713801495857,Q2
201143,Al Horford,1183.0,199.0,1772.955206211428,1778.3491598705289,32.12827897751585,101.83633483376305,0.027158308518610185,0.5117403760490605,-0.6081853821646429,-1.4681468685635235,1.5318101903230772e-05,0.0002877614742913126,0.00027244337238808183,Q1
271,Johnny Newman,1156.0,39.0,1524.233435759505,1569.431597854719,14.372666043557192,16.814969049999377,0.0124331021138038,0.4311530525640866,-1.1980409763571263,-2.1350679802894432,8.156954061048105e-06,0.00027471923794158124,0.00026656228388053315,Q1
77043,Lionel Hollins,584.0,77.0,1520.7753974462703,1524.076755552783,-42.931399984093396,25.452325144877793,-0.07351267120563938,0.3305496772062051,-1.1462596327244885,-2.321374472300596,-4.833894033864828e-05,0.00021688519033040082,0.0002652241306690491,Q2
1628378,Donovan Mitchell,609.0,81.0,1948.1884686175772,1949.1923649117623,434.248544210253,99.57687586308317,0.7130517967327635,1.229344146457817,0.5157665155969535,4.2776842641426045,0.0003660076056392741,0.0006306941113600493,0.00026468650572077524,Q1
77820,John Paxson,744.0,119.0,1500.9625605349947,1492.4587053530588,-41.91369267071884,39.93224525642925,-0.05633560842838554,0.3355650861884811,-0.8344588626057119,-1.4100444044575668,-3.753298710415907e-05,0.00022484044951119714,0.0002623734366153562,Q2
78633,Danny Young,573.0,52.0,1410.096317857301,1421.2128552488507,-89.40028720703202,11.142278648415004,-0.15602144364228973,0.21427458939259625,-0.7936649640096632,-0.7992275440608911,-0.00011064594784515903,0.00015076882298188706,0.0002614147708270461,Q2
959,Steve Nash,1209.0,119.0,1823.847955322548,1843.8432514271524,194.9526041698114,76.50580259368822,0.1612511200742857,0.6429059041486405,-0.3741400341485967,-1.147975877061338,8.841258922033793e-05,0.0003486770926167531,0.00026026450339641517,Q1
769,B.J. Armstrong,744.0,105.0,1568.125630149013,1554.0118049301,-14.902072574254401,39.649227938321175,-0.02002966743851398,0.37761169465067784,-0.8674746790802089,-1.5627422917898892,-1.2772999212193629e-05,0.0002429915226208098,0.0002557645218330034,Q2
78331,Mychal Thompson,911.0,102.0,1622.8744760496268,1554.1073584735177,-18.925939056525873,38.15958673814474,-0.02077490566029185,0.37411359547200723,-0.9891389311754212,-1.266531296175885,-1.280130162060455e-05,0.00024072570883357168,0.00025352701045417623,Q2
187,Terry Cummings,1172.0,109.0,1787.1143980216502,1783.4440807342023,-39.20266263630498,45.296131006013304,-0.033449370850089574,0.41556083491755325,-0.923931942900031,-1.2118417430428825,-1.8716972392544257e-05,0.0002330102969903472,0.00025172726938289147,Q2
173,Keith Askins,486.0,25.0,1370.81274879357,1426.529437697876,-70.81657328622087,5.036802067055715,-0.1457131137576561,0.2014720826822286,-0.8523099524043257,-0.3443448167534906,-0.00010629687671485099,0.00014123233447419281,0.0002475292111890438,Q2
201587,Nicolas Batum,1203.0,79.0,1615.985691874512,1585.388067183854,-64.40315026451852,26.4991140634231,-0.053535453253963854,0.3354318235876342,-0.9485181067989752,-0.5309352098274671,-3.312866786082974e-05,0.00021157710880432336,0.0002447057766651531,Q2
77547,Billy McKinney,471.0,19.0,1436.9365432405043,1459.032572162245,-87.22525996607209,3.1963244692905786,-0.1851916347474991,0.16822760364687256,-1.1656574686778722,-2.034306521755737,-0.00012887948018209947,0.0001153007868752128,0.0002441802670573123,Q2
251,Sean Elliott,740.0,85.0,1674.5696379404612,1673.438027767187,79.27079383528795,43.697377180352426,0.10712269437201073,0.5140867903570874,-0.781949683463339,0.2520815897562658,6.397028343578474e-05,0.00030720396084402146,0.00024323367740823672,Q1
200757,Thabo Sefolosha,867.0,94.0,1499.920903121996,1496.1070221458301,-50.36237994244091,28.714103739774874,-0.05808809681942435,0.3054691887210093,-0.8646209999307402,-1.595295242290574,-3.872744002601566e-05,0.00020417602765000208,0.00024290346767601775,Q2
77721,Norm Nixon,742.0,58.0,1686.2300822401926,1700.4540319898986,45.54293615885525,27.39584044955315,0.06137862016018227,0.4723420767164336,-0.44070266416896353,2.2698970455845693,3.639990817779711e-05,0.00027777409317186383,0.00024137418499406673,Q1
2575,Luke Walton,558.0,87.0,1449.7073753543345,1474.3847282170832,-95.13308603590404,15.643739990637156,-0.17048940149803593,0.17981310334065698,-0.9242215121441668,-1.277213269211027,-0.0001176026309836254,0.00012195806148785742,0.00023956069247148281,Q2
1627884,Derrick Jones Jr.,541.0,50.0,1486.6527243809362,1510.3244479711093,87.46270007384243,25.67611541655407,0.16166857684628916,0.5135223083310814,-0.7148075012632287,-1.5918951867188256,0.00010874669934339258,0.00034000794267809165,0.00023126124333469906,Q1
203145,Kent Bazemore,626.0,39.0,1470.9051327975085,1454.6613031179236,-27.821442176951457,11.360484545258242,-0.04444319836573715,0.2912944755194421,-0.89443001724765,-1.9639707618735485,-3.021486387854995e-05,0.00020024900290884276,0.0002304638667873927,Q2
77449,Moses Malone,1288.0,94.0,1885.37245004933,1914.5929054057365,-39.404238945208974,38.383035263046374,-0.030593353218329948,0.40833016237283376,-0.9407394141126155,0.8637887453592764,-1.622668943610027e-05,0.00021327257675505764,0.0002294992661911579,Q2
95,Mark Bryant,793.0,79.0,1396.0220501629049,1381.710859787439,-75.31853422929353,16.765684483456027,-0.09497923610251391,0.21222385422096238,-0.6553392126330371,-0.8102779986600633,-6.803562743971743e-05,0.00015359498169798758,0.00022163060913770502,Q2
754,Jim Jackson,884.0,48.0,1655.0937865282172,1612.6396375309878,49.66112064124504,19.731341186469315,0.056177738281951405,0.41106960805144405,-1.1183819817087624,-1.7559149102276785,3.39423292741566e-05,0.0002549048147426211,0.0002209624854684645,Q1
201150,Spencer Hawes,683.0,33.0,1546.213163121952,1507.6115581336962,26.880954226649518,12.201279696683324,0.03935718041969183,0.36973574838434314,-0.9443010127876994,-1.4593967310388116,2.5453916289411172e-05,0.0002452460293167603,0.00021979211302734913,Q1
1628379,Luke Kennard,538.0,39.0,1525.2578099204695,1535.7411609467235,102.76792279711438,20.446165625816775,0.1910184438608074,0.524260657072225,-1.1079827201765018,-2.455243510865577,0.0001252368239771659,0.00034137305843195547,0.00021613623445478956,Q1
2570,Kendrick Perkins,776.0,141.0,1466.2659101085464,1517.4742281108292,-141.1856706597875,19.6172414822666,-0.18194029724199418,0.13912937221465674,-0.7876516938902887,-0.969156429986158,-0.00012408410779223892,9.168483367777853e-05,0.00021576894147001745,Q2
673,Alan Henderson,652.0,34.0,1487.2607936912984,1481.733428460468,-69.38055505605,7.244305193319474,-0.1064118942577454,0.21306779980351395,-0.8839314343857685,-1.3538656151551463,-7.154891375414867e-05,0.00014379631026134907,0.00021534522401549775,Q2
703,Kurt Thomas,1107.0,95.0,1552.8001861999585,1523.7861379435635,-62.65361921034586,25.356411719932392,-0.05659766866336573,0.2669095970519199,-0.9359456953732956,-1.5484066671383012,-3.644877761244516e-05,0.00017516211127378392,0.00021161088888622907,Q2
201953,Eric Maynor,267.0,23.0,1435.5682781740977,1433.8648602478188,-58.46237462081366,1.8146320189998635,-0.2189602045723358,0.07889704430434188,-1.2079986449595703,-1.0790997938960705,-0.00015252510653887655,5.5024044797852074e-05,0.00020754915133672862,Q2
1717,Dirk Nowitzki,1522.0,145.0,1971.7251452422245,2036.265084927272,38.094291423032146,63.88356106231794,0.025029100803569085,0.4405762831883996,-0.3816947309632279,1.2008602730875677,1.2694011061310619e-05,0.00021636489593108914,0.00020367088486977853,Q1
77167,Vinnie Johnson,970.0,116.0,1591.2817284479465,1606.1232256478288,74.94639781398809,46.93551888286915,0.07726432764328668,0.4046165420936995,-0.9658423400409978,-0.8985866693904903,4.8554775852699757e-05,0.0002519212322146065,0.00020336645636190672,Q1
201973,Jonas Jerebko,632.0,48.0,1440.8988028012627,1406.7778783575272,-32.75056309011468,11.275054770128671,-0.05182051121853589,0.23489697437768065,-0.8701301498840057,-1.077781695474198,-3.596401851246682e-05,0.00016697516927969668,0.0002029391877921635,Q2
1474,Larry Krystkowiak,416.0,20.0,1478.0277460080133,1569.7124122322575,5.484861754851768,6.598749488195423,0.013184763833778288,0.32993747440977117,-1.222554843806513,-3.0931815379054335,8.920511722049098e-06,0.00021018975949904957,0.00020126924777700046,Q1
1559,Adrian Griffin,459.0,46.0,1458.2630791162017,1465.7906870521854,-53.63653517450286,8.04823158191379,-0.11685519645861189,0.17496155612856065,-1.177228644458913,-0.8643876566140922,-8.013313793107443e-05,0.0001193632608489425,0.00019949639878001694,Q2
203085,Austin Rivers,702.0,65.0,1472.0001260121066,1479.1195396896069,-48.980092607505206,14.313615881553906,-0.06977221169160286,0.22020947510082933,-1.0771079267112342,-1.4826441627484397,-4.739959627627709e-05,0.00014887875468607513,0.0001962783509623522,Q2
1904,Devean George,620.0,84.0,1455.8532716613286,1483.5323450699602,-82.30731666450868,12.741469646049646,-0.13275373655565914,0.15168416245297198,-0.8984322370960603,-0.6054617982569612,-9.118620615123451e-05,0.00010224526816489389,0.0001934314743161284,Q2
1737,Nazr Mohammed,994.0,83.0,1493.1708884046207,1483.2221646814785,-122.97477690345148,13.565316941105364,-0.12371707937972987,0.16343755350729353,-0.9903502958284454,-1.1155198624334748,-8.285527151678898e-05,0.0001101908786148646,0.00019304615013165358,Q2
201153,Julian Wright,225.0,15.0,1438.1517459211102,1501.525597038352,-50.43243819906578,0.8129057375800404,-0.2241441697736257,0.05419371583866936,-1.182237930168878,-1.621979101944834,-0.00015585571578892422,3.6092435550590975e-05,0.0001919481513395152,Q2
1889,Andre Miller,1303.0,67.0,1765.9697464510975,1765.1366652881768,-26.265025417573774,21.269974749171343,-0.020157348747178644,0.31746230968912453,-0.6278730986667989,-0.7010524696028617,-1.1414322803483447e-05,0.00017985140523795959,0.00019126572804144303,Q2
202708,Norris Cole,358.0,67.0,1479.2885324618678,1482.7721452240307,49.65718710785005,28.00798846627445,0.13870722655824036,0.41802967860111123,-0.8251478054436727,-0.8648930689311236,9.376617442399857e-05,0.00028192442105658214,0.00018815824663258356,Q1
1629162,Jordan McLaughlin,330.0,25.0,1418.295250120449,1412.8785393222656,-102.26012654633666,-1.184467497064373,-0.30987917135253534,-0.04737869988257492,-0.8450483394476332,-0.6824904088445092,-0.00021848706841979396,-3.353345568211525e-05,0.0001849536127376787,Q3
702,Voshon Lenard,563.0,31.0,1600.632236989786,1661.9451127244056,122.84380308582112,16.364278407579764,0.2181950321240162,0.5278799486316053,-1.0948264103461436,0.3013220132294546,0.0001363180292647127,0.00031762778721750826,0.00018130975795279557,Q1
365,Derrick McKey,934.0,141.0,1675.9279369023466,1639.147650648412,-84.41830672244875,29.031212464421728,-0.09038362604116568,0.205895123861147,-0.9326864472497263,-0.8682135778684086,-5.3930496682466945e-05,0.00012561109048333702,0.00017954158716580396,Q2
77986,Cliff T. Robinson,613.0,17.0,1684.242514023456,1685.1591010374034,200.07064900988877,10.62801125211693,0.326379525301613,0.6251771324774665,-0.8091594690568173,-2.180743655991561,0.00019378416266309,0.00037098997482943913,0.00017720581216634914,Q1
203521,Matthew Dellavedova,473.0,52.0,1456.028136304502,1486.7286954032124,-134.7942838647994,-1.491732704468906,-0.28497734432304317,-0.028687167393632806,-1.1426675935327346,-1.589913825050946,-0.0001957224158087597,-1.9295495864396846e-05,0.00017642691994436286,Q3
280,Felton Spencer,629.0,35.0,1441.4681403016702,1478.3291247391858,-159.1638874189587,-0.1341760535971268,-0.253042746294052,-0.00383360153134648,-1.0732511538399825,-1.6967007921281034,-0.0001755451537354792,-2.5931989481860635e-06,0.00017295195478729314,Q3
200770,Jordan Farmar,502.0,73.0,1491.4801569066076,1471.6585377983752,18.197093437350397,20.85135317463419,0.036249190114243816,0.2856349749949889,-0.9451790661997699,-1.351587485846312,2.4304171896880048e-05,0.00019409052280721547,0.0001697863509103354,Q1
78423,Danny Vranes,498.0,15.0,1399.9070484722733,1386.3372250234313,-126.96179614097817,-0.3299784127508205,-0.2549433657449361,-0.0219985608500547,-0.8363789716938692,-1.475448905967748,-0.0001821144954039322,-1.5868116684007306e-05,0.00016624637871992488,Q3
202324,Derrick Favors,790.0,42.0,1668.3237359924387,1713.5620093009827,14.326713159192078,12.706445536978041,0.0181350799483444,0.3025344175470962,-0.9434040552702067,-2.6814935707951477,1.0870240323923914e-05,0.00017655294404578318,0.00016568270372185927,Q1
201565,Derrick Rose,723.0,52.0,1735.2461942199031,1844.6683942239658,124.35833771126913,25.319658290135713,0.17200323334891995,0.4869165055795329,-0.6820998618238656,0.43470390358786903,9.912324482938611e-05,0.00026395882701962483,0.00016483558219023873,Q1
210,Terrell Brandon,723.0,38.0,1836.159508556324,1574.7934168220595,391.9496040294965,27.46469076781289,0.5421156348955692,0.7227550202056023,-0.1401849902889087,-2.1861458275700665,0.0002952443033240649,0.0004589522743015559,0.00016370797097749103,Q1
953,Lorenzen Wright,775.0,15.0,1543.6586645341836,1569.536606117677,-51.71781948850712,2.601885687319252,-0.06673267030775112,0.17345904582128346,-1.3477884105493971,-1.1202458629925274,-4.3230198385786576e-05,0.00011051608808942827,0.00015374628647521485,Q2
1627832,Fred VanVleet,545.0,60.0,1785.565294161678,1616.7292483063013,285.59418691884036,42.965279031398865,0.5240260310437438,0.7160879838566477,-0.1804116457611917,-1.8648224993633247,0.0002934790638892731,0.00044292387522946547,0.0001494448113401924,Q1
219,Vinny Del Negro,768.0,54.0,1553.9448942098159,1603.8502389544692,-18.10756149663697,11.110259188779944,-0.023577554032079385,0.20574554053296193,-1.3168081166557664,-1.546122878519193,-1.517270922536067e-05,0.0001282822644756938,0.00014345497370105446,Q2
1631119,Jaylin Williams,230.0,44.0,1445.363560919568,1489.5649289354358,65.86627674165415,22.256639870491078,0.2863751162680615,0.5058327243293427,-0.7190865678517396,-0.9612831982103427,0.00019813362119483913,0.0003395842064372796,0.00014145058524244044,Q1
913,Larry Johnson,705.0,66.0,1808.1343550236843,1727.0692254271146,152.41459766395005,29.507369387917798,0.21619091867226958,0.4470813543623909,-0.9335512643078636,0.7870691203938531,0.00011956573806122817,0.0002588670724833424,0.00013930133442211423,Q1
1365,Xavier McDaniel,867.0,50.0,1701.366225645034,1733.6731354262981,-39.61825681915643,9.470534801767288,-0.04569579794597051,0.18941069603534577,-1.2346427483439557,-1.6358674951809067,-2.6858296148817687e-05,0.00010925398344410003,0.00013611227959291772,Q2
77331,John Lambert,392.0,22.0,1184.7075286263112,1180.7424023267424,-18.14814311496938,2.2950474720014804,-0.04629628345655454,0.10432033963643093,-0.8038559785065601,-1.0038981500619581,-3.907823858453561e-05,8.83514807555482e-05,0.0001274297193400838,Q2
77034,Craig Hodges,683.0,100.0,1482.99646438699,1483.8730314294535,-55.00116487306646,10.374517140796062,-0.08052879190785718,0.10374517140796062,-0.9231702017581556,-1.248242558106802,-5.4301405189893344e-05,6.991512697553388e-05,0.00012421653216542722,Q2
117,Jeff Malone,870.0,51.0,1733.3263491001253,1747.523083505964,88.06573588259927,15.892861718559661,0.10122498377310261,0.3116247395796012,-0.9082887043112677,-2.2064778814028405,5.839926441183718e-05,0.00017832367567609166,0.00011992441126425449,Q1
954,Kerry Kittles,507.0,54.0,1716.7687909144074,1701.0349102693222,244.9910313476637,36.64225390268731,0.48321702435436625,0.6785602574571724,-0.648414182179692,-1.3543578812063493,0.00028146890071142834,0.00039891024773250366,0.00011744134702107532,Q1
76985,Garfield Heard,349.0,25.0,1370.760064352052,1378.3539886865242,-21.2810989579851,2.3837362145394794,-0.060977360911132095,0.09534944858157918,-1.188492109226302,-0.8592821172583379,-4.448434302757108e-05,6.917631418648891e-05,0.00011366065721406,Q2
273,Duane Ferrell,575.0,34.0,1429.7065779684012,1473.2787661755292,-73.60154947273523,1.1519638187511454,-0.1280026947351917,0.03388128878679839,-1.0793905199032376,-1.7368878867059565,-8.953074477497492e-05,2.2997201591895958e-05,0.00011252794636687087,Q2
393,Rod Strickland,1093.0,52.0,1774.5556318199758,1682.3968389280267,74.56698589568528,13.199828552747775,0.0682223109750094,0.25384285678361107,-0.8187762304503883,-0.6127552603126076,3.844472934615238e-05,0.00015088167720604624,0.00011243694785989386,Q1
739,Rasheed Wallace,1108.0,177.0,1758.4354871004675,1766.0829051266105,64.28353656093775,43.64003735129575,0.05801763227521457,0.24655388334065398,-0.8408028578203863,-0.4095356602266939,3.299389298090283e-05,0.00013960493169655504,0.00010661103871565221,Q1
296,Rick Fox,929.0,111.0,1565.9325229689532,1566.170367128568,42.68925107839472,22.80107839152228,0.04595183108546256,0.2054151206443449,-0.9910300687579484,-1.202134743545754,2.9344707010963344e-05,0.00013115758346325692,0.00010181287645229357,Q1
78,LaSalle Thompson,900.0,28.0,1475.9694055812724,1420.8318885739336,-155.41473494591705,-0.6149133541956948,-0.1726830388287967,-0.021961191221274816,-1.0056351982083058,-0.5649904105015391,-0.000116996353837558,-1.545657258813139e-05,0.0001015397812494266,Q3
897,Tim Perry,470.0,23.0,1470.7575215972465,1446.5757198390884,-41.81391886458972,1.2165131064975214,-0.08896578481827601,0.05289187419554441,-1.2817882340124627,-2.088225330215949,-6.048977041549237e-05,3.65635019793004e-05,9.705327239479278e-05,Q2
201158,Marco Belinelli,856.0,65.0,1529.7919205107517,1571.020957835747,2.670739825865579,10.085654911743099,0.003120023161057919,0.1551639217191246,-0.8134323110190882,-2.2351493399749423,2.0395081966547694e-06,9.876629649351073e-05,9.672678829685595e-05,Q1
2207,Joe Johnson,1277.0,120.0,1738.7026198773049,1766.7228508744574,51.775454010181114,25.334425579909784,0.04054459985135561,0.21112021316591487,-0.9606697718885192,-1.185810374677851,2.3318881209379395e-05,0.00011949820712480102,9.617932591542163e-05,Q1
7,Dan Schayes,1120.0,69.0,1426.6257239169859,1447.8536957874437,-53.08377497673999,6.047827177241925,-0.04739622765780356,0.08764966923539022,-1.0174472908992165,-1.6146444105851532,-3.322260832902345e-05,6.053765618059926e-05,9.37602645096227e-05,Q2
349,Mark Jackson,1295.0,131.0,1696.6917363778025,1700.644636299092,21.51899020720869,22.90855477034392,0.016616980854987407,0.17487446389575512,-1.0068985620252071,-1.42210208124955,9.793753631677559e-06,0.00010282833942093472,9.303458578925715e-05,Q1
200797,Ryan Hollins,500.0,30.0,1359.0463696627176,1342.5764054454191,-97.23739487454424,-2.044813047455519,-0.19447478974908847,-0.06816043491518396,-0.7308947622862182,-0.24741798700564505,-0.0001430965080296358,-5.076838430850478e-05,9.232812372113102e-05,Q3
203382,Aron Baynes,516.0,52.0,1453.6540557994008,1453.2657638192172,-9.44642530450311,6.014182786524275,-0.018307025783920756,0.11565736127931298,-0.7082339982133025,-0.9065642545545577,-1.2593798167372954e-05,7.958445327671014e-05,9.21782514440831e-05,Q2
708,Kevin Garnett,1462.0,143.0,1975.1126612455532,1895.1734692772864,40.43124459578907,27.714501732254234,0.027654750065519196,0.19380770442135828,-0.48044361397324675,0.5804486440121268,1.4001606393469955e-05,0.0001022638336612351,8.826222726776514e-05,Q1
77146,Frank Johnson,584.0,54.0,1528.9905421211756,1367.588446780039,-78.72232168480842,-0.14069641405534083,-0.13479849603563085,-0.0026054891491729786,-0.9523015580846671,-1.255243747595079,-8.816175922751247e-05,-1.9051704884664338e-06,8.625658873904604e-05,Q3
204,Jeff Hornacek,1076.0,140.0,1779.6927766129097,1774.5531891674832,202.2271996348823,47.29601975675444,0.18794349408446312,0.337828712548246,-0.5204467599319977,-0.6454107449596848,0.00010560445968778666,0.00019037395701096765,8.4769497323181e-05,Q1
101132,Linas Kleiza,397.0,25.0,1499.226229161252,1531.8017095712155,31.49956611960648,5.252047729990668,0.0793439952634924,0.21008190919962672,-1.2694187632643414,-2.1881209270811324,5.2923297178359606e-05,0.00013714693480687732,8.422363762851772e-05,Q1
76874,Rickey Green,918.0,55.0,1578.4226773352968,1635.0686011274447,31.046540712851467,9.313586510059242,0.03381976112511053,0.16933793654653168,-0.9664244121733105,-2.4317963227929718,2.1426302099387767e-05,0.00010356625797215264,8.213995587276487e-05,Q1
378,Craig Ehlo,860.0,76.0,1569.9076816867992,1601.9982070937244,8.922348242966466,10.639412167291983,0.0103748235383331,0.13999226535910503,-0.8922585739780231,-2.000117779852936,6.60855645166714e-06,8.73860312322527e-05,8.077747478058556e-05,Q1
101130,Johan Petro,472.0,21.0,1368.526097793921,1353.8089868510692,-97.67424616655867,-2.019280203701296,-0.20693696221728533,-0.09615620017625219,-0.8201978159722307,-0.5216033590617326,-0.00015121155712767917,-7.10264159199515e-05,8.018514120772767e-05,Q3
990,Malik Rose,803.0,79.0,1477.1912610903826,1554.5046602307427,-119.33768106706505,-2.62437793302382,-0.14861479584939608,-0.03321997383574456,-0.9775733469207922,-1.3543424377985376,-0.00010060633295359241,-2.1370134606617103e-05,7.92361983469753e-05,Q3
202083,Wesley Matthews,986.0,68.0,1609.8537216314137,1534.3554279498283,-80.01781418755252,2.9891835673719305,-0.08115396976425204,0.043958581873116624,-0.970526542682596,-0.13589651459631275,-5.041077252783639e-05,2.8649543040919215e-05,7.906031556875561e-05,Q2
2030,Kenyon Martin,757.0,112.0,1665.9516587706482,1690.2080235262931,61.28517076550603,24.01497220534572,0.08095795345509384,0.2144193946905868,-1.1474715413040046,-1.0627697636275908,4.8595619824188026e-05,0.00012685976619803405,7.826414637384602e-05,Q1
77527,Hank McDowell,200.0,15.0,1265.215992881389,1215.4808866271064,-196.35015142972182,-12.728998923780338,-0.981750757148609,-0.8485999282520226,-1.0835328909849204,-1.227369569875027,-0.0007759550643307794,-0.0006981598292399656,7.779523509081376e-05,Q3
2067,Eddie House,707.0,62.0,1467.7060618411851,1461.4041451450043,45.192617151958544,10.792159754889035,0.06392166499569808,0.1740670928207909,-0.7249818263530498,-1.493883291993579,4.3552088975847536e-05,0.0001191094834369171,7.555739446106957e-05,Q1
26,Luc Longley,566.0,87.0,1476.9987027804914,1529.7204576020474,1.1196055325478627,9.768942374932866,0.001978101647611065,0.11228669396474558,-0.9456896457451426,-0.6908219803175771,1.3392710798508038e-06,7.340340740475124e-05,7.206413632490043e-05,Q1
203200,Justin Holiday,674.0,22.0,1471.2483189448562,1398.6590295804137,-31.2598222922695,1.1862736828197082,-0.046379558297135755,0.05392153103725947,-0.8487509704450198,-0.556778754800853,-3.152394990017596e-05,3.85523060995327e-05,7.007625599970865e-05,Q2
78150,James Silas,354.0,27.0,1592.4802108024624,1639.7597607673536,-35.5272511233604,0.25603195798619094,-0.10035946645017062,0.009482665110599664,-1.62227561618987,-3.1262257747307456,-6.302085625264929e-05,5.7829600027275275e-06,6.880381625537682e-05,Q2
200780,Solomon Jones,267.0,15.0,1377.9528615922209,1371.0516852916833,-106.97876481403196,-4.601529524440853,-0.40066953113869647,-0.3067686349627235,-1.0667878992483124,-0.3367962507564742,-0.0002907715802960951,-0.0002237469515217147,6.702462877438038e-05,Q3
203482,Kelly Olynyk,841.0,57.0,1567.79541826509,1547.6940108970457,39.768897289551916,8.47229312043652,0.047287630546435096,0.14863672141116702,-1.1124695150844164,-1.202327383916355,3.0161862954519422e-05,9.603753737149694e-05,6.587567441697752e-05,Q1
2048,Jamaal Magloire,678.0,46.0,1484.5110622861916,1536.301912423018,-101.83212163946871,-2.683001524137671,-0.1501948696747326,-0.05832612008994937,-1.028757144305274,-1.8135536181155603,-0.00010117463822965927,-3.7965272072049196e-05,6.320936615761008e-05,Q3
1628425,Sterling Brown,265.0,21.0,1440.552504602509,1458.526487704553,-21.53423030958521,0.20480650023849578,-0.08126124645126495,0.009752690487547419,-0.9751122954975098,-1.2740495685234048,-5.6409777631595125e-05,6.686673550163853e-06,6.309645118175898e-05,Q2
76733,Chris Ford,471.0,41.0,1470.1443613403317,1449.1080341014297,-19.043642031627872,1.7141802533596318,-0.04043236100133306,0.04180927447218614,-1.1425544220431494,-0.8754077690207616,-2.75023066200593e-05,2.88517305047663e-05,5.63540371248256e-05,Q2
1761,Greg Buckner,566.0,36.0,1454.7256239981396,1470.4219623362542,-117.72560087980696,-4.601933224731866,-0.20799576127174374,-0.12783147846477405,-1.2384585185745385,-2.189862288917811,-0.00014297937551968889,-8.693523474151001e-05,5.6044140778178876e-05,Q3
89,Nick Van Exel,880.0,76.0,1724.8319981722007,1717.1864828654034,48.026748001869436,11.177973421726195,0.05457585000212436,0.14707859765429204,-1.43585243073009,-1.2583289720341115,3.164125553094923e-05,8.565091742911207e-05,5.400966189816284e-05,Q1
77484,Wes Matthews,451.0,38.0,1472.7971809184692,1460.1166083478001,17.789749938298698,4.47268232488152,0.03944512181440953,0.11770216644425052,-1.3726088550544675,-1.6663025202711532,2.678245336524251e-05,8.061148388513764e-05,5.3829030519895126e-05,Q1
1628969,Mikal Bridges,636.0,76.0,1716.7411289315985,1741.4317998665194,306.7924912973257,44.24974856684615,0.48237813097063786,0.5822335337742914,-0.5725267207889171,-2.084910317148103,0.0002809847814800374,0.0003343418523877418,5.335707090770443e-05,Q1
201580,JaVale McGee,905.0,74.0,1519.1517369132805,1509.687912068061,-2.762151183578218,5.60555229328325,-0.003052100755335048,0.07575070666598988,-0.8173706758422701,-0.9438162720255032,-2.009082227386002e-06,5.0176401400884254e-05,5.218548362827025e-05,Q2
2767,Royal Ivey,478.0,16.0,1304.4066748561086,1268.8164468610616,-154.41676503320903,-3.9840374060346324,-0.3230476255924875,-0.24900233787716453,-0.5224788341152856,-0.25130100165434227,-0.0002476586725747348,-0.00019624772242917722,5.141095014555755e-05,Q3
2730,Dwight Howard,1241.0,125.0,1843.0345065262368,1862.324292529516,69.76435426567274,18.959220532667057,0.056216240343007845,0.15167376426133647,-0.8652509829455389,-1.6046843456847184,3.05020009901847e-05,8.144326145009065e-05,5.094126045990595e-05,Q1
2561,David West,1034.0,118.0,1783.0482126378852,1789.8069131051911,32.682064927839065,14.43226615520221,0.03160741288959291,0.12230734029832381,-0.8263795101419368,-0.6431111885806696,1.7726617073821087e-05,6.833549440600217e-05,5.060887733218108e-05,Q1
202693,Markieff Morris,791.0,51.0,1577.6737307718893,1480.1566117848038,-76.07457611525203,-0.9079986880789732,-0.09617519104330219,-0.01780389584468575,-1.0854500833621854,-1.30251210760155,-6.0960127032252555e-05,-1.2028386525407901e-05,4.8931740506844655e-05,Q3
203115,Will Barton,675.0,29.0,1611.7138744252106,1607.151019739936,80.42549234120986,5.715925825080626,0.11914887754253313,0.1971008905200216,-0.9885981941770956,-2.25138377723313,7.392681755316245e-05,0.00012263993121935476,4.871311366619231e-05,Q1
77618,Steve Mix,509.0,86.0,1464.2478227115032,1467.490675399712,-28.890512364704357,0.7884467540410789,-0.05675935631572565,0.009167985512105568,-0.9532139035703366,-2.166445692996451,-3.8763490329538834e-05,6.247389278714437e-06,4.501087960825327e-05,Q2
1847,Thurl Bailey,910.0,69.0,1597.6635989110334,1608.6740919115796,-19.619920780711453,3.2001117721875967,-0.02156035250627632,0.046378431480979664,-0.6539727119348656,-1.5353683715448532,-1.3494926291724894e-05,2.8830222177488047e-05,4.232514846921294e-05,Q2
1882,Elton Brand,1058.0,38.0,1898.9124947798082,1745.459329220028,-0.9401496062474912,2.727874374429901,-0.0008886102138445097,0.0717861677481553,-0.8641153614910695,-0.8439340226456413,-4.679574315758821e-07,4.112737922128126e-05,4.159533665285714e-05,Q2
201600,Omer Asik,469.0,37.0,1492.852714350408,1436.0657570418543,-31.42679944252702,-0.5406466988837124,-0.06700810115677402,-0.014612072942803039,-1.0111415642234731,-0.959422604882643,-4.488594253983828e-05,-1.0175072326007122e-05,3.4710870213831155e-05,Q3
201949,James Johnson,781.0,29.0,1522.2358023135996,1481.0785770745622,-42.72282483601719,-0.11400244225707673,-0.05470272066071343,-0.003931118698519887,-1.140864139160768,-1.588817172761297,-3.5935773273478684e-05,-2.654226966326569e-06,3.328154630715211e-05,Q3
2586,Keith Bogans,667.0,34.0,1447.816958007582,1422.6002103762448,-63.497412157376615,-1.707799006938561,-0.09519851897657663,-0.0502293825570165,-1.0305986354699677,-0.7888276851023941,-6.575314541665847e-05,-3.5308150660073353e-05,3.0444994756585117e-05,Q3
2788,DJ Mbenga,222.0,25.0,1342.4237074722141,1333.6369429404274,-91.19817262802603,-9.306782422201628,-0.41080257940552267,-0.37227129688806515,-0.6228722516618753,-0.4833209732080808,-0.00030601558741767497,-0.00027913991049713615,2.6875676920538817e-05,Q3
304,John Stockton,1475.0,182.0,1888.449368344531,1915.7053000131082,315.16217322201845,47.93771336677333,0.21366926998102945,0.2633940294877655,-0.17336428843615,0.0470506270078907,0.00011314535277603872,0.0001374919354693873,2.4346582693348596e-05,Q1
197,Scott Burrell,379.0,23.0,1489.6218233897232,1497.3939445845654,34.88494031043072,2.8464565699051043,0.09204469738899926,0.12375898130022192,-1.227718129500763,-1.4175624324847484,6.179064776289735e-05,8.264958045797188e-05,2.085893269507453e-05,Q1
1517,Bobby Jackson,752.0,57.0,1539.691437205166,1581.0146942832948,46.0579196916648,5.130669940461521,0.061247233632532976,0.0900117533414302,-0.9831264327309118,-2.3815920866364,3.977890124771259e-05,5.693290117220214e-05,1.7153999924489546e-05,Q1
1909,Scott Padgett,419.0,27.0,1445.4503363189851,1446.186255359498,-17.03388883513828,-0.43695613620876284,-0.04065367263756153,-0.01618356060032455,-0.7474276583058077,-0.9453462824198816,-2.8125264228095894e-05,-1.1190509203326361e-05,1.6934755024769533e-05,Q3
76330,Corky Calhoun,237.0,18.0,1199.3145526688302,1105.2110026595171,-28.184433962051806,-1.713674990538708,-0.11892166228713842,-0.09520416614103934,-1.0512113074222698,-2.106657856616609,-9.915802490889691e-05,-8.61411675344757e-05,1.3016857374421214e-05,Q3
136,P.J. Brown,1088.0,106.0,1639.0240848591243,1655.4293440834374,60.05234707699151,8.142470180792973,0.05519517194576425,0.07681575642257521,-0.9478045056889526,-2.0864027110914467,3.367563201519905e-05,4.640231653324101e-05,1.272668451804196e-05,Q1
203524,Solomon Hill,442.0,35.0,1457.1909956067825,1361.1549651988555,-94.78610216829252,-6.544468622606002,-0.21444819495088804,-0.1869848177887429,-1.0764116308794065,-0.9819514045990216,-0.00014716546808031202,-0.00013737217478498173,9.79329329533029e-06,Q3
78095,Alvin Scott,563.0,61.0,1351.7382157211457,1345.9623824790233,-145.55662170869226,-14.927268971703302,-0.2585375163564694,-0.24470932740497217,-0.7112651019483193,-1.0319658015511797,-0.00019126300740009847,-0.00018180993064179188,9.453076758306585e-06,Q3
101126,Nate Robinson,617.0,30.0,1581.06830493769,1600.5613244753845,88.18106714522594,4.7384892842850945,0.14291907154817818,0.15794964280950316,-1.3423737458671583,-0.9006722020144851,9.039398936898593e-05,9.868390569869247e-05,8.289916329706532e-06,Q1
76017,Danny Ainge,1027.0,192.0,1575.4584902542706,1580.5291748473842,52.04347891086091,11.151736989752388,0.050675247235502346,0.05808196348829369,-0.9827837115050856,-1.2614889709644042,3.216539664420078e-05,3.674842857228629e-05,4.583031928085508e-06,Q1
78390,Terry Tyler,852.0,17.0,1502.2487445459471,1521.7795324551605,-25.538418492459673,-0.4105210260908323,-0.029974669592088818,-0.0241482956524019,-0.973652222395637,-0.959788973922072,-1.9953199961667216e-05,-1.586845869417253e-05,4.084741267494686e-06,Q3
335,Willie Anderson,552.0,52.0,1668.9437001549454,1581.258221143013,23.621382613833394,2.216157526760475,0.04279235980766919,0.042618413976162985,-1.4885485054984884,-1.8288598394096098,2.564038547477445e-05,2.6952216536370796e-05,1.3118310615963457e-06,Q1
2585,Zaza Pachulia,1096.0,75.0,1508.8958903445068,1487.8819402367733,1.1305883934810077,0.05214682968372708,0.001031558753176102,0.0006952910624496944,-0.9216601016351542,-0.869327415263449,6.836513769949889e-07,4.6730257532331473e-07,-2.1634880167167414e-07,Q1
78450,Bill Walton,359.0,48.0,1707.8677037478506,1573.5970126982388,-16.91453902996529,-2.239153074567418,-0.04711570760436014,-0.046649022386821205,-1.2108618326053036,-1.5270164151746861,-2.758744573772694e-05,-2.9644834103257708e-05,-2.0573883655307687e-06,Q3
1541,Alvin Williams,459.0,17.0,1589.3125378622333,1676.4125867812174,167.10192192520594,6.433856283624145,0.36405647478258374,0.3784621343308321,-0.7592915597111223,-4.057617952112218,0.00022906537645029347,0.00022575715388626095,-3.3082225640325143e-06,Q1
200811,Lou Amundson,426.0,29.0,1386.6435596060287,1407.91348833131,-100.35280173407004,-7.104331072738691,-0.23556995712223014,-0.24497693354271347,-0.915969498263453,-0.1248809941331563,-0.0001698850115376153,-0.00017399999046323897,-4.114978925623663e-06,Q3
2198,Kwame Brown,606.0,18.0,1508.8321992968158,1569.0654217095484,18.70518454395069,0.4051885798935846,0.030866641161634803,0.0225104766607547,-1.251454493922514,-1.6060684106174092,2.045730544193056e-05,1.4346423258903249e-05,-6.11088218302731e-06,Q1
203507,Giannis Antetokounmpo,894.0,84.0,2121.99238521274,2147.34853691364,656.9915906570909,61.212395954932916,0.7348899224352248,0.7287189994634871,0.7900477752853745,0.6008415586668311,0.00034632071611394994,0.0003393575783979934,-6.963137715956553e-06,Q1
2440,Matt Barnes,925.0,94.0,1545.0238818956786,1568.5556070515663,60.9421678342127,5.233609619573584,0.06588342468563535,0.05567669808057004,-0.9520315141652104,-2.0325011473288113,4.264233417854952e-05,3.549552073912523e-05,-7.146813439424287e-06,Q1
1629029,Luka Doncic,512.0,55.0,2115.294870784942,2143.150721249899,684.5062621129529,73.33284449958842,1.336926293189361,1.333324445447062,0.8614532365847531,4.272418022745082,0.0006320283340417951,0.000622132840320936,-9.895493720859117e-06,Q1
446,Lucious Harris,799.0,54.0,1459.3182607577478,1542.8590859491082,7.798550733349901,-0.5210524561072312,0.009760388902815897,-0.009649119557541318,-0.8221272222021379,-0.7021552968374469,6.688320954572196e-06,-6.254051096056868e-06,-1.2942372050629063e-05,Q4
1718,Paul Pierce,1343.0,170.0,1895.4847224955247,1883.2425084174524,38.72629741097718,0.16054932682094902,0.02883566449067549,0.0009444078048291119,-0.669733378699786,-1.3464256596218587,1.5212818203415286e-05,5.014796557575197e-07,-1.4711338547657766e-05,Q1
2209,Vladimir Radmanovic,730.0,47.0,1511.2313026214601,1536.865193783758,-52.958507148345724,-4.697338893771215,-0.07254590020321332,-0.09994338071853648,-1.020155980826141,-1.932058467604853,-4.800449810520166e-05,-6.503067485865571e-05,-1.7026176753454052e-05,Q3
1509,Kelvin Cato,538.0,19.0,1503.3875571723668,1482.6554171739067,16.319138957423522,0.0797850273556695,0.030332972039820674,0.004199211966087868,-1.1014193302501503,-0.386104846131604,2.0176415519144098e-05,2.832223804295672e-06,-1.7344191714848426e-05,Q1
1626162,Kelly Oubre Jr.,700.0,37.0,1642.3277755075894,1633.8518746022608,233.05097791274028,11.078336493096678,0.3329299684467718,0.2994144998134237,-0.659578298281355,-0.2450874502996538,0.00020271834490765653,0.00018325682056478476,-1.946152434287177e-05,Q1
1626171,Bobby Portis,721.0,54.0,1592.5531710095197,1642.852152907847,200.57696692308144,13.461761103465447,0.2781927419182822,0.24929187228639715,-0.492008721648449,-1.2623910714207502,0.00017468348748565535,0.00015174333968224148,-2.294014780341387e-05,Q1
77142,Magic Johnson,888.0,189.0,2004.5359150183135,1996.7892535791132,434.5979132600914,83.3968489741693,0.4894120644820849,0.44125316917549895,0.09889039529274266,0.3981142589783093,0.0002441523051871154,0.00022098134211438774,-2.317096307272767e-05,Q1
1627783,Pascal Siakam,691.0,94.0,1852.669863295876,1848.1666728604696,380.64321753548916,47.578553028190306,0.5508584913682911,0.506154819448833,0.0441442792814776,-0.6131766812785127,0.0002973322459017717,0.00027386860010057435,-2.3463645801197338e-05,Q1
228,Adam Keefe,615.0,60.0,1485.1530053412162,1507.2630376309448,-47.73195347410982,-7.762013636534838,-0.07761293247822736,-0.1293668939422473,-0.7646410375154631,-1.387014041717252,-5.225921652455981e-05,-8.582900974310427e-05,-3.3569793218544454e-05,Q3
1627826,Ivica Zubac,628.0,54.0,1637.6883201574137,1615.2411548221305,332.2657903406943,25.07675792898219,0.5290856534087489,0.4643844060922628,-0.5946003019142402,-1.6927719172769773,0.0003230685881412975,0.0002875015936201802,-3.556699452111732e-05,Q1
201941,Jordan Hill,409.0,20.0,1513.3331883416583,1488.4847011455713,111.44568568421515,4.273257572719839,0.27248333908121064,0.21366287863599193,-0.9745937741260068,-1.0656316192954793,0.00018005508712843566,0.00014354388625664218,-3.6511200871793486e-05,Q1
2216,Zach Randolph,1111.0,69.0,1811.6221599258836,1832.2210376748303,206.4537734140661,8.288620194812939,0.18582697877053653,0.1201249303596078,-0.5284662899333673,-2.1646023183764576,0.00010257490931670819,6.556246647623459e-05,-3.7012442840473605e-05,Q1
76979,Elvin Hayes,645.0,54.0,1644.4280061977397,1726.5043340958914,-5.276210602483561,-3.930731282849653,-0.0081801714767187,-0.07279132005277135,-1.4540434441472372,1.7888490483958221,-4.974478326742294e-06,-4.2161098941515e-05,-3.718662061477271e-05,Q3
76681,Julius Erving,819.0,141.0,1855.6414273756027,1854.193804888862,4.313956192132247,-9.807924228847725,0.005267345777939252,-0.06955974630388458,-0.2695836943219838,-0.786998162965729,2.8385579779757105e-06,-3.751481971327905e-05,-4.035337769125476e-05,Q4
76078,Dennis Awtrey,299.0,18.0,1219.4675825469433,1208.2637737149792,-20.882592905385344,-2.229205483813784,-0.06984144784409814,-0.12384474910076577,-0.951166929801086,-1.0189551826297425,-5.727208237731863e-05,-0.0001024981066178848,-4.5226024240566176e-05,Q3
204060,Joe Ingles,749.0,60.0,1533.9420582724445,1600.1527446568984,-28.073877192190363,-6.710441844261856,-0.03748181200559461,-0.11184069740436427,-0.73739941478647,-0.2998950129120376,-2.443495945851264e-05,-6.989376344090509e-05,-4.5458803982392445e-05,Q3
753,Randy Brown,653.0,46.0,1413.0687234731938,1391.6132891724205,-24.504757942073496,-4.809018762003644,-0.037526428701490804,-0.104543886130514,-0.75527484735145,-0.5497633558407039,-2.6556690469557822e-05,-7.512423669989907e-05,-4.856754623034124e-05,Q3
101120,Antoine Wright,290.0,25.0,1419.563422816103,1402.1540835927176,-6.690352209807996,-2.2873986582981947,-0.023070180033820675,-0.09149594633192779,-1.1226220409206351,-1.3149143770687268,-1.6251602191929186e-05,-6.525384578097804e-05,-4.900224358904886e-05,Q3
1727,Pat Garrity,547.0,20.0,1447.389478413715,1525.6313887994604,-109.81756519187925,-5.754058907607345,-0.20076337329411198,-0.2877029453803673,-1.0432630050638432,-3.1085285250423533,-0.00013870722171764103,-0.0001885795923527534,-4.9872370635112377e-05,Q3
2753,Delonte West,430.0,58.0,1639.2530804774478,1631.1945844819438,152.83509529264296,15.617328933920884,0.3554304541689371,0.2692642919641532,-1.4258335804754636,-2.382297352234708,0.0002168246370264039,0.00016507184031000794,-5.175279671639597e-05,Q1
201586,Serge Ibaka,919.0,151.0,1676.1683836057523,1696.6771473768752,80.45548698124402,0.06685091970312751,0.08754677582289883,0.00044272132253726825,-0.5731783705676206,-1.3240424854617594,5.223029898378664e-05,2.6093433463268575e-07,-5.1969364649153954e-05,Q1
1630702,Jaden Hardy,234.0,18.0,1453.670241050194,1455.0075424450088,-42.52630453793967,-4.7083083153512435,-0.18173634417922938,-0.2615726841861802,-1.2805027829050957,-1.0216524746130533,-0.0001250189616923954,-0.00017977410876278407,-5.4755147070388664e-05,Q3
76543,Darren Daye,317.0,34.0,1474.1498361507986,1436.590992517382,27.738498084694413,0.19150934733314173,0.08750314853215903,0.005632627862739463,-1.2462798898972385,-0.8973752781736316,5.935838161515616e-05,3.920829165766408e-06,-5.5437552449389754e-05,Q1
380,Tony Smith,454.0,27.0,1408.0379681958452,1407.4314155286754,-58.072129077375365,-5.653346468334759,-0.12791217858452725,-0.20938320253091702,-1.0772697430658917,-1.3863429859868497,-9.084426803378347e-05,-0.0001487697377085093,-5.792546967472584e-05,Q3
175,Alton Lister,939.0,85.0,1472.2211387689572,1497.425496497479,-157.57051481950947,-22.106367214422505,-0.16780672504740093,-0.26007490840497066,-0.7586864071706988,-2.0256286785579,-0.00011398201033013129,-0.00017368136779645686,-5.969935746632557e-05,Q3
324,Anthony Peeler,827.0,56.0,1543.1329743881658,1552.2706377103873,-7.034532214669002,-5.870649903893543,-0.008506084902864574,-0.10483303399809898,-1.1072280658862703,-1.9976541676488013,-5.512217705176792e-06,-6.753528118829113e-05,-6.202306348311434e-05,Q3
77189,Major Jones,358.0,19.0,1292.4445743962056,1282.404310117794,-151.00735750146742,-9.54705335535218,-0.4218082611772833,-0.5024764923869568,-0.9173079556807084,-1.9558735381049828,-0.0003263646809568917,-0.0003918237707270356,-6.545908977014387e-05,Q3
201577,Robin Lopez,988.0,40.0,1535.8053875537173,1624.0861398654993,-27.35087153204777,-5.575706454497716,-0.02768306835227507,-0.1393926613624429,-0.974279395154135,-1.7945070715643032,-1.8025114755177147e-05,-8.582836706800963e-05,-6.780325231283248e-05,Q3
1123,Greg Kite,669.0,61.0,1290.2545649436065,1285.3584605488877,-176.02691804664818,-21.387033716444954,-0.2631194589635997,-0.350607110105655,-0.6727533015825473,-0.6890139980235451,-0.00020392833020133503,-0.0002727699088361195,-6.884157863478447e-05,Q3
906,Haywoode Workman,358.0,41.0,1523.3964830019786,1509.9922375517665,8.585843116578456,-3.4408560833145283,0.0239828020016158,-0.0839233191052324,-1.2646085430817084,-2.835204241810775,1.574298107499612e-05,-5.557864273613876e-05,-7.132162381113489e-05,Q4
198,Danny Ferry,909.0,61.0,1456.284828955951,1460.3585253476188,-23.682969876522996,-8.22815332365671,-0.026053872251400437,-0.13488775940420836,-0.8919417506706537,-1.1651536325315062,-1.78906431855636e-05,-9.23661943714131e-05,-7.44755511858495e-05,Q3
940,Earl Cureton,657.0,54.0,1374.6816807316304,1350.8752608181808,-48.10724235283896,-9.43851299001132,-0.07322259110021151,-0.17478727759280221,-0.6582766601803316,-0.7164722146945706,-5.326512466598167e-05,-0.00012938816977589723,-7.612304510991555e-05,Q3
203076,Anthony Davis,807.0,65.0,2080.567653626809,2098.2184102924844,530.8616872656183,32.673104651658775,0.6578211738111751,0.5026631484870581,0.2758347481737681,2.5116227294085576,0.0003161738925742082,0.00023956664664713745,-7.660724592707077e-05,Q1
77235,Rich Kelley,718.0,45.0,1429.196960688579,1435.086438665196,4.870480785684383,-4.790925485858244,0.00678339942295875,-0.10646501079684986,-0.9754189034371871,-2.140501596669957,4.746301321331208e-06,-7.418717641557201e-05,-7.893347773690322e-05,Q4
1631114,Jalen Williams,248.0,40.0,1829.648266130932,1904.5550403499856,389.23875532285746,59.30130066391169,1.5695111101728123,1.4825325165977923,-0.37760156438256,-0.42202798221118915,0.000857821221284122,0.000778414109956811,-7.940711132731107e-05,Q1
2413,Juan Dixon,435.0,18.0,1487.607514457771,1488.9295582428913,-36.32066632165224,-3.8393431819758597,-0.08349578464747641,-0.21329684344310332,-1.459214080436495,-2.483568496578263,-5.612756310787419e-05,-0.00014325516090554224,-8.712759779766805e-05,Q3
462,J.R. Reid,671.0,47.0,1504.7342569698446,1498.0182471433227,16.59090171485133,-4.99873944700613,0.024725635938675605,-0.10635615844693895,-1.0962960757032385,-1.314721751388587,1.6431895415517956e-05,-7.099790583309453e-05,-8.742980124861248e-05,Q4
1630174,Aaron Nesmith,333.0,58.0,1454.4436440564643,1539.9586134661322,119.7443471912904,14.08146684151856,0.3595926342080793,0.24278391106066483,-0.7029880636928135,-0.36158105999612994,0.00024723724131735366,0.00015765612720864482,-8.958111410870885e-05,Q1
76176,Rolando Blackman,957.0,69.0,1750.286828147697,1757.000781409307,64.20570287830121,-6.830220821440273,0.06709059861891453,-0.0989887075571054,-0.8035665509590779,-1.7692401858981894,3.833120237207951e-05,-5.633959222129977e-05,-9.467079459337928e-05,Q4
765,Hersey Hawkins,979.0,73.0,1724.6142325892504,1745.447702074918,68.29455727585783,-7.0116273124320845,0.06975950692120308,-0.09604968921139842,-0.9031384296333276,-1.000673152947415,4.044933968593638e-05,-5.502868352756626e-05,-9.547802321350265e-05,Q4
1425,Aaron Williams,707.0,52.0,1480.4938055148275,1496.7675283869144,-74.98579588623569,-13.065979761825677,-0.1060619460908567,-0.2512688415735707,-0.9690096947056992,-0.5847554908304398,-7.163957437429107e-05,-0.00016787432704687706,-9.623475267258599e-05,Q3
2230,Maurice Evans,557.0,54.0,1480.9262797938757,1484.8874368481243,-25.841563933631633,-10.246468429443741,-0.0463941901860532,-0.18974941536006928,-1.067943863040361,-1.3136329955779238,-3.132781882465522e-05,-0.00012778707035385675,-9.645925152920153e-05,Q3
77669,Calvin Murphy,492.0,43.0,1653.4209863213846,1670.7121858942044,-6.768162801892371,-7.790572398522924,-0.013756428459130837,-0.1811761022912308,-1.1782120562744862,-4.6872682718186445,-8.31997934762933e-06,-0.00010844243779443142,-0.00010012245844680209,Q3
2260,Jarron Collins,531.0,35.0,1420.889513316219,1322.7884299969123,-161.2548957023234,-14.678837299088636,-0.3036815361625676,-0.4193953514025325,-0.908619264508602,-0.7530196391247994,-0.00021372635473521385,-0.00031705399132007185,-0.000103327636584858,Q3
201988,Patty Mills,916.0,95.0,1521.439438257444,1540.293908942038,-42.13772528480866,-19.751436554653406,-0.04600188349869941,-0.20790985847003585,-1.037508741921532,-1.150377700369757,-3.0235763804957573e-05,-0.00013498064055375006,-0.00010474487674879248,Q3
101141,Ersan Ilyasova,822.0,52.0,1585.779460786409,1576.9366388628137,42.05769703398588,-6.325545253575795,0.05116508154986117,-0.12164510103030375,-1.1450167077896314,-2.148076904457427,3.226494150989176e-05,-7.714013235054672e-05,-0.00010940507386043849,Q4
78523,Mitchell Wiggins,372.0,29.0,1520.4506908387043,1448.3950012315222,65.58765165945688,0.15165224059526472,0.1763108915576798,0.005229387606733266,-1.5494102781285477,-1.146394962391102,0.00011595962474812252,3.6104706259596943e-06,-0.00011234915412216282,Q1
2405,Amar'e Stoudemire,846.0,78.0,1874.9328515160962,1925.902642985271,106.22146053749057,-7.064810017443102,0.1255572819592087,-0.09057448740311669,-0.7186958952748996,-1.8763607330766876,6.69662819432074e-05,-4.7029629318499974e-05,-0.00011399591126170738,Q4
468,Jon Barry,813.0,58.0,1462.5102650068093,1516.2098697872493,69.93796328001352,-5.357298069499764,0.08602455507996742,-0.09236720809482352,-0.6137212534375447,-0.9160441679439653,5.8819795756829714e-05,-6.0919804002980306e-05,-0.00011973959975981001,Q4
2098,Slava Medvedenko,253.0,34.0,1473.2572503606038,1513.4538935598125,17.569347788508537,-3.9495760534026534,0.06944406240517208,-0.11616400157066628,-1.0695775301052,-1.0848233184463154,4.713641313366997e-05,-7.675423880765577e-05,-0.00012389065194132575,Q4
203118,Mike Scott,554.0,57.0,1460.2693086238496,1479.400554897094,-47.831577662746966,-15.460407037351981,-0.08633858783889344,-0.2712352111816137,-0.9878614477011751,-1.7414872990898735,-5.912511296992093e-05,-0.00018334129339330998,-0.00012421618042338906,Q3
2760,Anderson Varejao,629.0,88.0,1593.0722045714451,1554.1011190040872,78.09400431589422,-6.730198481444215,0.12415580972320227,-0.07647952819822972,-1.0516106766140147,-1.41828963602599,7.793482892170705e-05,-4.921142341576847e-05,-0.00012714625233747553,Q4
147,Jalen Rose,923.0,59.0,1649.734582154093,1632.5857405502252,144.48647698119902,-3.2598488809324238,0.15654006173477683,-0.05525167594800718,-1.0837304092612758,-2.50704845879529,9.488802830960796e-05,-3.384304699940959e-05,-0.00012873107530901755,Q4
1630596,Evan Mobley,334.0,45.0,1815.4604374938804,1857.7723886243348,410.48649209923474,45.76224951020319,1.2290014733510022,1.0169388780045154,0.012248528238275649,0.1450204354787763,0.0006769640626526431,0.0005473969169912953,-0.0001295671456613478,Q1
445,Wesley Person,733.0,27.0,1609.2507738565664,1582.6846494474792,43.02735391653538,-4.274063172112623,0.05870034640727883,-0.1582986360041712,-1.3264412189974928,-1.6394477633844031,3.6476817262360896e-05,-0.00010001906321605749,-0.00013649588047841838,Q4
101161,Amir Johnson,870.0,53.0,1538.853080773582,1520.0264913439603,-13.756527780070547,-12.080618649587922,-0.015812100896632812,-0.22793620093562117,-1.1474997706914256,-1.684923919590667,-1.0275250505840405e-05,-0.00014995541343104294,-0.00013968016292520254,Q3
76045,Richard Anderson,406.0,15.0,1385.83266062148,1383.652943036946,-49.82882623428589,-4.751202332268653,-0.12273109909922633,-0.3167468221512435,-1.0111335524442195,-1.2540102376058084,-8.856126903820211e-05,-0.00022892071580899733,-0.00014035944677079522,Q3
203141,Mirza Teletovic,324.0,19.0,1507.3310519339834,1529.5720422058505,10.888689471933457,-3.5702844796045667,0.03360706627139956,-0.18790970945287194,-1.318099439794444,-2.6081222775247057,2.2295743346015437e-05,-0.00012285116638369032,-0.00014514690972970576,Q4
1499,Tony Battie,835.0,53.0,1477.6815260222477,1447.8626616650542,-69.6987612399859,-15.49341858771106,-0.0834715703472885,-0.2923286525983219,-0.9793135697595698,-1.004720382112778,-5.6488200520435934e-05,-0.00020190357852183403,-0.0001454153780013981,Q3
1629048,Goga Bitadze,378.0,16.0,1461.598278413658,1511.9426516500466,83.01954122026658,0.09691214736965215,0.21962841592663115,0.006057009210603259,-0.8735510214015779,-1.4630446098109948,0.0001502659240711506,4.0061104195936204e-06,-0.000146259813651557,Q1
783,Frank Brickowski,716.0,37.0,1556.4218071510277,1484.8315498889965,-8.745651357090217,-8.627376727978882,-0.012214596867444439,-0.23317234399942927,-1.193259452110266,-1.6895017310655092,-7.847870552394023e-06,-0.00015703622678064783,-0.0001491883562282538,Q3
457,Andrew Lang,737.0,42.0,1461.2339079263916,1454.2691866718556,-23.81318644534507,-10.486973860427545,-0.03231097211037323,-0.24968985381970346,-0.8656563068527857,-1.6979752106839472,-2.2112114929104744e-05,-0.0001716943851303947,-0.00014958227020128996,Q3
101139,CJ Miles,841.0,42.0,1507.8497834682616,1500.111381970988,14.760119177759801,-8.715525240488445,0.017550676786872534,-0.20751250572591534,-1.076584987542416,-1.3990158568149917,1.1639539282556096e-05,-0.0001383313987347165,-0.00014997093801727258,Q4
1629731,Dean Wade,342.0,32.0,1439.9239678359972,1445.0070305669328,36.74975871133489,-3.501064940874398,0.10745543482846459,-0.10940827940232493,-1.0618811545089415,-0.4006885813580986,7.462576999114402e-05,-7.571470386507378e-05,-0.0001503404738562178,Q4
76804,George Gervin,767.0,59.0,1875.9397474613568,1877.6763645610151,4.1075315134925265,-16.375935452037577,0.005355321399599122,-0.2775582280006369,-0.568307976030312,0.5436422860440429,2.85474062098545e-06,-0.00014782005740671272,-0.00015067479802769818,Q4
2212,Steven Hunter,390.0,23.0,1426.2207867915738,1422.7219116869624,-4.252862038081437,-5.248898129199418,-0.01090477445661907,-0.22821296213910514,-0.7871634574236566,-1.0367654382024565,-7.645923098029197e-06,-0.00016040588133524032,-0.00015275995823721113,Q3
1763,Ryan Bowen,477.0,19.0,1377.2851962034017,1309.0015402977886,-119.4377261791076,-8.37183058380052,-0.2503935559310432,-0.4406226623052905,-0.6229346341204852,-0.8955315572864945,-0.00018180225607686287,-0.00033660973554320797,-0.0001548074794663451,Q3
1628396,Tony Bradley,231.0,24.0,1440.5347851972087,1390.528917249518,-49.964133183321366,-10.187631369061126,-0.21629494884554704,-0.4244846403775469,-0.9742773163312616,-0.43464315879674364,-0.00015014906343683768,-0.0003052684738244656,-0.0001551194103876279,Q3
389,Toni Kukoc,846.0,99.0,1660.1929055273563,1734.5731748265057,35.09030620606045,-23.014368375682356,0.04147790331685632,-0.23246836743113491,-1.2402020214119518,-1.758583544370331,2.49837854256346e-05,-0.00013402050187613833,-0.00015900428730177292,Q4
76317,Don Buse,583.0,35.0,1464.501577460342,1468.1910559858163,-3.9398641098541245,-8.561379594252289,-0.0067579144251357194,-0.2446108455500654,-1.0249098391517957,-0.6490978796192373,-4.614480809815803e-06,-0.00016660695796557728,-0.00016199247715576148,Q3
2746,Josh Smith,894.0,73.0,1782.5838345090806,1810.19793338729,121.599164153322,-11.384179407460298,0.1360169621401812,-0.1559476631158945,-0.978352885342689,-2.5422205006001586,7.630326243682107e-05,-8.614950897887786e-05,-0.00016245277141569895,Q4
201571,D.J. Augustin,976.0,38.0,1570.2126429543098,1507.679285105955,-17.736888145810852,-9.989528214897373,-0.018173041133002922,-0.2628823214446677,-1.1314099117496572,-1.7584498834289577,-1.1573617888345919e-05,-0.0001743622294486809,-0.00016278861156033498,Q3
1626167,Myles Turner,713.0,66.0,1697.174151432621,1727.8689000540692,160.1967597188955,-3.6865766638707225,0.2246798874037805,-0.05585722217985943,-0.586962506050475,-0.755106914677772,0.0001323846979487187,-3.232723395745564e-05,-0.00016471193190617433,Q4
2557,Luke Ridnour,830.0,22.0,1577.989008435171,1594.2337322559495,-12.517681744401411,-6.187306508596899,-0.015081544270363146,-0.2812412049362227,-1.2079889910261734,-1.8010975261912572,-9.55744570446591e-06,-0.00017641152564137956,-0.00016685407993691364,Q3
1630245,Ayo Dosunmu,348.0,19.0,1573.0625055578284,1674.5535922287352,291.668974904154,11.600321381567355,0.8381292382303277,0.6105432306088081,-0.6448902142479787,-2.1875135088953668,0.0005328009759746426,0.0003646005917291724,-0.0001682003842454702,Q1
1630192,Zeke Nnaji,300.0,22.0,1397.8005867332672,1387.7845749472651,-53.88397492242646,-9.087820599789158,-0.17961324974142154,-0.4130827545358708,-0.695738074120841,-0.9171284218038589,-0.00012849704846754076,-0.00029765625154867256,-0.0001691592030811318,Q3
76504,Adrian Dantley,916.0,73.0,1852.3392055893282,1825.610772490662,16.08018373833704,-21.464036973300843,0.01755478574054262,-0.2940279037438472,-0.1247881762888744,-1.411917219298386,9.477090204413992e-06,-0.00016105727911689958,-0.00017053436932131357,Q4
200794,Paul Millsap,1085.0,130.0,1771.2020943588211,1682.5120198395762,87.87962346130483,-27.90128479172468,0.08099504466479708,-0.2146252676286514,-0.8623117587658294,-1.2135356245881026,4.572885551725675e-05,-0.00012756239783007044,-0.00017329125334732717,Q4
328,Rick Mahorn,1104.0,106.0,1490.5200360493534,1522.8342082282836,-95.90180015627561,-37.45699679195772,-0.08686757260532212,-0.3533678942637521,-0.7974242659215391,-2.21064937137643,-5.8280043544779156e-05,-0.00023204620197944735,-0.0001737661584346682,Q3
915,Rodney Rogers,866.0,82.0,1592.6736715241213,1556.1409447138349,51.66953130865485,-17.854811934892563,0.059664585806760796,-0.21774160896210443,-1.1711984387815353,-1.5918560724577915,3.7461902506157657e-05,-0.00013992409216001048,-0.00017738599466616813,Q4
693,Joe Smith,1028.0,60.0,1594.9010483315246,1550.6850644493961,-0.6619393923207433,-16.555654546370164,-0.0006439099147088943,-0.27592757577283605,-1.1376888602512685,-1.4408707732303547,-4.0373032256923296e-07,-0.00017793914579993073,-0.00017753541547736149,Q3
2400,Drew Gooden,787.0,64.0,1648.110161736445,1652.200404164811,73.8895942146337,-12.848790856642346,0.09388766736293991,-0.20076235713503665,-1.2539069766374764,-2.9175108963909064,5.6966863952844076e-05,-0.00012151210992865132,-0.0001784789738814954,Q4
200748,Tyrus Thomas,402.0,20.0,1553.2935340100162,1594.2555127441929,-4.266530799401112,-5.934049394241825,-0.01061326069502764,-0.29670246971209124,-1.5980798966019467,-3.2491476252678386,-6.832746330713305e-06,-0.00018610722518461116,-0.00017927447885389785,Q3
2039,Keyon Dooling,727.0,62.0,1446.914880073101,1431.568128068826,0.32186273269708265,-16.06230204127307,0.0004427272801885594,-0.2590693877624689,-0.7885238444313274,-1.0092427165916042,3.05980183275323e-07,-0.00018096895473074793,-0.00018127493491402325,Q4
1922,Francisco Elson,468.0,29.0,1407.017006626459,1438.2733818034512,-93.20720964989344,-13.502798001430062,-0.19916070438011418,-0.4656137241872435,-0.8410371739728923,-1.0298317494242386,-0.00014154818558848324,-0.00032373103060797135,-0.0001821828450194881,Q3
76971,Steve Hawes,542.0,24.0,1451.3165757333086,1454.510692545223,-4.663555149841516,-6.573104351545041,-0.008604345294910545,-0.27387934798104335,-1.0236794174679302,-0.3980531039808956,-5.928648124591987e-06,-0.00018829655181275197,-0.00018236790368815999,Q3
353,Darrell Armstrong,826.0,48.0,1610.2293508996247,1595.0746071710919,-22.62336664740367,-15.470860936849926,-0.02738906373777684,-0.3223096028510401,-1.0053620612352554,-1.7405669092736131,-1.7009417771744597e-05,-0.00020206553436560873,-0.00018505611659386413,Q3
714,Michael Finley,1103.0,128.0,1752.291438122272,1635.478164339378,63.04357315259867,-32.39778741064364,0.05715645798059716,-0.2531077141456534,-0.8458694718187392,-1.414154591351347,3.261812318266254e-05,-0.00015476068079936227,-0.00018737880398202482,Q4
1628368,De'Aaron Fox,603.0,30.0,1850.4714409053645,1799.4995388190853,332.2804895166914,5.862941741078892,0.5510455879215446,0.19543139136929638,0.4031980319439775,2.532047435023869,0.00029778659412973117,0.00010860319058350384,-0.00018918340354622733,Q1
1032,Darvin Ham,392.0,41.0,1372.453704460033,1311.0367828589124,-127.33193937946419,-23.01584248157276,-0.3248263759680209,-0.5613620117456771,-0.7702629149834848,-0.7065288797597838,-0.0002366756524554815,-0.0004281817406537924,-0.00019150608819831088,Q3
101133,Ian Mahinmi,610.0,64.0,1457.4675129381403,1426.656827230384,10.810496820031574,-16.435225828983086,0.01772212593447799,-0.2568004035778607,-0.8472289158353635,-1.0511861415641817,1.2159534107728805e-05,-0.00018000152431639488,-0.00019216105842412369,Q4
2215,Jason Collins,729.0,94.0,1414.410453549455,1470.477441363631,-150.53887254326148,-47.3557062711893,-0.2065005110332805,-0.5037841092679712,-0.6773383725640306,-1.0859072714803073,-0.00014599758543573305,-0.0003425990056677052,-0.00019660142023197216,Q3
1627854,Bryn Forbes,423.0,42.0,1476.5736173679238,1494.7865247698542,-18.338651961701984,-14.285487643817369,-0.04335378714350351,-0.3401306581861278,-1.2162609751624207,-2.071845348347625,-2.9361073930593515e-05,-0.00022754463767894634,-0.00019818356374835282,Q3
77530,Mike McGee,505.0,68.0,1479.3837461886917,1494.9597252500944,66.35572547604663,-11.179587448538152,0.13139747619019135,-0.16440569777261987,-1.2911437247616062,-1.6494216993655466,8.881906167261076e-05,-0.0001099733290441093,-0.00019879239071672006,Q4
203471,Dennis Schroder,911.0,92.0,1635.0357569862665,1581.521092690004,107.34257780467068,-18.45774585913461,0.11782939385803587,-0.20062767238189796,-0.6119773806371795,-1.3831891134132113,7.206533151007142e-05,-0.0001268574117090345,-0.00019892274321910592,Q4
76968,Scott Hastings,564.0,44.0,1270.7904080728702,1263.6581506645516,-194.01780820386944,-26.234683592415944,-0.3440032060352295,-0.5962428089185442,-0.6753895684778843,-0.899021755751336,-0.00027070019088112565,-0.00047183869197930077,-0.00020113850109817512,Q3
78417,Sam Vincent,395.0,52.0,1495.9952891222556,1446.0755296778857,77.88607381712934,-5.227282401174873,0.1971799337142515,-0.10052466156105525,-0.9211210276824344,-1.122651933485335,0.000131805183577779,-6.951549867070026e-05,-0.00020132068224847929,Q4
202323,Evan Turner,705.0,63.0,1578.221352116152,1582.7611573788076,19.033129243450425,-18.719420597614956,0.02699734644461053,-0.2971336602796025,-1.1317085517768213,-2.107968884948871,1.7106185015436042e-05,-0.00018773120561770804,-0.00020483739063314408,Q4
221,Clar. Weatherspoon,903.0,17.0,1646.4590658005968,1584.9582196247334,69.94265507227009,-4.29474595001022,0.07745587494160586,-0.2526321147064835,-0.8900297616788136,-1.9024752238776244,4.704391171968958e-05,-0.0001593935484093067,-0.00020643746012899628,Q4
77193,Bobby Jones,761.0,125.0,1588.6222272154198,1606.3327133526366,46.2891922053298,-33.81055832584293,0.060826796590446514,-0.27048446660674347,-0.647391390701101,-0.4959830195233232,3.828902526251655e-05,-0.00016838632766321822,-0.00020667535292573477,Q4
77097,Dan Issel,701.0,53.0,1734.3513719004648,1718.6948131683912,-1.4892888157217943,-19.364032713128307,-0.002124520421857053,-0.3653591077948737,-0.5249998178007562,-1.472676705473609,-1.2249653999057004e-06,-0.0002125793974564565,-0.00021135443205655082,Q3
1934,Rodney Buford,223.0,16.0,1452.369238107921,1442.0760040901175,20.398512093350394,-3.4488047593516242,0.09147314840067441,-0.21555029745947651,-1.2358581394265131,-1.457497857906437,6.298201999915763e-05,-0.00014947221703163883,-0.00021245423703079646,Q4
201967,Dante Cunningham,712.0,19.0,1461.3500643718553,1463.4406995810064,-30.488340038340798,-6.732613827638351,-0.042820702301040445,-0.35434809619149216,-0.9108728030793054,-1.0256385581327625,-2.930215240346702e-05,-0.00024213355299804398,-0.00021283140059457696,Q3
202357,Nemanja Bjelica,449.0,21.0,1530.58155724877,1483.52784834566,40.431488641313656,-4.82810792433447,0.09004785888933999,-0.22990990115878426,-1.2138442263871094,-2.1010744507547927,5.883244735497897e-05,-0.00015497511652050604,-0.000213807563875485,Q4
305,Robert Parish,1594.0,183.0,1727.0261184365625,1755.9142462953946,62.057200685471194,-61.86511182551216,0.03893174447018268,-0.33806072035798995,-0.9025937783871104,-0.7665595525354725,2.254264950284985e-05,-0.00019252689649920326,-0.0002150695460020531,Q4
200752,Rudy Gay,1120.0,20.0,1748.4719477676465,1679.1871270526387,-21.14187203402465,-7.642200335214757,-0.01887667145895058,-0.38211001676073786,-0.9704686981442603,-2.036858465915644,-1.0796096261682256e-05,-0.00022755654245124496,-0.0002167604461895627,Q3
101236,Chuck Hayes,641.0,31.0,1455.113390719803,1386.538984838307,-70.9031323888009,-12.606239155493526,-0.11061331105897176,-0.4066528759836621,-1.0149403580664278,-1.0308635405479205,-7.601697006186887e-05,-0.00029328629085108955,-0.00021726932078922068,Q3
201939,Stephen Curry,1068.0,161.0,2021.2106967730647,2048.648572513765,510.4770934292756,5.659404415892169,0.47797480658171876,0.03515158022293273,0.0716536666920312,-0.4770934980556702,0.00023647945627084928,1.7158423701631015e-05,-0.00021932103256921826,Q1
76336,Mack Calvin,218.0,18.0,1325.1478685344796,1314.1342725437476,-22.749021477182076,-7.097377070423645,-0.10435330952835814,-0.39429872613464695,-1.427292733930021,-3.05875649016082,-7.874842650108593e-05,-0.00030004447366813555,-0.00022129604716704962,Q3
67,Tom Hammonds,679.0,20.0,1382.083534624814,1381.2371184111057,-86.36400183512963,-8.696835120379482,-0.12719293348325425,-0.4348417560189741,-0.9335090044303044,-0.9402331713110611,-9.202984501062199e-05,-0.0003148204969463828,-0.0002227906519357608,Q3
201160,Jason Smith,615.0,26.0,1421.408438040652,1406.3922203946995,-56.79518716428072,-10.568232288268568,-0.09234989782809873,-0.4064704726257142,-0.7959023778797023,-1.4174797141584614,-6.497069762397002e-05,-0.00028901643988875277,-0.00022404574226478276,Q3
203924,Jerami Grant,775.0,41.0,1612.4901315627023,1589.1201465995605,223.96045210298894,-3.0107973306627516,0.2889812285199857,-0.07343408123567687,-0.2837496202011689,-0.5878924239684522,0.00017921426175794772,-4.621052812955205e-05,-0.00022542478988749976,Q4
1629028,Deandre Ayton,470.0,55.0,1799.2522927460407,1845.9636169365376,253.45935061871464,7.293862023554349,0.5392752140823716,0.13261567315553363,-0.7791274779456461,-2.2871725316571143,0.00029972184348828765,7.184089217078693e-05,-0.0002278809513175007,Q1
77022,Johnny High,274.0,18.0,1348.2355905485838,1345.5628413360114,-111.7774557103114,-12.88849260612453,-0.40794691865077154,-0.7160273670069183,-0.9740970350250896,-1.8485354953806419,-0.0003025783635371782,-0.0005321396704861244,-0.00022956130694894617,Q3
201951,Ty Lawson,551.0,36.0,1769.822355906082,1666.3238449813557,155.4660408193679,-4.287490479058235,0.28215252417308145,-0.11909695775161763,-1.1470633226773057,-2.6158353167335626,0.00015942420618177242,-7.14728761220783e-05,-0.00023089708230385073,Q4
313,Vern Fleming,882.0,37.0,1673.9945297955035,1496.5649440922564,66.85568161801928,-10.344740874427082,0.07580009253743682,-0.27958759120073196,-0.9863326854708914,-2.0374815029528355,4.5280967881476064e-05,-0.00018681955120251477,-0.00023210051908399083,Q4
101162,Marcin Gortat,805.0,86.0,1707.80892651825,1533.924443205457,114.70953205844724,-19.619273425044916,0.14249631311608352,-0.22813108633773158,-0.8346767339583688,-1.8380699182918332,8.343808894745274e-05,-0.00014872380927772675,-0.0002321618982251795,Q4
2617,Udonis Haslem,874.0,143.0,1601.3608601487972,1577.0359826735605,-57.12591369548903,-62.11538931080376,-0.06536145731749317,-0.4343733518238025,-0.8897106892023408,-1.285901256415471,-4.0816195115084696e-05,-0.0002754365509703883,-0.00023462035585530358,Q3
201,Chris Dudley,878.0,56.0,1418.3023423137952,1421.6969045554133,-99.32695843663485,-25.12321471041679,-0.11312865425584835,-0.44862883411458554,-0.7482373176441117,-1.3424081198121787,-7.976342623202055e-05,-0.00031555870500743526,-0.00023579527877541471,Q3
788,Kevin Willis,1406.0,92.0,1638.6343393473694,1626.0493656782483,-27.949662833710352,-37.405249334089504,-0.019878849810604803,-0.40657879710966854,-1.0339848910097857,-0.824421628162705,-1.2131351902781491e-05,-0.00025004086941731856,-0.00023790951751453707,Q3
1536,Stephen Jackson,853.0,72.0,1690.2397772642837,1705.927941083166,90.78674583722724,-22.336762588745888,0.10643229289241178,-0.31023281373258177,-0.9635154667667896,-1.5277218740637397,6.296875409279293e-05,-0.00018185575501835196,-0.0002448245091111449,Q4
1861,Negele Knight,274.0,17.0,1476.9778743369097,1430.6100032842558,10.653233355678267,-5.322077865678997,0.038880413706854994,-0.3130634038634704,-1.622263463138936,-1.220175156490669,2.6324303418770158e-05,-0.0002188321087821068,-0.00024515641220087696,Q4
82,Bill Wennington,715.0,70.0,1365.0936433440866,1389.5636553109289,-57.41353025329675,-29.612853443659553,-0.08029864371090455,-0.42304076348085073,-0.6532985447032293,-0.6850381279486986,-5.882280977750067e-05,-0.0003044414423650071,-0.00024561863258750643,Q3
600009,Rory Sparrow,824.0,30.0,1517.220496059022,1588.8391789251623,4.292974418011249,-11.672657420646866,0.005209920410207826,-0.3890885806882289,-1.0002772514097857,-1.3434454220653405,3.4338584429491865e-06,-0.00024488858649082684,-0.000248322444933776,Q4
203504,Trey Burke,496.0,20.0,1561.0430977330107,1487.150102141797,22.939133818047328,-6.557374550784413,0.046248253665418,-0.32786872753922064,-1.3145012470604045,-1.5010859245341523,2.9626506617646225e-05,-0.00022046781092710367,-0.0002500943175447499,Q4
72,Kenny Anderson,857.0,36.0,1717.614295042728,1648.0011316099253,17.977964433702255,-14.223744623590864,0.020977788137342187,-0.3951040173219684,-1.3278653687130346,-2.397017238808804,1.2213328800235875e-05,-0.00023974741870231182,-0.0002519607475025477,Q4
201142,Kevin Durant,1201.0,172.0,2073.07778372774,2087.995404734082,551.1692342308663,-11.891759632946481,0.45892525747782376,-0.06913813740085163,0.0233606805144422,0.2796291626385535,0.0002213738727413303,-3.311220764379832e-05,-0.0002544860803851286,Q4
1006,Herb Williams,1084.0,55.0,1552.9840385399946,1408.0445378980623,-93.81022327748035,-24.042414450659322,-0.08654079638143944,-0.43713480819380585,-0.8108328142606331,-0.9241442456928144,-5.5725489917332925e-05,-0.000310455242308147,-0.00025472975239081413,Q3
1885,Lamar Odom,961.0,108.0,1763.1302992774692,1764.7278183015105,112.69063960369544,-35.969292164932334,0.11726393299031784,-0.3330490015271512,-1.27060419411422,-1.5952811100962325,6.65089432348662e-05,-0.00018872542160507186,-0.00025523436483993806,Q4
76453,Dave Corzine,878.0,68.0,1492.7445151924949,1451.5205003359015,-1.164110227305749,-25.347282818523592,-0.0013258658625350218,-0.3727541590959352,-0.8489443230142497,-1.7708962384994344,-8.882068224273774e-07,-0.00025680254533757863,-0.00025591433851515123,Q3
200769,Shannon Brown,398.0,53.0,1495.392117758968,1484.1206865838176,61.36964941658532,-12.102179050227718,0.15419509903664652,-0.2283430009476928,-0.9086217158881832,-1.2506894019622126,0.00010311348923500223,-0.00015385743424498573,-0.00025697092347998793,Q4
672,Matt Bullard,607.0,35.0,1400.5500477701248,1414.7113439321242,-47.6630513957896,-15.79432504247375,-0.0785223251989944,-0.4512664297849643,-0.8971872892717114,-0.835715231158356,-5.6065347556849626e-05,-0.00031898127608893717,-0.00026291592853208755,Q3
137,Vernon Maxwell,853.0,49.0,1615.1475462858705,1660.471421647844,14.406001404543726,-20.70408452254683,0.01688863001705009,-0.42253233719483324,-1.2162082906982383,-2.700802332008325,1.0456400751675298e-05,-0.00025446528719868855,-0.0002649216879503638,Q4
1631128,Christian Braun,280.0,51.0,1506.2635930590181,1501.4712292859026,208.44024656596378,17.318639428224927,0.7444294520212992,0.3395811652593123,-0.3114695221045406,-1.2616842880760082,0.0004942225620081963,0.00022616561585453527,-0.000268056946153661,Q1
1629006,Josh Okogie,491.0,21.0,1452.7398987869926,1448.9239687577765,-3.45486092241273,-8.306638854226243,-0.007036376624058513,-0.39555423115363064,-0.8862736603517801,-0.6509239131034277,-4.843521286868861e-06,-0.0002729986111643635,-0.00026815508987749467,Q3
201149,Joakim Noah,671.0,61.0,1714.175371726296,1785.4918509647796,135.16257040423264,-16.633331297322584,0.20143453115384893,-0.2726775622511899,-1.0180177266285726,-1.017239774936762,0.00011751104027996278,-0.00015271845800015845,-0.00027022949828012124,Q4
201147,Corey Brewer,817.0,46.0,1494.4551780050765,1510.3389864306687,-13.405662728504577,-19.840638940951347,-0.016408399912490303,-0.4313182378467684,-0.960574128200358,-0.9888809340560352,-1.0979519596160525e-05,-0.0002855771066772816,-0.0002745975870811211,Q3
1629022,Lonnie Walker IV,340.0,17.0,1479.5419384686284,1523.229583330268,88.2040532970163,-2.7227237773898505,0.259423686167695,-0.16016022219940296,-1.0531937744229323,-0.8778419678398,0.00017534054251696748,-0.00010514516258884717,-0.00028048570510581463,Q4
689,Theo Ratliff,809.0,42.0,1567.4133511506425,1451.5940342254007,-14.403949769732264,-17.925747396810188,-0.01780463506765422,-0.4268035094478616,-0.983778727070248,-2.131984145891564,-1.1359246783615687e-05,-0.0002940240173111571,-0.0002826647705275414,Q3
78449,Lloyd Walton,340.0,18.0,1283.9756896950457,1284.746706228541,-18.379189390658965,-7.5445717238793515,-0.054056439384291076,-0.4191428735488529,-0.9090283864246168,-1.6492004655623063,-4.2100827779013405e-05,-0.0003262455326928018,-0.0002841447049137884,Q3
200768,Kyle Lowry,1187.0,141.0,1756.1503551640262,1779.9511906884188,86.33061323571131,-61.11377610817377,0.07273008697195561,-0.43343103622818274,-0.7720682404592782,-0.8981341182709757,4.1414498911263526e-05,-0.00024350725935386338,-0.0002849217582651269,Q4
76362,Bill Cartwright,960.0,124.0,1608.3407274882416,1529.628738788131,33.67362202076798,-49.98074506037126,0.03507668960496665,-0.40307052468041343,-0.9396666029001648,-0.7558706282419976,2.1809240421180025e-05,-0.00026350872892186343,-0.00028531796934304343,Q4
203210,JaMychal Green,540.0,53.0,1500.5872077726376,1482.652504618992,-0.8033944550889005,-22.526542669685785,-0.0014877675094238899,-0.4250291069752035,-0.8911401887475798,-1.3934588405329629,-9.914568788256056e-07,-0.00028666805313523304,-0.00028567659625640743,Q3
76272,Fred Brown,611.0,69.0,1519.323883297979,1499.1835209672122,13.861855137524037,-28.013525685742675,0.022687160617878947,-0.4059931258803286,-0.9052492889818656,-2.406274757400301,1.493240570182586e-05,-0.0002708094907676135,-0.00028574189646943937,Q4
717,Arvydas Sabonis,470.0,51.0,1768.8461653815175,1789.6920445304336,186.75561227285948,-5.728968686848564,0.3973523665379989,-0.11233271934997184,-1.3310158235932774,-1.609248851488317,0.00022463930120926885,-6.276650761972006e-05,-0.00028740580882898894,Q4
76616,Mike Dunleavy,419.0,67.0,1454.8964463257057,1466.350322535137,30.561620669563652,-23.335787102999618,0.07293942880564118,-0.3482953298955167,-1.2199818323144649,-2.1563247113954533,5.013375968430424e-05,-0.00023752532020680943,-0.0002876590798911137,Q4
2546,Carmelo Anthony,1260.0,84.0,1900.4398875608745,1931.1557893244862,179.84136897407936,-34.496211652201744,0.1427312452175233,-0.41066918633573507,-0.2866155472321225,0.041020684324987705,7.510431987444348e-05,-0.00021265461264488982,-0.0002877589325193333,Q4
1712,Antawn Jamison,1083.0,46.0,1795.715729924769,1779.5559143668283,147.56082497252535,-17.519072596797187,0.13625191594877686,-0.38084940427819974,-0.5744245128605885,0.3629891545897783,7.587610537581307e-05,-0.00021401373297882983,-0.0002898898383546429,Q4
2594,Kyle Korver,1226.0,145.0,1545.1271904371322,1537.1584153466176,81.14954769575516,-55.61493136594768,0.06619049567353602,-0.3835512507996392,-0.7938847130291531,-1.8188786486234385,4.2838218163004466e-05,-0.0002495196636666438,-0.0002923578818296483,Q4
1903,Kenny Thomas,631.0,23.0,1630.102841121465,1688.8075202584848,-10.995833254427788,-11.955925374559037,-0.017426043192437065,-0.519822842372132,-1.6488934422491257,-3.0760973653047348,-1.069014957390568e-05,-0.00030780467053614805,-0.0002971145209622424,Q3
1629638,Nickeil Alexander-Walker,456.0,45.0,1510.043314963166,1535.1689338788144,294.2925231018024,8.605919667883347,0.6453783401355315,0.1912426592862966,-0.6231158977712041,-1.1642974227541183,0.00042739061438861706,0.00012457434166746447,-0.0003028162727211526,Q1
201229,Anthony Tolliver,726.0,15.0,1437.03647962948,1397.8159046286696,-70.15941279248588,-7.77704569704165,-0.09663830963152326,-0.51846971313611,-0.9775613240030393,-1.169792950752727,-6.724833433347504e-05,-0.00037091416074124705,-0.000303665826407772,Q3
76392,Jim Chones,469.0,29.0,1455.8977483694755,1413.5320821235227,-6.287906185518469,-12.925863670137831,-0.013407049436073494,-0.4457194369013045,-0.9346680954876476,-0.5797523352020392,-9.20878506137443e-06,-0.00031532318405657164,-0.0003061143989951972,Q3
406,Shaquille O'Neal,1207.0,216.0,2075.3579995534983,2099.9084673722828,320.4804826339915,-81.65888295331006,0.26551821262136827,-0.3780503840431021,-0.5539061885685839,-0.4175743292027566,0.00012793851117662256,-0.00018003183944306623,-0.0003079703506196888,Q4
203468,CJ McCollum,863.0,79.0,1793.0179414010554,1794.6127760722666,315.00702980404327,-15.030029463344274,0.36501393951801075,-0.19025353751068702,-0.193651360661647,-1.2747414407338786,0.00020357517406255883,-0.00010601369835730278,-0.0003095888724198616,Q4
698,Eddie Johnson,1113.0,89.0,1636.8906708014194,1633.7845808785091,78.57599833298417,-39.187143261465934,0.07059838125155811,-0.4403049804659094,-0.9528418832731111,-2.1052573292318315,4.312956418585564e-05,-0.0002695000219852431,-0.0003126295861710987,Q4
988,Randy Livingston,201.0,16.0,1398.1677231117203,1412.9174412882596,-31.617316054751285,-9.70242575073295,-0.1573000798743845,-0.6064016094208093,-1.0679057693558105,-1.3392100352689071,-0.00011250444225983285,-0.0004291840355993545,-0.00031667959333952166,Q3
1629026,Kenrich Williams,447.0,34.0,1442.502649904904,1427.910455550183,26.498429440954652,-13.401131182260663,0.0592806027761849,-0.39415091712531364,-0.6554928502697609,-1.101698610355197,4.109566299936637e-05,-0.00027603335740926746,-0.00031712902040863385,Q4
2203,Shane Battier,976.0,112.0,1608.0521033420337,1529.4159622202917,61.03260480527682,-48.09761407953209,0.06253340656278362,-0.4294429828529651,-0.807167784746486,-1.633136643157919,3.8887674368771825e-05,-0.00028078887200152656,-0.00031967654637029836,Q4
201145,Jeff Green,1247.0,108.0,1561.093247770919,1559.3966283086947,-19.6408157830586,-56.371093651458445,-0.015750453715363752,-0.5219545708468375,-0.8270804072102843,-1.4521489283700677,-1.0089374057477849e-05,-0.0003347157236148086,-0.0003246263495573308,Q3
1628420,Monte Morris,425.0,56.0,1585.3356648011595,1558.3965978042856,71.04788478560779,-19.141642889495255,0.1671714936131948,-0.3418150515981296,-0.8945336298675264,-0.9320124641819681,0.00010544864240732404,-0.00021933765261021002,-0.00032478629501753403,Q4
757,Damon Stoudamire,877.0,53.0,1711.372288725599,1693.1269848074205,63.9331458729961,-25.3391233684012,0.07289982425655199,-0.4780966673283245,-1.1346214186226211,-1.4150398149779233,4.259729150507516e-05,-0.000282374961605555,-0.00032497225311063014,Q4
2225,Tony Parker,1254.0,226.0,1820.7973353000066,1837.5596606232498,201.46416900706095,-100.50704721923678,0.160657232063047,-0.4447214478727291,-0.33738405899845675,-0.6823086232770974,8.823454919906067e-05,-0.00024201741984360487,-0.00033025196904266555,Q4
203957,Dante Exum,319.0,39.0,1436.415404388253,1449.3155070100838,32.251188989034986,-15.836699759466756,0.10110090592173977,-0.4060692246017117,-0.6868160741885916,-1.2038135906701823,7.038416993640992e-05,-0.00028018000403475044,-0.0003505641739711604,Q4
77498,Bob McAdoo,520.0,72.0,1661.4477788436852,1548.6710406269704,30.417839486525253,-35.33419991334537,0.058495845166394715,-0.49075277657424127,-1.3454390454495155,-1.1925045486120238,3.520775429192602e-05,-0.00031688639078287595,-0.00035209414507480195,Q4
203991,Clint Capela,737.0,95.0,1705.1079000844531,1729.5375547609542,116.90951211903327,-42.58246719486489,0.15862891739353224,-0.4482364967880515,-0.6261119886205097,-1.6370704508707106,9.303160074836052e-05,-0.0002591655182937059,-0.0003521971190420664,Q4
2754,Tony Allen,817.0,107.0,1566.1230950769946,1584.9981997738223,140.5561471557465,-41.1154661316959,0.17203934780385127,-0.3842566928195878,-0.9484613634716956,-1.3545867081017091,0.00010985046344354777,-0.00024243352003454696,-0.00035228398347809475,Q4
201933,Blake Griffin,764.0,68.0,1949.078613922496,1979.2231313615637,107.41073981956019,-37.73063143284281,0.14058997358581177,-0.5548622269535708,-0.9462701825129766,-2.1103754284169285,7.2131504897525e-05,-0.00028034344292038733,-0.00035247494781791234,Q4
203992,Bogdan Bogdanovic,525.0,39.0,1633.998364191579,1680.040098102316,122.5499625146704,-13.776000206838955,0.2334285000279436,-0.35323077453433216,-0.8287503070624116,-1.0254436727850826,0.0001428572421756569,-0.0002102513951502246,-0.0003531086373258815,Q4
1630217,Desmond Bane,395.0,40.0,1797.7532442945835,1809.5903308812153,374.2301503020691,12.536466755819848,0.9474181020305547,0.3134116688954962,0.595142801552339,-1.6461189933525318,0.0005270011916470272,0.00017319481848848865,-0.0003538063731585385,Q1
209,Dell Curry,1079.0,51.0,1559.5075959181383,1555.2557161061568,42.078903148768426,-26.085095080873778,0.03899805667170382,-0.5114724525661525,-0.8058721670566145,-1.9045999715461837,2.500664746601908e-05,-0.00032886710993527767,-0.00035387375740129673,Q4
101123,Gerald Green,650.0,66.0,1483.2632028671046,1475.1698554059892,67.29432319998291,-27.774118333175018,0.10352972799997372,-0.42081997474507604,-1.018232231528839,-1.5173238021798507,6.979862225386146e-05,-0.00028526882731701425,-0.0003550674495708757,Q4
1626164,Devin Booker,737.0,53.0,1898.2983142137464,1951.302661666339,486.5249967474916,-0.7936852100136971,0.6601424650576548,-0.01497519264176787,-0.1595715357659273,0.453654156484081,0.00034775486029501023,-7.674459188704031e-06,-0.00035542931948371427,Q4
101181,Jose Calderon,889.0,39.0,1647.4505807003895,1475.5265582113004,-21.81921429798631,-21.356640740046572,-0.024543548141716883,-0.547606172821707,-0.9019179924945152,-1.51917950618482,-1.4897896440257742e-05,-0.0003711259345176001,-0.0003562280380773424,Q3
77685,Larry Nance,868.0,68.0,1845.6877479772754,1852.3829343306902,381.4620224288204,-14.992867796775373,0.43947237607006956,-0.220483349952579,-0.2217739112829176,1.057574607323692,0.0002381076520401112,-0.00011902687390728141,-0.0003571345259473926,Q4
78375,Trent Tucker,747.0,66.0,1470.399082185419,1446.6283960005612,26.871971806434768,-31.860524055877264,0.03597318849589661,-0.48273521296783733,-0.8461926553092556,-1.3632840922659477,2.4464914955217817e-05,-0.00033369676297135956,-0.00035816167792657736,Q4
17,Clyde Drexler,1064.0,145.0,1913.312510645849,1935.3308412745064,431.8836891507304,-41.205554949490384,0.4059057228860248,-0.28417624103096817,-0.014418464133569099,-0.6015668115378962,0.00021214815699344854,-0.00014683600083788503,-0.0003589841578313336,Q4
201959,Taj Gibson,1007.0,71.0,1591.9249760506616,1579.3839294811537,-59.8424352338874,-44.552785170017415,-0.05942645008330427,-0.6275040164791186,-1.1240694634352084,-1.0539034434217285,-3.7329931358155333e-05,-0.0003973093588999991,-0.0003599794275418438,Q3
201943,Brandon Jennings,555.0,25.0,1746.1691246840994,1532.6946856803563,67.98444847961926,-11.226807749752146,0.12249450176507976,-0.44907230999008585,-1.8292717636397189,-3.5193194407314365,7.015042244962401e-05,-0.00029299528091646294,-0.00036314570336608694,Q4
1628400,Semi Ojeleye,283.0,36.0,1335.5611673719704,1335.8141507219711,-76.01801110058419,-27.19017723513944,-0.2686148802140784,-0.7552827009760956,-0.7203046255370572,-1.1944656811928254,-0.00020112510514411043,-0.0005654100164816235,-0.00036428491133751303,Q3
1628989,Kevin Huerter,550.0,38.0,1561.1491311614839,1589.888796220733,104.84596526031214,-14.755489929992223,0.19062902774602208,-0.3883023665787427,-0.806116596008639,-1.426650963548344,0.00012210814709559198,-0.00024423240638072436,-0.00036634055347631637,Q4
201177,Josh McRoberts,426.0,23.0,1514.5908883530476,1511.9470728550975,54.07743801220067,-9.897123740577554,0.12694234275164476,-0.430309727851198,-1.4481443435259604,-1.544402096035396,8.381295815775091e-05,-0.00028460634342088387,-0.00036841930157863477,Q4
203937,Kyle Anderson,747.0,83.0,1538.6100663148825,1521.5074662788045,72.33411571414635,-38.76051639045681,0.09683281889443955,-0.4669941733789977,-0.6632463792625156,-1.5893583806065728,6.29352563163475e-05,-0.00030692861108407113,-0.00036986386740041864,Q4
1629611,Terance Mann,459.0,38.0,1540.319937342729,1552.8613508359022,16.193296757097528,-20.56129988969575,0.03527951363202076,-0.5410868392025198,-1.4535145706717305,-2.5350863566929682,2.2904016741406946e-05,-0.0003484450423801544,-0.00037134905912156136,Q4
77879,Paul Pressey,712.0,74.0,1666.5116128403097,1746.9658912619393,55.95131820041353,-41.93037087609348,0.07858331207923248,-0.5666266334607226,-1.0945919204984107,-2.6507035600323565,4.715437412722223e-05,-0.0003243489963341035,-0.00037150337046132576,Q4
77952,Micheal Ray Richardson,505.0,18.0,1722.653559620976,1734.9609155146118,357.8315534148191,0.990178174407891,0.7085773334946913,0.05500989857821617,-0.6369126705118526,-2.130638711480672,0.0004113289811159679,3.170670767640868e-05,-0.0003796222734395592,Q1
201567,Kevin Love,989.0,94.0,1783.8657468236447,1780.2230656035863,78.75192642747234,-56.96807044384468,0.07962783258591744,-0.6060433025940923,-1.0055258744500613,-1.3221520299184093,4.4637794479603036e-05,-0.0003404311034407437,-0.0003850688979203467,Q4
101142,Ronny Turiaf,469.0,47.0,1440.9110840526544,1462.1022075811693,26.834489737649424,-23.826165486908568,0.05721639602910325,-0.5069396912108206,-0.8382973946329229,-1.5885664481719224,3.9708484903994555e-05,-0.0003467197358586011,-0.00038642822076259567,Q4
77615,Mike Mitchell,731.0,35.0,1684.3786718039096,1705.611006450129,123.84934040307084,-17.16241671851351,0.1694245422750627,-0.49035476338610023,-0.7575261677172789,-2.4437310152713545,0.00010058577985531902,-0.00028749507451096405,-0.0003880808543662831,Q4
76641,Franklin Edwards,287.0,21.0,1426.1725616467731,1458.5219107173452,15.694611072016146,-10.72926519799971,0.054685056000056256,-0.5109173903809386,-1.2078533418501776,-1.175524547140777,3.834392658411021e-05,-0.000350298056290189,-0.0003886419828742992,Q4
194,Anthony Bowie,456.0,37.0,1427.8851350878513,1420.8523195788684,-4.8439326139818935,-20.948394472628927,-0.010622659241188362,-0.5661728235845656,-0.9002867692983074,-1.0902362142549196,-7.43943541406417e-06,-0.000398474081917518,-0.00039103464650345386,Q3
1630230,Naji Marshall,370.0,16.0,1522.2051227080483,1487.55090891744,228.13868846830067,0.2809295428784502,0.6165910499143261,0.017558096429903136,-0.6524326575866496,-1.1572828417768275,0.0004050643640046305,1.180335834198843e-05,-0.00039326100566264207,Q1
70,Steve Kerr,898.0,126.0,1457.1385417661793,1509.7512597718899,38.34206510537942,-69.4966421694081,0.04269717717748265,-0.5515606521381595,-0.5828643975394021,-1.171238321098434,2.9302071116539088e-05,-0.0003653321357198241,-0.0003946342068363632,Q4
177,Muggsy Bogues,885.0,19.0,1630.8769653232198,1652.572767168511,64.12677520794647,-11.049631405001808,0.07245963300332935,-0.5815595476316741,-0.8102597009499871,-0.2685668866872747,4.442985862453992e-05,-0.0003519116127201514,-0.00039634147134469134,Q4
1626246,Boban Marjanovic,317.0,29.0,1553.0956675056425,1567.726568538039,34.792922346006605,-14.893139643491631,0.10975685282651926,-0.5135565394307459,-1.1955578651978835,-0.6898905125095389,7.066973086261636e-05,-0.0003275804274400068,-0.00039825015830262313,Q4
1641717,Cason Wallace,227.0,48.0,1530.9268322406838,1572.2115590887804,193.3580486534321,11.84500169102343,0.8517975711604938,0.24677086856298813,-0.2663083201413324,-0.232981084802398,0.000556393390736899,0.0001569578007084563,-0.0003994355900284427,Q1
201589,Darrell Arthur,500.0,28.0,1418.8405330250462,1472.6776079291085,-26.07621949561264,-18.058104148889196,-0.052152438991225285,-0.644932291031757,-0.9681997465232284,-1.5794883085839702,-3.6757082827365674e-05,-0.0004379317561150849,-0.0004011746732877192,Q3
78204,Robert Smith,227.0,26.0,1304.8114297968716,1305.3873974910075,-106.86059541308082,-25.870721728183188,-0.47075152164352785,-0.9950277587762765,-1.264951038257854,-1.1318655815118104,-0.00036078126761720104,-0.0007622471005072891,-0.00040146583289008805,Q3
57,Doug Christie,826.0,58.0,1682.9097482617485,1724.6973355390082,148.10329190718028,-29.63404099121465,0.17930180618302696,-0.5109317412278388,-1.1810178001315292,-3.307600764475228,0.00010654273431372361,-0.00029624429208511573,-0.0004027870263988393,Q4
2562,Sasha Pavlovic,559.0,44.0,1398.5145775549324,1479.1928336481792,-81.64085014432546,-33.06474128294921,-0.14604803245854286,-0.7514713927943002,-0.9267707657560076,-1.1114580783785057,-0.00010443082596527759,-0.0005080280107502435,-0.00040359718478496587,Q3
980,Zydrunas Ilgauskas,843.0,80.0,1704.7392924957946,1711.9246962307911,116.4438912167333,-45.255209839696434,0.13813035731522338,-0.5656901229962055,-0.8965286360324071,-1.9516786132880921,8.102726201200887e-05,-0.0003304410084402116,-0.00041146827045222047,Q4
76618,T.R. Dunn,977.0,76.0,1394.688952166128,1417.2648261207996,-96.03713095316786,-52.16761168135193,-0.09829798459894357,-0.6864159431756832,-0.8416961945193475,-1.7490395540195944,-7.048022030021416e-05,-0.000484324404673525,-0.00041384418437331085,Q3
1630182,Josh Green,344.0,41.0,1443.7528192320342,1485.1035158234624,-9.74735459080901,-26.39748812362875,-0.02833533311281689,-0.6438411737470427,-0.7645374094677715,-1.405950915655533,-1.9626166429160023e-05,-0.0004335328594182505,-0.0004139066929890905,Q3
76887,Kevin Grevey,605.0,68.0,1495.760872338677,1523.943783447974,24.73677648076853,-40.21744871600514,0.04088723385250997,-0.5914330693530168,-0.943155244357913,-2.792981676533957,2.733540809138915e-05,-0.0003880937576416891,-0.00041542916573307823,Q4
2045,Hedo Turkoglu,996.0,109.0,1607.8580082457042,1600.565662401055,59.752674073173,-66.00805290535713,0.05999264465178012,-0.6055784670216251,-1.0507350378137308,-1.7864887513028014,3.731215340167797e-05,-0.0003783527794249811,-0.00041566493282665907,Q4
202689,Kemba Walker,750.0,32.0,1850.9608670322034,1848.8269220379477,268.43543016172833,-13.179582308163841,0.35791390688230446,-0.41186194713012003,-0.00487239742811905,0.2892708073007291,0.00019336654451056927,-0.00022276933671872744,-0.0004161358812292967,Q4
2572,Josh Howard,507.0,66.0,1725.9819180178065,1781.819369466768,112.66827990117868,-34.05859793432473,0.22222540414433664,-0.5160393626412838,-1.2132079202630135,-1.5363827912136592,0.0001287530314335796,-0.0002896137349745587,-0.0004183667664081383,Q4
78418,Jay Vincent,554.0,38.0,1595.4409374176948,1581.363825163553,60.35070769771258,-21.07571229661325,0.1089362954832357,-0.5546240078056118,-1.4805280023146739,-1.9495655337881328,6.827974193739496e-05,-0.00035072511396815954,-0.0004190048559055545,Q4
898,Blue Edwards,701.0,34.0,1527.3087586191664,1559.4503450785537,68.80354928584349,-18.85741972724398,0.0981505695946412,-0.5546299919777641,-0.7717966142978014,-1.8907646202030248,6.426373779416988e-05,-0.00035565735948445723,-0.0004199210972786271,Q4
76338,Tony Campbell,684.0,38.0,1494.422381779404,1392.925777185962,43.02752601815557,-20.25677876632162,0.0629057397926251,-0.5330731254295163,-0.9691350846401272,-1.4578939367895551,4.209368151842282e-05,-0.00038270030906201587,-0.00042479399058043866,Q4
1630559,Austin Reaves,329.0,34.0,1755.5413361025685,1747.7110658682827,397.9304037728859,15.411204885899789,1.2095149050847596,0.4532707319382291,0.1556158888384283,0.6666565381851289,0.0006889697668811218,0.0002593510682574062,-0.00042961869862371557,Q1
101110,Martell Webster,580.0,18.0,1509.6914627121332,1525.5184143787333,47.60691651847794,-10.402208047973321,0.0820808905490999,-0.577900447109629,-1.4125033954440858,-2.6829257250439236,5.436931490732754e-05,-0.0003788223345340467,-0.00043319164944137425,Q4
2046,Desmond Mason,642.0,16.0,1558.879969587922,1656.2854709123617,13.835868198070491,-11.145419772059729,0.021551196570203258,-0.696588735753733,-1.0361599410632678,-2.975256405461151,1.3824795359901988e-05,-0.0004205728710341331,-0.00043439766639403506,Q4
76499,Lou Dampier,232.0,15.0,1339.8137082622916,1315.9083748162689,-31.83679957467918,-10.820938729263492,-0.13722758437361715,-0.7213959152842329,-1.2409132860547416,-1.4718071507425687,-0.00010242288426172193,-0.00054821135657333,-0.00044578847231160814,Q3
371,Terry Mills,674.0,17.0,1565.1072163746294,1536.5797185752713,39.67197012191997,-10.719700981492469,0.05886048979513349,-0.6305706459701452,-1.2249738671155495,-1.6017189193074306,3.760796013162362e-05,-0.0004103728809819352,-0.0004479808411135588,Q4
1626166,Cameron Payne,497.0,72.0,1484.1623458157803,1526.9350043129955,53.756912893417216,-41.576729437551236,0.10816280260244912,-0.577454575521545,-0.8953795856040083,-2.138559894566373,7.287801291239246e-05,-0.00037817888377073103,-0.0004510568966831235,Q4
2210,Richard Jefferson,1176.0,140.0,1652.490227868455,1600.4930097241822,77.25112059250482,-92.5342701083703,0.06568972839498709,-0.6609590722026449,-0.7975519701798034,-1.8692190215094326,3.975196178903895e-05,-0.0004129721705667118,-0.00045272413235575076,Q4
955,Samaki Walker,439.0,46.0,1503.0053529637016,1508.993467670368,7.774081004907223,-30.641833284361944,0.01770861276744242,-0.6661268105296074,-1.0267890987084878,-1.5571771678421407,1.1782135527677055e-05,-0.00044143783575020714,-0.00045321997127788417,Q4
78014,Tree Rollins,1128.0,93.0,1451.5750761942818,1450.323068455922,-84.6677011959312,-69.45767135032078,-0.07506001879071915,-0.7468566811862449,-0.7275062026140016,-0.4082184076376624,-5.170936041938003e-05,-0.0005149588373998501,-0.0004632494769804701,Q3
200779,Steve Novak,415.0,19.0,1418.6334765910403,1427.0181067622511,-54.23174393369519,-15.203194750241646,-0.13067890104504865,-0.8001681447495603,-0.9408364824282692,-1.9572538226862104,-9.211604209359877e-05,-0.0005607273943881867,-0.00046861135229458794,Q3
77323,Kevin Kunnert,328.0,15.0,1347.8163630299946,1355.0559898547322,-14.43078850760315,-10.198149345127147,-0.04399630642561936,-0.6798766230084765,-1.270785098160221,-3.922632185421393,-3.26426563977249e-05,-0.0005017332332381057,-0.00046909057684038077,Q3
76567,Coby Dietrick,477.0,28.0,1315.3847775522904,1314.9386467124295,-1.0558589808763181,-17.444165139188872,-0.0022135408404115684,-0.623005897828174,-0.7185966984971338,-2.173421084668301,-1.6828086185782043e-06,-0.000473790849014739,-0.0004721080403961608,Q3
77376,Lafayette Lever,737.0,48.0,1708.4960014653898,1677.9284239037293,177.86036818636,-26.76420351146094,0.24133021463549525,-0.5575875731554363,-0.6529592439518175,-2.8495937524647665,0.0001412530169391702,-0.00033230712658064354,-0.00047356014351981375,Q4
76247,Randy Breuer,670.0,59.0,1462.3638026294811,1469.677266088975,-0.04477231097061907,-41.077222973475386,-6.682434473226726e-05,-0.696224118194498,-0.9641000904080148,-1.4482429091275328,-4.569611516102231e-08,-0.00047372585414432627,-0.00047368015802916525,Q3
199,Reggie Williams,598.0,24.0,1622.762752191064,1646.887781746456,95.47093731768226,-14.901930614567178,0.15965039685231147,-0.6209137756069657,-1.1719334298243174,-2.436414092348687,9.83818470301654e-05,-0.00037702251634201355,-0.00047540436337217894,Q4
404,Kevin Duckworth,683.0,67.0,1556.7445551300143,1591.1727252370383,-27.673909799166026,-53.922764817832864,-0.040518169544899015,-0.8048173853407891,-1.2302830638038202,-2.077131275117904,-2.602750040870711e-05,-0.0005058013957729791,-0.000479773895364272,Q3
2446,Rasual Butler,793.0,40.0,1465.575608185896,1442.4005543882358,17.12317632475069,-26.906668967785954,0.02159290835403618,-0.6726667241946489,-0.9553110654303772,-1.5455906039714236,1.4733397740403236e-05,-0.0004663522363106318,-0.00048108563405103506,Q4
1628436,Luke Kornet,420.0,64.0,1476.2264434684694,1543.4126144025886,142.13015748957707,-24.95590182889265,0.3384051368799454,-0.38993596607644765,-0.7370298644476685,-1.3536892124081246,0.00022923660416544582,-0.00025264531495835987,-0.0004818819191238057,Q4
1628464,Daniel Theis,410.0,41.0,1521.7746953394728,1532.642386821162,36.9232657028381,-26.721640540147213,0.0900567456166783,-0.651747330247493,-1.0504905464004417,-1.6062719445605764,5.9178764039435365e-05,-0.00042524422908547864,-0.000484422993124914,Q4
78110,Brad Sellers,398.0,28.0,1469.4602549241486,1460.4592785284192,-80.00707001766727,-25.44182476385154,-0.20102278898911374,-0.9086365987089835,-1.05960035306438,-2.161848466608645,-0.00013680042608535216,-0.0006221581197556836,-0.0004853576936703314,Q3
77334,Mark Landsberger,412.0,41.0,1338.9977407848535,1293.8888230635946,-141.0846951416006,-39.34321514429295,-0.3424385804407782,-0.9595906132754377,-0.8798146135193445,-1.0110346978108198,-0.00025574246319493997,-0.0007416329719916546,-0.0004858905087967146,Q3
78500,Paul Westphal,517.0,48.0,1773.2222785853544,1777.6850294155784,6.276625134503032,-40.9259948699487,0.012140474147974917,-0.8526248931239313,-0.945747502866707,-2.212050582198284,6.846560803229009e-06,-0.00047962652495545593,-0.00048647308575868495,Q4
101179,Ronnie Price,529.0,27.0,1373.4355252820994,1390.8779096004798,-72.83662199995032,-22.165773489645378,-0.13768737618138058,-0.8209545736905696,-0.8166661096788496,-1.4118755417579194,-0.00010025033840092349,-0.0005902420104769534,-0.00048999167207603,Q3
101106,Andrew Bogut,704.0,77.0,1663.3382318570298,1571.5093637455527,65.84424833523988,-52.60484917884079,0.09352876183982937,-0.6831798594654648,-1.3216833116168694,-1.8097908393164213,5.622955094070641e-05,-0.0004347284688378607,-0.0004909580197785671,Q4
1626145,Tyus Jones,744.0,32.0,1509.664004155857,1534.8757002627535,54.358140601739215,-21.812820123086237,0.07306201693782152,-0.6816506288464449,-0.8379989546062463,-2.560176830329155,4.839621050557859e-05,-0.0004441080334581842,-0.0004925042439637628,Q4
123,Robert Pack,551.0,33.0,1530.5520077194226,1509.152367869515,59.52139033821305,-21.128433241984105,0.10802430188423422,-0.6402555527873971,-1.2636873913810789,-1.85510412943462,7.057865485093467e-05,-0.0004242484499370014,-0.0004948271047879361,Q4
896,Tim Hardaway,867.0,56.0,1844.8520372868563,1883.6735108504577,177.56047033303923,-40.52095611753454,0.20479869703926093,-0.7235885020988311,-0.6179222962704853,-1.3858468878095915,0.00011101090651174902,-0.0003841368994843161,-0.0004951478059960652,Q4
383,Kendall Gill,966.0,27.0,1659.1934032823503,1686.5695661531774,54.29652761326225,-21.315094125099602,0.05620758552097541,-0.7894479305592446,-0.7277583353115105,-2.034267982796399,3.387645190113523e-05,-0.0004680790798092377,-0.0005019555317103729,Q4
2747,JR Smith,975.0,140.0,1612.931626285177,1640.4034355242707,127.22116357520387,-97.86566383296861,0.1304832446925168,-0.6990404559497758,-0.7988207847078065,-1.5345362827481654,8.08981872300683e-05,-0.0004261393513397291,-0.0005070375385697974,Q4
1628392,Isaiah Hartenstein,425.0,65.0,1509.0054250107523,1689.6544746671389,278.04256763486416,-8.104475254973288,0.6542178061996804,-0.12468423469189674,-0.4603286593096923,-0.9135059758716306,0.00043354238186056805,-7.379274080072464e-05,-0.0005073351226612927,Q4
2436,Flip Murray,485.0,45.0,1523.0312503083458,1542.3170517130786,139.56788067768377,-22.196571697737085,0.2877688261395542,-0.4932571488386019,-1.4136067945017796,-2.016443980942909,0.00018894479419335214,-0.000319815661955324,-0.0005087604561486762,Q4
727,Eric Snow,837.0,101.0,1533.1940456928303,1591.3814629799408,47.99729670284462,-76.38861648920721,0.057344440505190705,-0.756322935536705,-0.6753576188144539,-1.3816531761394777,3.740194573954108e-05,-0.000475261873492263,-0.000512663819231804,Q4
203648,Thanasis Antetokounmpo,210.0,20.0,1377.2174345739336,1383.956404311472,-122.20222809122333,-25.93426843499596,-0.5819153718629683,-1.296713421749798,-0.8840110140111754,-1.3934430623097696,-0.00042252977435113144,-0.0009369611771802321,-0.0005144314028291007,Q3
77817,Billy Paultz,618.0,70.0,1409.577762788625,1408.886274378837,38.97048970321481,-46.49330218699413,0.06305904482720844,-0.6641900312427733,-0.8753789553309439,-0.5203516446583567,4.473612346328177e-05,-0.0004714291304566848,-0.0005161652539199665,Q4
224,Eddie Jones,954.0,81.0,1786.4346434045035,1767.7140265070896,139.56331734893146,-62.5341476093908,0.14629278548106023,-0.7720265136961827,-1.0130274384313203,-1.3722496744620716,8.189092504512915e-05,-0.00043673722226533816,-0.0005186281473104674,Q4
201575,Brandon Rush,480.0,22.0,1491.2854429457652,1399.7423895618404,-19.755296305867006,-16.95027200747249,-0.041156867303889594,-0.7704669094305676,-1.0675222910658158,-1.1505937029301072,-2.759824921417568e-05,-0.0005504347908415819,-0.0005228365416274063,Q3
1521,Jacque Vaughn,753.0,70.0,1408.4181845045498,1398.2685502978575,-5.346701970604777,-52.16083588074208,-0.007100533825504352,-0.7451547982963154,-0.6832215183314774,-1.2402584983834717,-5.041495419204746e-06,-0.000532912506783896,-0.0005278710113646912,Q3
399,Sean Rooks,741.0,24.0,1401.5609346886672,1454.900136969099,-81.15744698184233,-21.16964680711921,-0.10952421994850517,-0.8820686169633004,-0.9558926489876972,-1.3018146668620032,-7.814445825206602e-05,-0.0006062743377018699,-0.0005281298794498039,Q3
201599,DeAndre Jordan,1118.0,71.0,1628.5108902545212,1784.6795207408793,64.41649867369169,-62.825168851483596,0.0576176195650194,-0.8848615331194872,-0.9007590389657606,-1.147926178038699,3.5380555272807725e-05,-0.0004958097646305439,-0.0005311903199033517,Q4
1629723,John Konchar,361.0,18.0,1418.2497286299497,1426.0764362349437,-28.145935062318095,-15.118245039940646,-0.07796657911999473,-0.8399025022189248,-0.9753231794004968,-1.9141595417914883,-5.497380154291417e-05,-0.0005889603676759388,-0.0005339865661330245,Q3
2403,Nene Hilario,965.0,91.0,1666.9460978312986,1675.8784690143473,108.37584018882379,-71.82156779496556,0.11230657014385885,-0.7892479977468743,-0.8693731291524311,-1.5960818776176395,6.737264647607382e-05,-0.0004709458426368252,-0.000538318489112899,Q4
201168,Tiago Splitter,351.0,64.0,1607.9365323745433,1635.0205847880484,132.69436964411048,-31.79575112178222,0.3780466371627079,-0.4968086112778472,-0.8840449366600388,-2.3344370245266703,0.00023511290996319496,-0.0003038546522900503,-0.0005389675622532453,Q4
203079,Dion Waiters,419.0,23.0,1590.211070692358,1539.2225952176152,158.42752650701308,-10.755590311386973,0.37810865514800257,-0.467634361364651,-0.9166435761450658,-1.8505450299750743,0.00023777262158247887,-0.0003038120430518608,-0.0005415846646343397,Q4
278,Stacey Augmon,990.0,75.0,1488.236592492969,1478.2743280032714,-21.331304933010077,-61.750095157445585,-0.02154677265960614,-0.8233346020992744,-0.9533772401234715,-1.74380833371718,-1.4478055954472127e-05,-0.000556956571931656,-0.0005424785159771838,Q3
2430,Carlos Boozer,860.0,83.0,1797.8485284182943,1814.950196982213,211.21282273592197,-62.06199995278408,0.24559630550688602,-0.7477349391901696,-0.9838693265474838,-2.9858417123401293,0.000136605671515028,-0.00041198647788432823,-0.0005485921493993563,Q4
203915,Spencer Dinwiddie,621.0,36.0,1662.6947744107692,1673.0961606950118,193.81298570624696,-22.092749447536544,0.3120982056461304,-0.6136874846537929,-0.8223623867380232,-2.9552712134371464,0.00018770625279479372,-0.0003667974974007855,-0.0005545037501955793,Q4
77553,Tom McMillen,646.0,25.0,1376.7505107871057,1384.376648127238,5.504410606900928,-19.022881586630735,0.008520759453407009,-0.7609152634652294,-0.894208824648151,-1.9139504877115765,6.189036711187115e-06,-0.0005496446826769168,-0.0005558337193881039,Q4
76252,Junior Bridgeman,743.0,46.0,1578.05524457241,1650.2813384277006,33.409127404227334,-40.32894720382656,0.04496517820219022,-0.876716243561447,-1.0761663102600143,-1.953327729155202,2.849404566591963e-05,-0.0005312525950252428,-0.0005597466406911624,Q4
1905,Andrei Kirilenko,797.0,55.0,1728.3178330074277,1690.4358857045447,177.69084127807884,-40.07171202585153,0.22294961264501736,-0.7285765822882097,-1.1336272153671447,-1.43592959687409,0.00012899803982064173,-0.0004309992401661252,-0.000559997279986767,Q4
1628975,Jevon Carter,463.0,25.0,1409.7759566392538,1401.430750919988,-43.604710337790586,-22.02118333322783,-0.09417864003842459,-0.8808473333291132,-0.8613368577145152,-1.3143805434189275,-6.680397661408256e-05,-0.0006285343266164734,-0.0005617303500023909,Q3
1630631,Jose Alvarado,296.0,32.0,1509.4817530753776,1483.8576041886172,68.19851588967744,-19.51869310647519,0.23040039151918054,-0.6099591595773497,-0.8407214830200263,-0.41273385536307344,0.00015263542672825888,-0.00041106313561056236,-0.0005636985623388212,Q4
920,A.C. Green,1274.0,152.0,1622.509829234416,1614.2622449280184,160.64935914146938,-120.98816718311095,0.12609839807022713,-0.7959747840994141,-0.8601618070313269,-2.0625237580991036,7.771811042262028e-05,-0.0004930888934560366,-0.0005708070038786569,Q4
2037,Jamal Crawford,1323.0,74.0,1687.525404074994,1691.6406432945364,144.3230163741332,-63.48178755174655,0.10908769189276886,-0.8578619939425209,-0.7847549938951804,-1.7707253494294855,6.464358499691123e-05,-0.0005071183394315953,-0.0005717619244285066,Q4
344,Dana Barros,840.0,28.0,1544.7968348735612,1476.892505099668,59.431375999624954,-21.762620839865242,0.07075163809479161,-0.7772364585666158,-1.178224106630339,-1.4699353178617445,4.579996313921921e-05,-0.0005262647456621524,-0.0005720647088013716,Q4
201960,DeMarre Carroll,570.0,64.0,1549.214428081883,1636.797784215808,112.45705656176878,-46.712121019567036,0.19729308168731366,-0.7298768909307349,-0.781492182620615,-1.826860790694275,0.00012735040295976758,-0.0004459175702516117,-0.0005732679732113792,Q4
283,Lindsey Hunter,931.0,141.0,1526.430465702209,1436.9135705542917,14.105139230768154,-114.20965237217234,0.015150525489546889,-0.8099975345544138,-0.9619484033793428,-1.0353034317387453,9.925460628550244e-06,-0.0005637065103657946,-0.0005736319709943448,Q4
200746,LaMarcus Aldridge,1076.0,72.0,1890.1530612849733,1937.4135027798216,336.84643804089774,-56.96524852938302,0.313054310446931,-0.7911840073525419,-0.1729595047755341,-3.5224942197986326,0.00016562378828416618,-0.0004083712672681091,-0.0005739950555522753,Q4
78381,Jeff Turner,574.0,24.0,1363.8570551203024,1374.849312816826,-39.937354242865375,-20.624712635463755,-0.0695772722001139,-0.8593630264776565,-0.8943435627780485,-0.9380432622425299,-5.1015076645240256e-05,-0.000625059792710644,-0.0005740447160654037,Q3
2734,Devin Harris,984.0,64.0,1602.0355360939593,1596.6605396209584,20.572121674570095,-57.339439013642334,0.02090662771805904,-0.8959287345881615,-0.936490278236892,-2.0839192585301722,1.305003993171901e-05,-0.0005611266216930819,-0.0005741766616248009,Q4
2427,Roger Mason Jr.,501.0,24.0,1421.5071471460335,1472.7034032119313,-67.39036201689953,-23.731598088677686,-0.13451170063253398,-0.9888165870282369,-1.0128323803857744,-2.1895108785400685,-9.462611630380736e-05,-0.0006714295525301642,-0.0005768034362263568,Q3
1629013,Landry Shamet,449.0,83.0,1468.5933360233707,1467.75665334552,120.94197890703046,-48.17628277511782,0.26935852763258455,-0.5804371418688894,-0.6138854809773677,-1.5893477401961689,0.00018341260376541574,-0.0003954587026029652,-0.0005788713063683809,Q4
202696,Nikola Vucevic,1036.0,27.0,1815.2179726353327,1822.442184653924,291.6619639264384,-20.87302598960896,0.28152699220698685,-0.7730750366521837,0.08779801298150895,-2.786058972663844,0.0001550926646006408,-0.0004241972904062184,-0.0005792899550068592,Q4
202681,Kyrie Irving,779.0,97.0,1942.5139410428355,1952.1989618729308,551.8186784997373,-41.458764467860235,0.7083680083436936,-0.4274099429676313,0.2091699901973209,2.415996167037622,0.0003646655982110519,-0.00021893769606227848,-0.0005836032942733303,Q4
201564,O.J. Mayo,547.0,26.0,1631.3777986185485,1581.8083884893047,87.5478311773617,-20.041558966834273,0.16005087966610915,-0.7708291910320875,-1.0823798251674022,-3.9619253252051236,9.810779563240367e-05,-0.000487308827441649,-0.0005854166230740527,Q4
901,Otis Thorpe,1175.0,78.0,1731.3056632490748,1716.9800039272832,60.0555808677679,-74.45617036273526,0.05111113265341949,-0.9545662867017342,-1.0421799367055646,-1.9135979990338274,2.952172671664528e-05,-0.000555956554251264,-0.0005854782809679094,Q4
2551,T.J. Ford,429.0,18.0,1666.9974443185945,1693.5891412395458,97.88396596370784,-13.699721042258274,0.2281677528291558,-0.761095613458793,-1.5345757650230702,-0.4064260093094964,0.00013687348688313207,-0.00044939802395151373,-0.0005862715108346458,Q4
201228,C.J. Watson,596.0,48.0,1516.7593339580317,1514.666114632701,52.82331541078136,-38.44089479849913,0.08862972384359288,-0.8008519749687318,-1.148988763861181,-1.8795752876923637,5.843361030277018e-05,-0.0005287316902596283,-0.0005871653005623985,Q4
76441,Wayne Cooper,965.0,74.0,1433.4892462707307,1474.3861618773726,-23.624705942945912,-66.75398268434718,-0.02448156056263825,-0.9020808470857726,-0.9570937504561284,-1.0703916684824177,-1.7078300814831945e-05,-0.0006118348573871113,-0.0005947565565722794,Q3
134,Kevin Johnson,733.0,105.0,1916.2561208290272,1926.1796841548544,338.2804662350813,-71.93925158229932,0.4615013181924711,-0.6851357293552316,-0.4532649437949548,-2.4573310308514427,0.00024083488275711935,-0.00035569668551241475,-0.000596531568269534,Q4
1627777,Georges Niang,539.0,58.0,1426.6051252562108,1439.2936882099439,63.64757411316411,-43.03177021277277,0.1180845530856477,-0.7419270726340133,-0.529157299309567,-1.6834743940256023,8.277311709814608e-05,-0.0005154799737618188,-0.0005982530908599649,Q4
78025,Dan Roundfield,723.0,38.0,1640.382274899282,1639.0124870094683,27.386901299786068,-35.85022103429372,0.037879531534973816,-0.9434268693235189,-1.0928086244962627,-2.259204646970868,2.309189273414917e-05,-0.0005756068832915908,-0.0005986987760257399,Q4
440,Zan Tabak,246.0,18.0,1403.244178290216,1387.087959001567,-24.057913070522876,-16.776995344619557,-0.09779639459562145,-0.9320552969233087,-1.0842626055716216,-1.3641338979106972,-6.96930698937811e-05,-0.000671951112310287,-0.0006022580424165059,Q3
1629057,Robert Williams III,288.0,63.0,1609.6727354692143,1688.068990989122,192.58998088625208,-20.307586222263378,0.6687152114105975,-0.32234263844862504,-0.4445814687358637,-1.9814113197687264,0.0004154355085201025,-0.00019095347415851098,-0.0006063889826786135,Q4
78133,Lonnie Shelton,661.0,52.0,1511.6257125659574,1570.260564117821,43.15629652982389,-46.23116347646004,0.0652894047349832,-0.88906083608577,-1.2687552590283877,-4.498636385178411,4.3191515063709525e-05,-0.0005661868204562904,-0.0006093783355199999,Q4
201965,Jeff Ayres,227.0,33.0,1381.1358304427365,1376.2340458525273,-53.0889757741186,-35.484928695417615,-0.23387213997409076,-1.0753008695581094,-0.8263525263541078,-1.0547182806952016,-0.00016933319288307854,-0.0007813357566604883,-0.0006120025637774097,Q3
905,Dale Davis,1088.0,136.0,1639.0606334288514,1655.5253574843703,108.15167754854099,-124.1388103321695,0.09940411539387958,-0.9127853700894816,-0.9173208863273544,-1.7622914905435767,6.0647003147119715e-05,-0.0005513569248353233,-0.000612003927982443,Q4
77839,Jim Petersen,478.0,46.0,1447.9852297018963,1448.4808932332264,-49.16687635362519,-45.66481459928627,-0.10285957396155898,-0.9927133608540493,-1.1360232378324622,-0.9829768219681377,-7.103634198170321e-05,-0.0006853479155242181,-0.0006143115735425149,Q3
76830,Glen Gondrezick,433.0,15.0,1313.8398392953347,1351.8356021153145,-62.99298587076564,-14.742062852528399,-0.14548033688398532,-0.9828041901685599,-0.8235114826078094,-1.064773094405029,-0.00011072912582861871,-0.0007270145782746774,-0.0006162854524460586,Q3
76960,Steve Harris,205.0,24.0,1420.489518283768,1393.236831258772,-7.347940088799902,-21.56456865914315,-0.035843610189267815,-0.8985236941309646,-1.090638506559693,-1.9758780689520217,-2.5233280307885678e-05,-0.0006449181316281738,-0.0006196848513202881,Q3
2199,Tyson Chandler,1159.0,75.0,1623.0558007893617,1693.1231371919832,91.7664163895715,-72.80481486576106,0.07917723588401337,-0.9707308648768141,-0.9930337151872862,-2.831528044744833,4.8782818092579494e-05,-0.000573337428066074,-0.0006221202461586535,Q4
76009,Mark Acres,375.0,19.0,1314.5549879962862,1412.2621234513465,-110.02111070627089,-22.70407036919855,-0.2933896285500557,-1.1949510720630816,-1.0396549509374653,-1.3188163723590087,-0.00022318551238184077,-0.0008461255543289719,-0.0006229400419471311,Q3
1629675,Naz Reid,483.0,49.0,1574.513039284231,1640.406915256499,256.9156357115272,-22.989405186798038,0.5319164300445698,-0.46917153442444975,-0.6104864746834389,-0.3393170580483325,0.0003378291679860444,-0.00028600923957400456,-0.0006238384075600489,Q4
76876,Sidney Green,676.0,43.0,1423.7052173239258,1405.1326013096188,-41.07767604006468,-40.31881265138645,-0.06076579295867556,-0.9376468058461965,-0.923619720957495,-1.3445299798989798,-4.2681442913368166e-05,-0.0006673012959576101,-0.000624619853044242,Q3
923,Donyell Marshall,956.0,47.0,1650.7492017362656,1530.3292567233575,49.39752405679394,-43.26607757588703,0.051671050268612906,-0.9205548420401496,-1.2610087923216646,-2.257380421057193,3.130157519644114e-05,-0.0006015403796246975,-0.0006328419548211386,Q4
193,Anthony Mason,881.0,96.0,1692.7465096337637,1668.9974293072432,174.72180739981252,-82.65588972740233,0.1983221423380392,-0.8609988513271075,-0.5914225477992343,-1.2892121619653358,0.0001171599771196382,-0.000515877877465926,-0.0006330378545855641,Q4
76518,Charlie Davis,406.0,48.0,1378.1824602013098,1374.5606470531934,-63.7942586441645,-49.34629902637701,-0.15712871587232635,-1.0280478963828543,-0.9437471079558096,-1.0790833238887656,-0.00011401154811488074,-0.0007479101766712156,-0.0006338986285563348,Q3
2050,Morris Peterson,710.0,32.0,1582.215263823399,1532.0616994735224,38.54676422930957,-29.479201078245254,0.05429121722437967,-0.9212250336951642,-1.2408311608333524,-1.8977605246694258,3.431342021893138e-05,-0.0006012976070165672,-0.0006356110272354986,Q4
202339,Eric Bledsoe,755.0,48.0,1731.6504966371876,1714.6293258271248,159.18741649674166,-42.709669988380625,0.21084426026058498,-0.8897847914245963,-1.1643881364237898,-1.8755170439427264,0.00012175913134321163,-0.0005189371125420187,-0.0006406962438852303,Q4
1631165,Keon Ellis,222.0,15.0,1516.281944916084,1487.4432236208156,63.86883543361703,-10.128657474300375,0.2876974569081848,-0.675243831620025,-1.5573716511032256,-1.7959748685830623,0.00018973876057338856,-0.00045396276032392657,-0.0006437015208973151,Q4
1628389,Bam Adebayo,640.0,85.0,1851.3993813933764,1859.0669235427556,474.59208743257153,-38.53587357317532,0.741550136613393,-0.453363218507945,0.06811616319362165,-0.8295465249563703,0.00040053493809385257,-0.00024386600222222625,-0.0006444009403160788,Q4
203526,Raul Neto,431.0,31.0,1435.758275596957,1426.588176026684,25.89996881312304,-26.683779311067678,0.06009273506525067,-0.8607670745505702,-0.6505987465812764,-1.343468536191296,4.1854353958200535e-05,-0.0006033746031373736,-0.0006452289570955742,Q4
200755,JJ Redick,938.0,110.0,1627.4708590798305,1637.9770451730612,196.75649034303,-93.41850362206036,0.20976171678361408,-0.8492591238369124,-0.4763563103176617,-2.7828978676993583,0.00012888815527069592,-0.0005184804795278333,-0.0006473686347985292,Q4
203473,Dewayne Dedmon,511.0,31.0,1467.274589245384,1465.4934552670936,1.988913615204634,-29.372179191011742,0.003892198855586368,-0.9474896513229595,-0.9418489316445806,-1.3422771935617717,2.652672433718161e-06,-0.0006465328438810903,-0.0006491855163148085,Q4
201578,Marreese Speights,701.0,58.0,1496.891664197761,1485.3966178691173,66.14612404156637,-50.957072302197474,0.09435966339738426,-0.878570212106853,-0.94061269199527,-1.3329845051882732,6.303706918426529e-05,-0.0005914718005533162,-0.0006545088697375815,Q4
76350,Kenny Carr,657.0,35.0,1519.983569375927,1548.4039370969076,177.19717118683718,-25.92677415536551,0.26970650104541427,-0.740764975867586,-1.0084840594083209,-3.086242914556037,0.00017744040559343024,-0.0004784055104228432,-0.0006558459160162734,Q4
2410,Fred Jones,425.0,33.0,1485.9806352452367,1533.951062345985,65.79518390319707,-28.089693530086244,0.15481219741928723,-0.8512028342450377,-1.2515733088022605,-2.9859376031492277,0.00010418184042737408,-0.0005549087289285683,-0.0006590905693559424,Q4
279,Charles Jones,717.0,43.0,1366.3851252362258,1311.34930958182,-132.94891404672444,-45.00538528824219,-0.18542386896335347,-1.046636867168423,-0.64661564698878,-0.4931392770165752,-0.00013570395749975446,-0.0007981373532748402,-0.0006624333957750858,Q3
76162,Henry Bibby,393.0,56.0,1450.69345412219,1457.173571979204,21.968048402762523,-50.94028102543686,0.05589834199176215,-0.9096478754542296,-1.3228559340695358,-3.194819030397994,3.85321529044784e-05,-0.000624254991269641,-0.0006627871441741194,Q4
201152,Thaddeus Young,1169.0,58.0,1666.0273686575283,1675.028999547614,118.15778114843559,-58.745292345264744,0.10107594623476099,-1.0128498680218059,-0.6754052489955198,-1.2424862849267198,6.066883902165856e-05,-0.0006046760195168877,-0.0006653448585385463,Q4
1629003,Shake Milton,355.0,36.0,1527.6829724911972,1539.2595324917306,59.212967472427536,-30.93374046705564,0.16679709147162686,-0.8592705685293233,-1.2417528184564748,-2.1528388998677688,0.00010918305333967972,-0.0005582363145338777,-0.0006674193678735574,Q4
2,Byron Scott,1053.0,182.0,1649.403632792354,1673.7544281535165,204.684272910313,-168.3350392600125,0.19438202555585282,-0.9249177981319369,-0.6098351334181805,-2.0289862643208556,0.00011784988324948347,-0.0005526006578828322,-0.0006704505411323157,Q4
1472,Tom Chambers,1093.0,107.0,1700.3727042763558,1690.6834715657742,124.89224108529193,-109.25490505844097,0.11426554536623232,-1.0210738790508502,-0.7875257677552356,-1.7965161056332697,6.720029384079147e-05,-0.0006039414806044175,-0.0006711417744452089,Q4
1629011,Mitchell Robinson,397.0,53.0,1657.07634114422,1601.7561780133815,194.09075034329632,-31.930855885126782,0.48889357769092273,-0.6024689789646562,-1.0746973669650473,-2.272564478610834,0.0002950338288900674,-0.00037613026703719885,-0.0006711640959272663,Q4
180,John Crotty,466.0,36.0,1394.0962724620476,1396.4008503717766,-2.3439820007684564,-33.95839301880056,-0.005030004293494541,-0.9432886949666821,-0.7037357679827612,-1.0448056277811562,-3.6080752763302983e-06,-0.0006755142656319221,-0.0006719061903555918,Q3
76016,Mark Aguirre,903.0,102.0,1785.4897489215527,1723.8713823417252,189.49319155756487,-97.65264488706893,0.20984849563406963,-0.9573788714418523,-0.9622151099967536,-2.9721281398230004,0.00011752993584019144,-0.0005553656039822059,-0.0006728955398223974,Q4
1630168,Onyeka Okongwu,380.0,40.0,1571.9271581057812,1508.6228955902743,305.4380608719059,-9.778461000943999,0.8037843707155419,-0.24446152502359997,-0.21545931087355952,-1.0490931793280192,0.0005113369067839796,-0.00016204283107340106,-0.0006733797378573807,Q4
78146,Jerry Sichting,586.0,46.0,1443.89712031321,1422.5569355088955,-37.7023370901637,-47.13939087936411,-0.06433845919823157,-1.024769366942698,-0.8127895770276719,-1.4089814304996193,-4.455889432363109e-05,-0.0007203714251170581,-0.000675812530793427,Q3
2694,Josh Powell,309.0,38.0,1396.5051820315543,1387.1032722875584,-42.29559263857472,-40.90178901189043,-0.1368789405779117,-1.0763628687339586,-0.7946415600423586,-0.8923637543265672,-9.801534741087619e-05,-0.0007759788980663722,-0.000677963550655496,Q3
306,Steve Colter,504.0,24.0,1474.2283669963485,1537.8307477208486,-7.702729874725948,-25.418419568009522,-0.015283194195884819,-1.05910081533373,-1.3095291246424199,-3.7238130880880176,-1.0366910946791375e-05,-0.000688697905737271,-0.0006783309947904797,Q3
76365,Harvey Catchings,588.0,50.0,1283.5833849652763,1285.9184090420697,32.58085929640033,-41.03834184978516,0.05540962465374205,-0.8207668369957033,-0.5286241116321007,-1.331795713675414,4.316791982722727e-05,-0.0006382728726989173,-0.0006814407925261446,Q4
78442,Wally Walker,564.0,64.0,1283.481506278043,1237.0989326456524,39.12173853272508,-49.68804951491454,0.06936478463249128,-0.7763757736705397,-0.6987033542902639,-1.4747233187276578,5.404424161407796e-05,-0.0006275777572697335,-0.0006816219988838115,Q4
469,Jamal Mashburn,611.0,52.0,1758.1378348173637,1706.751107603929,435.53802929824167,-25.05712193699577,0.7128281985241272,-0.481867729557611,-0.1027142145755052,-3.3349122582538993,0.0004054450023243918,-0.00028233040389473934,-0.0006877754062191311,Q4
2588,Matt Bonner,772.0,88.0,1481.6214013018232,1429.140929678744,10.934581378321088,-85.70512284904416,0.014163965515959958,-0.97392185055732,-0.7920114087495719,-1.3057257008790082,9.559773842031994e-06,-0.0006814736254011334,-0.0006910333992431654,Q4
1626168,Trey Lyles,648.0,15.0,1477.9782667739128,1463.2666151433018,53.44106489377619,-13.945792615348557,0.08247077915706202,-0.9297195076899037,-0.8673865669293799,-2.079623632751852,5.579972385999748e-05,-0.0006353725958538689,-0.0006911723197138664,Q4
202328,Greg Monroe,645.0,28.0,1775.5918493202507,1650.62411156895,147.23824406064995,-26.018300020008645,0.22827634738085262,-0.9292250007145945,-0.9468984759890602,-1.751887381812466,0.00012856352515260957,-0.0005629537301689773,-0.0006915172553215869,Q4
956,Erick Dampier,986.0,61.0,1556.952819557192,1564.795877495501,94.57720722887672,-60.26342680115179,0.0959200884674206,-0.9879250295270785,-0.9576251211856938,-1.971034104094328,6.160757555562983e-05,-0.0006313443457611097,-0.0006929519213167395,Q4
202344,Trevor Booker,526.0,16.0,1527.5812413709104,1551.0242356655253,61.372527888901836,-15.481978961318099,0.11667780967471832,-0.9676236850823812,-0.94939442098778,-1.1789189993155427,7.638075574298565e-05,-0.0006238610995444476,-0.0007002418552874333,Q4
2059,Eduardo Najera,617.0,57.0,1442.754227533648,1459.8273348566595,-34.9665180725736,-61.74056864344417,-0.05667182831859578,-1.0831678709376171,-0.886072592323548,-1.7474177749707236,-3.928030653944078e-05,-0.0007419835518040724,-0.0007027032452646316,Q3
386,Elliot Perry,546.0,18.0,1501.3311202875548,1573.3411701501013,17.329181253046137,-19.34596325098549,0.0317384272033812,-1.0747757361658605,-1.2902511902172034,-1.3127895518916293,2.114019137717084e-05,-0.0006831167686683771,-0.0007042569600455479,Q4
1005,Walt Williams,707.0,35.0,1587.70575449669,1574.8919784705374,73.26644088235649,-35.278801932724086,0.10363004368084369,-1.0079657695064024,-1.1382287992889506,-1.7736949082072753,6.527030804501612e-05,-0.0006400221623360431,-0.0007052924703810592,Q4
1723,Matt Harpring,665.0,48.0,1636.388624502035,1601.7738716430124,52.99767872794861,-50.48753442565959,0.07969575748563701,-1.0518236338679081,-0.9532375486634072,-1.220808386338756,4.8702219199237594e-05,-0.0006566617501314369,-0.0007053639693306745,Q4
1628978,Donte DiVincenzo,498.0,58.0,1570.2512381912593,1624.4625162706866,249.4742738520771,-36.50377840770469,0.5009523571326849,-0.6293754897880118,-0.6648637552600868,-2.5616328650794715,0.00031902688241769634,-0.00038743614179099844,-0.0007064630242086948,Q4
1065,Erick Strickland,498.0,18.0,1515.8605155492326,1522.9276163938225,-10.842400236753962,-19.801648518688047,-0.021771888025610364,-1.1000915843715582,-1.541606011687287,-2.6194746896648677,-1.4362725199502863e-05,-0.0007223531653963252,-0.0007079904401968224,Q3
2571,Leandro Barbosa,848.0,119.0,1519.2431824687028,1503.220019502799,85.59044720430614,-115.18474898229677,0.10093213113715348,-0.967939067078124,-0.9505265826467908,-1.5424865709998807,6.64357966531357e-05,-0.0006439104419313661,-0.0007103462385845018,Q4
1627751,Jakob Poeltl,639.0,32.0,1544.300847849728,1524.8727830553291,280.96111316864614,-21.015547350920478,0.4396887530025761,-0.6567358547162649,-0.4248849432045887,-1.203161692182639,0.00028471703140925885,-0.0004306823900419998,-0.0007153994214512587,Q4
201627,Anthony Morrow,553.0,15.0,1516.7686922690962,1472.409146275961,22.876216058550728,-15.25472192844578,0.041367479310218315,-1.0169814618963853,-1.2292857430241693,-1.2421350775389763,2.7273426410412183e-05,-0.0006906921656039355,-0.0007179655920143477,Q4
229,James Edwards,1104.0,111.0,1535.2103051864633,1541.0163031608586,15.11537501425298,-121.67952527945941,0.013691462875229148,-1.0962119394545893,-0.9040887788607065,-1.5417145566266215,8.91829792242452e-06,-0.0007113564841631409,-0.0007202747820855654,Q4
2547,Chris Bosh,893.0,89.0,1875.292098955806,1836.1401634784145,497.96162776238583,-69.12533069370893,0.5576278026454489,-0.7766891089180779,-0.0137522822285844,-1.288104425298037,0.00029735517093894086,-0.00042300099108267695,-0.0007203561620216178,Q4
15,Eric Piatkowski,784.0,17.0,1471.081724004695,1403.4623692329178,-65.26941598257883,-18.695091994474435,-0.0832518061002281,-1.099711293792614,-1.2107103360131386,-1.2633975800979875,-5.659223735958969e-05,-0.0007835702031638202,-0.0007269779658042305,Q3
42,Monty Williams,455.0,30.0,1427.9402639625844,1455.918667826053,46.23918462513323,-28.79217841989131,0.1016245815936994,-0.9597392806630437,-0.849830363331843,-1.4132282119860116,7.116865050901193e-05,-0.0006591984166918514,-0.0007303670672008634,Q4
202711,Bojan Bogdanovic,719.0,51.0,1666.2680961510457,1643.8005842307086,226.82481847640787,-45.57737597632206,0.31547262653186076,-0.8936740387514129,-0.5795420011767822,-1.237355446327802,0.00018932885245812414,-0.0005436632930567113,-0.0007329921455148354,Q4
1630173,Precious Achiuwa,393.0,27.0,1525.0387423095844,1527.693130586996,157.29176579768298,-19.469812266711198,0.40023350075746306,-0.7211041580263406,-0.7752298249326735,-1.5535148336037632,0.00026244152994522104,-0.0004720216014516383,-0.0007344631313968594,Q4
201156,Nick Young,719.0,34.0,1504.4113502079983,1440.0270971932405,23.48887859462448,-35.043490069000775,0.03266881584787828,-1.0306908843823757,-1.1636989693990796,-1.6152058061502559,2.17153478956148e-05,-0.0007157440900878166,-0.0007374594379834314,Q4
78571,Ray Williams,642.0,40.0,1680.7653210990288,1601.801502670336,112.9562204328193,-40.853637448991634,0.17594426858694595,-1.021340936224791,-1.0136219855809472,-3.2620159767313703,0.00010468104403290429,-0.0006376201636233522,-0.0007423012076562565,Q4
174,John Battle,612.0,55.0,1488.7202440028998,1487.5151623489703,25.476415089000827,-58.58932379196935,0.04162812923039351,-1.065260432581261,-0.982807507475359,-2.289940037557043,2.7962358541227995e-05,-0.0007161341676000687,-0.0007440965261412967,Q4
21,Greg Anthony,755.0,102.0,1522.8245485368648,1517.1341362771077,152.48042757805263,-96.17048569977965,0.20196083122920877,-0.9428478990174475,-1.0499198268619805,-1.957429703442928,0.00013262252136876402,-0.0006214664059508277,-0.0007540889273195918,Q4
2584,Willie Green,727.0,36.0,1464.4659662090696,1470.4888460037212,-0.1353389904846256,-40.41244987294133,-0.00018616092226220854,-1.122568052026148,-0.9738272958466904,-1.358392026687591,-1.2711864021265475e-07,-0.0007633978694071015,-0.0007632707507668889,Q3
418,Scott Brooks,669.0,34.0,1418.5067279626892,1439.6499273801096,-60.624556262751156,-40.54414202755463,-0.09061966556465045,-1.1924747655163126,-0.7555750816524471,-1.022870764250229,-6.388384614488343e-05,-0.0008283088428909874,-0.0007644249967461039,Q3
1747,Rafer Alston,664.0,53.0,1651.196478686098,1657.8879011444942,159.28457035998846,-54.65007347535006,0.23988640114456095,-1.0311334617990577,-0.704971619538634,-2.0664027620584444,0.00014528034927463332,-0.000621956081039757,-0.0007672364303143904,Q4
970,Othella Harrington,706.0,26.0,1482.6090760760733,1452.7462261678352,-82.06302245501047,-32.10918642588422,-0.11623657571531228,-1.2349687086878545,-1.0086380876044228,-1.6946424086119403,-7.840001628949163e-05,-0.0008500925257576122,-0.0007716925094681206,Q3
1721,Keon Clark,353.0,28.0,1577.9131720677133,1568.4303493197312,149.77009393179205,-22.159284627984988,0.4242778864923287,-0.7914030224280353,-1.3013293969494897,-3.0688364695234625,0.0002688854456651444,-0.0005045828287952265,-0.0007734682744603709,Q4
121,Patrick Ewing,1181.0,139.0,1948.2355508908893,1983.0531781320783,259.76768907894984,-182.353012109685,0.21995570624805236,-1.3118921734509712,-0.5529885766395324,-1.8843497256951216,0.00011289995511449886,-0.0006615516860151466,-0.0007744516411296455,Q4
208,Sam Cassell,992.0,135.0,1773.4523679248127,1649.8245652115695,277.4833558812861,-137.55159211481603,0.27972112488032874,-1.0189006823319706,-0.6151936195028824,-3.092204846461905,0.0001577268890551831,-0.000617581228826781,-0.0007753081178819641,Q4
2047,Quentin Richardson,781.0,36.0,1561.8917556911222,1578.3072145744354,42.203187212509405,-42.104635247415445,0.05403737159092113,-1.1695732013170956,-1.3868246403124864,-2.170109813863247,3.459738576250447e-05,-0.0007410301305835771,-0.0007756275163460815,Q4
77184,Edgar Jones,357.0,15.0,1447.1149174832417,1466.1033261172695,49.531775857839946,-14.976516804236471,0.13874447019002786,-0.9984344536157648,-1.1065158398803796,-2.5767156256712225,9.587660835625005e-05,-0.0006810123378274791,-0.0007768889461837292,Q4
679,Jason Caffey,462.0,35.0,1495.051168344769,1506.4063249012074,21.787067044537068,-39.34742079198289,0.04715815377605426,-1.1242120226280825,-0.8591431326452041,-2.038770430908286,3.1542835974145916e-05,-0.0007462873754873607,-0.0007778302114615066,Q4
1630171,Isaac Okoro,397.0,28.0,1480.9378873856183,1501.4273113548852,52.21272689226203,-29.287903698899203,0.13151820375884643,-1.0459965606749715,-0.7796328429206353,-0.7977335507919842,8.880737327277298e-05,-0.0006966681322261723,-0.0007854755054989453,Q4
1629750,Javonte Green,342.0,25.0,1444.1077528853803,1449.5680241170248,38.81279558619999,-25.65097748800671,0.11348770639239764,-1.0260390995202684,-0.63370832380654,-1.6747726529638758,7.858673022539007e-05,-0.0007078240430594897,-0.0007864107732848798,Q4
2034,Mike Miller,1020.0,92.0,1627.8201834151732,1536.8993390307437,19.098028711163625,-109.84138439347663,0.018723557559964337,-1.1939280912334416,-1.0770025032169432,-1.624994276769498,1.15022271813108e-05,-0.0007768420877755082,-0.000788344314956819,Q4
202734,E'Twaun Moore,585.0,24.0,1470.3090421314116,1438.2392454791698,31.37785710135057,-25.990450972858795,0.05363736256641123,-1.0829354572024499,-0.7415843074524737,-0.9311563874477911,3.648033238553483e-05,-0.0007529591899306396,-0.0007894395223161744,Q4
100263,Bill Laimbeer,1052.0,113.0,1703.4463170665356,1723.2348076037124,258.89366248920885,-127.54752968739506,0.2460966373471567,-1.1287392007734076,-0.7043927955323726,-2.779128476576445,0.000144469852017969,-0.000655011839241458,-0.000799481691259427,Q4
98,Nick Anderson,800.0,49.0,1708.6682413787298,1746.8453425996497,119.79651475456407,-61.0070293571394,0.1497456434432051,-1.2450414154518246,-1.4187959517056836,-2.9602954775515924,8.763880536714071e-05,-0.0007127370609689796,-0.0008003758663361203,Q4
200081,Jamario Moon,286.0,19.0,1555.7261317221273,1520.663141738844,6.952362880565134,-22.714140442458035,0.02430896112085711,-1.195481075918844,-1.6008908446865695,-1.3842523813430565,1.562547586312512e-05,-0.0007861577249461299,-0.000801783200809255,Q4
2397,Yao Ming,486.0,28.0,1899.4707513751896,1930.471911389182,507.7737891907045,-13.762084727915049,1.04480203537182,-0.49150302599696605,-0.07283403530346516,-6.309987047025444,0.0005500490252958085,-0.0002546025265103582,-0.0008046515518061667,Q4
2200,Pau Gasol,1226.0,136.0,1884.8048527760075,1917.7771649672368,344.6943039102698,-171.13998165840158,0.281153592096468,-1.2583822180764823,-0.5783190468608169,-2.016763095221741,0.00014916854213441514,-0.0006561670673026188,-0.000805335609437034,Q4
201935,James Harden,1220.0,190.0,1980.3468467292764,1961.5811404498843,625.1592706166633,-203.75191362627723,0.5124256316530027,-1.07237849276988,0.13676251157095637,-0.5114185251092499,0.00025875549654310324,-0.000546690866187637,-0.0008054463627307402,Q4
1715,Jason Williams,785.0,67.0,1640.841608889085,1645.4118192706214,134.65047880757047,-77.6685339949507,0.1715292723663318,-1.159231850670906,-1.0551195645888916,-2.4708213185952426,0.00010453737364843152,-0.0007045238384058591,-0.0008090612120542907,Q4
56,Gary Payton,1335.0,154.0,1879.414808106683,1757.91027214083,243.0685792593844,-192.84595074752963,0.18207384214186098,-1.252246433425517,-0.5451569520665088,-1.8996650719086223,9.687794379213264e-05,-0.0007123494601920142,-0.0008092274039841468,Q4
293,Charles Smith,562.0,66.0,1689.8032667133075,1620.9503561815632,152.81340424112472,-69.3901206583416,0.27190997195929667,-1.0513654645203272,-1.306293516053032,-1.8171788767510493,0.0001609122063588891,-0.00064861052684982,-0.0008095227332087092,Q4
894,Ricky Pierce,959.0,96.0,1671.7972614632156,1710.7062696007965,179.2329134691017,-114.6026134947418,0.18689563448290064,-1.1937772239035604,-0.9560680284218148,-3.4431065915775445,0.00011179324119679621,-0.0006978271168563236,-0.0008096203580531197,Q4
1890,Shawn Marion,1162.0,108.0,1861.6934954729827,1860.9401973099634,239.70083209417675,-140.87003570887666,0.20628298803285433,-1.3043521824895987,-0.4636762942480523,-3.606193729246077,0.00011080394733852039,-0.0007009103163954828,-0.0008117142637340032,Q4
351,Stacey King,438.0,61.0,1452.492813495386,1459.28599401636,17.99377580945832,-69.81717486436352,0.041081679930270135,-1.1445438502354677,-0.8968511581359302,-1.2433949540317184,2.8283568461456374e-05,-0.0007843177108041484,-0.0008126012792656047,Q4
1886,Jonathan Bender,253.0,31.0,1442.5307470316022,1485.8426368180335,38.30587024348096,-32.60242220289226,0.15140660175288917,-1.051691038802976,-1.3860477307458912,-1.8575318993244696,0.0001049590118369742,-0.0007078078207899572,-0.0008127668326269314,Q4
201161,Daequan Cook,322.0,44.0,1431.2307327610545,1419.5079410904425,-9.445646983423185,-52.121265170389506,-0.029334307401935357,-1.1845742084179434,-1.0981287836045852,-1.0822636229841192,-2.0495861869417214e-05,-0.0008344963590044964,-0.0008140004971350791,Q3
77586,Dave Meyers,208.0,16.0,1477.3213812207077,1485.6015250563178,-10.473279498667088,-20.276711103435115,-0.050352305282053304,-1.2672944439646947,-1.5917494516893063,-0.41487863454603374,-3.408351488181082e-05,-0.0008530513886734551,-0.0008189678737916444,Q3
77438,Kyle Macy,494.0,44.0,1576.1028500663674,1578.7526821295373,34.10433217793702,-53.847522703533116,0.06903710967193728,-1.2238073341712072,-1.1390520551372534,-2.4720587673635617,4.380241408042009e-05,-0.0007751735582298085,-0.0008189759723102286,Q4
201970,Sam Young,246.0,30.0,1469.4575744770218,1455.90424630794,16.43918358131075,-33.78572895787152,0.06682594951752338,-1.126190965262384,-1.5126328639529758,-0.8579019930094262,4.547661033446757e-05,-0.0007735336771757599,-0.0008190102875102274,Q4
1629680,Matisse Thybulle,373.0,30.0,1436.5239312001102,1438.144822994952,19.85711172848177,-33.86351392076515,0.05323622447314147,-1.1287837973588384,-0.7002223177218811,-2.0354927554053712,3.70590585488308e-05,-0.0007848888229546549,-0.0008219478815034857,Q4
38,Brad Lohaus,653.0,19.0,1409.8909661781854,1412.8691525267373,-56.76280834946754,-23.76439283490149,-0.0869261996163362,-1.250757517626394,-1.087290695319983,-1.028618631276276,-6.165455464401511e-05,-0.0008852606877215579,-0.0008236061330775427,Q3
265,Harvey Grant,782.0,18.0,1536.7983300430597,1518.9620811371988,-49.353774018447616,-23.65672491799971,-0.06311224299034222,-1.3142624954444284,-0.8350688749004691,-1.628835330824229,-4.106735526487322e-05,-0.0008652371983245835,-0.0008241698430597103,Q3
711,Jerry Stackhouse,970.0,75.0,1711.128826063745,1643.3352774292262,91.92310298244314,-94.89829954409409,0.09476608554891046,-1.2653106605879212,-0.9349871228724712,-2.302729161630536,5.5382203902735326e-05,-0.0007699650083379985,-0.0008253472122407338,Q4
1630595,Cade Cunningham,272.0,20.0,1859.2558344721,2012.0065747355075,558.4687603518644,11.142727816087465,2.0531939718818544,0.5571363908043733,1.3381335165051769,0.27807706801391263,0.0011043095489141328,0.00027690585001075995,-0.0008274036989033729,Q1
417,Sam Mitchell,986.0,59.0,1486.1474186533135,1420.0983541042765,11.099073947831961,-68.70175830962195,0.011256667289890427,-1.164436581519016,-0.9138322411619041,-1.4386058222821536,7.5743948067350966e-06,-0.0008199689677504637,-0.0008275433625571988,Q4
203081,Damian Lillard,900.0,69.0,1971.4129864145289,1960.1189502742784,561.6568213234463,-69.29157163552705,0.6240631348038291,-1.0042256758772037,0.17516514948978415,-0.3840102070545672,0.0003165562665481029,-0.0005123289460247721,-0.000828885212572875,Q4
201971,DeJuan Blair,419.0,39.0,1551.424874390073,1578.491845810266,67.79939150707253,-44.62445896071633,0.16181239023167668,-1.144216896428624,-1.3468212602388925,-2.1248346653583123,0.00010429921094006668,-0.0007248798272006773,-0.000829179038140744,Q4
722,Corliss Williamson,820.0,65.0,1559.6577885109714,1563.6803246828736,123.11578366979673,-74.53651507604826,0.1501411995973131,-1.1467156165545886,-0.7567765886226967,-1.6089437658841717,9.62654761213068e-05,-0.0007333440208037096,-0.0008296094969250164,Q4
948,Marcus Camby,971.0,77.0,1716.7678352606415,1718.1533017353563,212.94387450051127,-93.42283861368276,0.2193036812569632,-1.2132836183595164,-1.1254816261552762,-3.901229460315456,0.00012774218898600713,-0.0007061556248409759,-0.000833897813826983,Q4
436,Juwan Howard,1204.0,47.0,1673.7175231445394,1447.4661748083986,1.015045400328634,-57.047256515603344,0.0008430609637281013,-1.2137714152256032,-0.9057834918367482,-0.7668132630229962,5.037056445129278e-07,-0.0008385490703340755,-0.0008390527759785884,Q4
1630198,Isaiah Joe,386.0,56.0,1449.0127049090377,1519.5541000161124,172.19816088208555,-45.4572351336132,0.4461092250831232,-0.8117363416716643,-0.4132573508742384,-1.380865538783925,0.00030787116191029385,-0.0005341937754391615,-0.0008420649373494554,Q4
76170,Otis Birdsong,657.0,35.0,1683.248552923348,1682.3939289012349,119.03761927583142,-43.27221853330368,0.18118359098300063,-1.2363491009515337,-1.2236365788766403,-3.732229001573174,0.00010763923763269167,-0.0007348749182416443,-0.000842514155874336,Q4
2078,Jason Hart,331.0,19.0,1473.7256584319182,1426.3475460737782,-34.40633922959777,-24.771237667418536,-0.10394664419818057,-1.303749350916765,-1.3211621800065316,-1.388269939128842,-7.05332390757059e-05,-0.000914047459544848,-0.0008435142204691421,Q3
1641710,Anthony Black,208.0,17.0,1496.0384899427477,1628.9954399797264,209.44212540137076,-4.782277642069124,1.0069332951988978,-0.2813104495334779,-0.8099111823803569,-1.4209932506874596,0.0006730664364373623,-0.0001726895254764979,-0.0008457559619138602,Q4
78404,Kiki Vandeweghe,792.0,68.0,1740.8583147368165,1753.8762296384214,138.07677234523382,-89.0306969976475,0.17433935902175987,-1.3092749558477572,-0.9622655947138377,-2.9658556075654774,0.00010014563364860427,-0.0007465036207929432,-0.0008466492544415475,Q4
61,Carl Herrera,465.0,41.0,1435.258164617226,1429.412345173714,-55.67744398018219,-55.20859692817344,-0.11973643866705848,-1.3465511445895961,-1.166088914135936,-1.7083336735507473,-8.34250183129886e-05,-0.000942031282391053,-0.0008586062640780644,Q3
76966,Joey Hassett,291.0,16.0,1277.7859344935716,1231.1102130691793,-117.6456332258228,-23.194518789723183,-0.40428052654921925,-1.449657424357699,-0.7904831334568172,-1.468075639702914,-0.00031639143587024134,-0.001177520427471459,-0.0008611289916012178,Q3
1627788,Furkan Korkmaz,326.0,33.0,1477.3264929263205,1480.066651409444,10.707213221246032,-41.09624335417144,0.03284421233511053,-1.245340707702165,-0.9048482638572175,-1.898627594602344,2.2232196127514098e-05,-0.0008414085315119065,-0.0008636407276394207,Q4
202691,Klay Thompson,934.0,161.0,1734.433825365612,1777.104419680208,267.4067418906906,-200.08262205167853,0.2863027215103754,-1.2427492052899287,-0.6926711183193813,-2.267684810455308,0.00016506984430497018,-0.0006993113018724938,-0.000864381146177464,Q4
452,Vin Baker,788.0,24.0,1727.73514961614,1638.1241232635214,61.57012103605815,-32.45451436313023,0.07813467136555602,-1.352271431797093,-1.0910798572199125,-2.628020988578338,4.5223755147260624e-05,-0.0008254999804917445,-0.0008707237356390051,Q4
76231,Dudley Bradley,586.0,30.0,1376.3818154242563,1333.0548145408625,-24.397440571203894,-36.13484712889928,-0.04163385763004077,-1.2044949042966426,-0.9986853786269534,-1.393700525447179,-3.0248770481763116e-05,-0.0009035599220362899,-0.0008733111515545268,Q3
979,Jermaine O'Neal,1008.0,94.0,1690.0166505705913,1712.8768663922851,244.56262137421618,-117.86202082712343,0.24262164818870652,-1.2538512853949302,-1.0181410801105448,-1.9232715447469158,0.00014356169100866045,-0.0007320148400601795,-0.00087557653106884,Q4
2748,Dorell Wright,546.0,19.0,1571.1115343057313,1494.5579263851378,55.9423457733551,-23.02494874118782,0.10245850874240861,-1.211839407430938,-1.3206140413711838,-2.1146114425410696,6.521402618795277e-05,-0.0008108346863222583,-0.0008760487125102111,Q4
77328,Tom LaGarde,311.0,23.0,1344.4400781300053,1307.9830481640977,-70.86970048718582,-31.47237842124934,-0.22787685044111197,-1.368364279184754,-1.0020551321243196,-1.4866381142955436,-0.00016949572848056426,-0.001046163618943998,-0.0008766678904634337,Q3
1628972,Troy Brown Jr.,354.0,15.0,1444.0899445922605,1453.879625413789,-10.780815655164602,-19.60276322380018,-0.030454281511764412,-1.3068508815866788,-1.070187282361863,-1.609263866068347,-2.1088909057090063e-05,-0.0008988714462620905,-0.0008777825372050004,Q3
203,Nate McMillan,796.0,97.0,1577.400499155544,1577.8619949449308,174.1274893725125,-113.34010073800634,0.21875312735240265,-1.1684546467835706,-0.7244238964449475,-1.719573010649287,0.00013867950940139263,-0.0007405303192085256,-0.0008792098286099182,Q4
252,Karl Malone,1462.0,193.0,2073.5144981234516,2093.755701769515,626.3981667554777,-272.0862684144545,0.4284529184373993,-1.4097734114738574,0.5659475492939166,-2.907180820165164,0.0002066312624412093,-0.0006733227808203234,-0.0008799540432615327,Q4
77377,Cliff Levingston,816.0,82.0,1503.69992308867,1442.499489438997,43.433854780679226,-99.93527997163612,0.0532277632116167,-1.2187229264833672,-0.971478609260089,-1.4250776115727626,3.539786256175659e-05,-0.0008448688789188697,-0.0008802667414806262,Q4
76782,Winston Garland,511.0,20.0,1510.0772502036666,1498.4203748227387,59.091477221963906,-24.138810122802283,0.11563889867311919,-1.2069405061401142,-1.0575391701774275,-2.1961554204386196,7.65781344348594e-05,-0.000805475236735815,-0.0008820533711706744,Q4
77609,Dirk Minniefield,222.0,19.0,1449.2211621687188,1420.3303117285957,7.592668546015986,-23.24923513205609,0.034201209666738674,-1.2236439543187416,-1.3813794088189049,-1.3879388702277828,2.359971725472013e-05,-0.0008615206929080607,-0.0008851204101627809,Q4
2553,Jarvis Hayes,427.0,15.0,1466.018537297737,1438.8391324912009,12.119496720066467,-18.696687116491393,0.028382896299921467,-1.246445807766093,-1.0813533603280776,-1.9603243298140256,1.9360530291955727e-05,-0.0008662857296687512,-0.0008856462599607068,Q4
2568,Carlos Delfino,506.0,40.0,1494.8935598237194,1444.9734310257081,146.44779730640187,-40.01726932416709,0.2894225243209523,-1.0004317331041772,-0.9323154800264661,-1.7056449988890092,0.00019360744610812393,-0.0006923530299059029,-0.0008859604760140268,Q4
2224,Jamaal Tinsley,546.0,41.0,1633.3385840741444,1669.435611158876,42.17881242757358,-57.77462009097331,0.07725057221167322,-1.4091370753895929,-1.6615567573992598,-3.4536931525731056,4.729611665634079e-05,-0.0008440799189681888,-0.0008913760356245296,Q4
76046,Ron Anderson,658.0,27.0,1545.7394322659811,1561.1242727811805,41.08090861386955,-35.92151992578658,0.062432991814391416,-1.3304266639180216,-1.0316240714144973,-3.852940843179713,4.039037273110617e-05,-0.0008522234181573735,-0.0008926137908884796,Q4
969,Travis Knight,350.0,24.0,1431.7445692886806,1411.4022077548611,-79.63313590777801,-35.62485657877706,-0.22752324545079433,-1.484369024115711,-0.968457524285127,-0.9015027231350468,-0.0001589132938453068,-0.0010516981027519571,-0.0008927848089066503,Q3
1629020,Jarred Vanderbilt,367.0,38.0,1490.970689324044,1518.729906533918,43.312955334796285,-47.11626004052553,0.11801895186592994,-1.2399015800138298,-0.9796163775912629,-1.7268219048774913,7.915578267969557e-05,-0.0008164069033469967,-0.0008955626860266923,Q4
2229,Mike James,590.0,31.0,1554.5588632052632,1554.0203838910156,55.27516875624957,-40.393409721388394,0.09368672670550775,-1.3030132168189805,-1.0909822443426962,-2.2459559870380588,6.026579560476727e-05,-0.0008384788451464493,-0.0008987446407512166,Q4
23,Dennis Rodman,910.0,169.0,1657.1123673183663,1647.0765383558312,321.88250299456513,-191.37401416463445,0.3537170362577639,-1.1323906163587838,-0.6175195845397212,-2.9556000819041826,0.00021345386301724909,-0.0006875154796929931,-0.0009009693427102422,Q4
77770,Louis Orr,560.0,22.0,1496.1630790132308,1479.3141057704988,37.284513495575474,-28.05633233069318,0.0665794883849562,-1.2752878332133264,-0.9608456025211081,-1.0723484691345657,4.4500154641476366e-05,-0.0008620804927355806,-0.000906580647377057,Q4
2449,Luis Scola,742.0,47.0,1663.6492803977885,1561.7807684434786,78.34463833124046,-62.55208132571091,0.10558576594506801,-1.3308953473555512,-0.9007437303733086,-2.0513263807240367,6.346636108292116e-05,-0.0008521652809708783,-0.0009156316420537994,Q4
262,Michael Cage,1111.0,53.0,1538.1646574258543,1519.8423225272902,17.1165756265202,-73.14423150004481,0.015406458709739152,-1.380079839623487,-0.8307141510225163,-1.6616363999429125,1.0016131000904762e-05,-0.0009080414587538283,-0.000918057589754733,Q4
1074,Matt Maloney,293.0,21.0,1515.7696684404436,1620.0953743710152,31.913939263648558,-29.046222522928943,0.10892129441518279,-1.3831534534728067,-1.3569039649444807,0.0495557828368532,7.185873730225156e-05,-0.0008537481652953928,-0.0009256069025976443,Q4
77689,Swen Nater,481.0,17.0,1524.644483604746,1419.102809733483,-0.18875131109316,-22.48746385523948,-0.0003924143681770478,-1.3227919914846753,-1.5121246610214754,-1.8587845885013128,-2.5738089921740644e-07,-0.0009321325998453238,-0.0009318752189461064,Q3
203458,Alex Len,685.0,17.0,1484.129239766652,1397.9161882500568,-67.74737792371869,-23.819257043269232,-0.09890128164046524,-1.4011327672511313,-0.9616469895056874,-1.1325875653799449,-6.663926495782495e-05,-0.0010023009812949524,-0.0009356617163371275,Q3
1630241,Sam Merrill,223.0,43.0,1475.473535114554,1501.287065070249,134.38923790995656,-34.107232888135336,0.6026423224661729,-0.7931914625147752,-0.8536269197770991,-1.4830271302920848,0.0004084399402117263,-0.0005283409688723721,-0.0009367809090840984,Q4
101122,Danny Granger,586.0,35.0,1751.7303342406744,1655.1145743130337,145.74663552047463,-46.12407111841612,0.2487143950861342,-1.3178306033833176,-0.9190896810743678,-3.277394873253176,0.00014198212488792964,-0.0007962171464354919,-0.0009381992713234215,Q4
202397,Ish Smith,794.0,23.0,1477.6948084944308,1429.8740269114342,-22.246331595745378,-31.540377295345323,-0.02801804986869695,-1.3713207519715358,-0.8801264425900513,-1.519045737775656,-1.8960647156393217e-05,-0.000959050046481105,-0.0009400893993247118,Q3
699,Brent Barry,909.0,88.0,1602.017626544921,1580.1854937120088,146.78001143478133,-116.84380197372147,0.16147415999425888,-1.3277704769741077,-0.9969161174533984,-2.1345399981972584,0.00010079424677898891,-0.0008402624136581878,-0.0009410566604371767,Q4
2306,Carlos Arroyo,564.0,33.0,1491.5972872420857,1516.2319358881423,96.38225000923148,-41.59685642880055,0.17089051420076504,-1.260510800872744,-0.8425935381370738,-1.4623686014269288,0.00011456880195641544,-0.0008313443154951039,-0.0009459131174515194,Q4
288,Armen Gilliam,928.0,34.0,1653.8739620807953,1619.0094295009135,130.53877640068413,-47.40713656835631,0.1406667849145303,-1.3943275461281266,-1.3052753009143914,-2.4469000951558217,8.505290496112086e-05,-0.0008612226221300954,-0.0009462755270912163,Q4
202334,Ed Davis,719.0,32.0,1531.5016016903287,1533.5721509496398,-9.243200771224132,-47.037200163568315,-0.012855633896000184,-1.4699125051115098,-0.931301204247076,-1.726432508758649,-8.394136762123744e-06,-0.0009584893049872419,-0.0009500951682251182,Q3
1080,Henry James,209.0,16.0,1436.0532061917138,1408.8946126643045,-28.54742642722883,-23.594426197986717,-0.13659055706808054,-1.4746516373741698,-1.5287382776110534,-1.5470426288566421,-9.51152481531702e-05,-0.0010466727774517605,-0.0009515575292985903,Q3
203503,Tony Snell,596.0,46.0,1432.1681642743024,1435.7534272904518,-6.964290342441241,-63.632144212545775,-0.01168505091013631,-1.3833074828814298,-0.9846477390454754,-1.9891478682245651,-8.158993616547309e-06,-0.0009634714823505609,-0.0009553124887340136,Q3
1628449,Chris Boucher,415.0,15.0,1580.284399802836,1550.9719563858164,90.41164650904113,-19.137837614703088,0.21785938917841238,-1.2758558409802059,-1.343532522349764,-4.009309021155275,0.00013786087441323446,-0.0008226169633352331,-0.0009604778377484675,Q4
764,David Robinson,987.0,123.0,2079.6404948193986,2030.8123042180991,460.0126061990187,-183.99040957648273,0.46607153616921854,-1.4958569884266888,-0.350339967099349,-2.223428715024047,0.00022411158915699677,-0.000736580621123734,-0.0009606922102807307,Q4
904,Chris Mullin,983.0,71.0,1748.7233260206942,1672.07113161264,181.66771434593073,-101.92807990814254,0.1848094754282103,-1.4356067592696131,-0.35914466355411,-2.72265836144647,0.00010568251288141351,-0.000858579956395176,-0.0009642624692765895,Q4
1628371,Jonathan Isaac,327.0,18.0,1536.3068561039336,1593.7277831588312,30.953428879349232,-25.92878548859745,0.09465880391238297,-1.4404880826998583,-1.1790386056287774,-1.5954869778717744,6.161451635543516e-05,-0.0009038482593587935,-0.0009654627757142287,Q4
76890,Darrell Griffith,740.0,37.0,1627.2643655287784,1669.2175367725088,74.71877091421068,-55.96013382698429,0.10097131204623065,-1.5124360493779538,-1.0616317672884583,-1.4202596561396876,6.204972847999414e-05,-0.0009060748620592032,-0.0009681245905391973,Q4
1720,Michael Doleac,585.0,29.0,1378.2139409174022,1358.754772125484,-63.816767442345,-41.33800898703157,-0.1090884913544359,-1.4254485857597095,-0.8450467834665376,-0.8276771217536989,-7.915207364817513e-05,-0.0010490845110555874,-0.0009699324374074123,Q3
203488,Mike Muscala,537.0,34.0,1427.502098594004,1439.0509060667146,-36.353309352377515,-49.81013231962365,-0.06769703790014435,-1.4650038917536368,-0.758440009151985,-1.3929196940335808,-4.7423424432665625e-05,-0.001018034793333238,-0.0009706113689005723,Q3
78369,Kelly Tripucka,696.0,25.0,1676.9456296165506,1685.0868535560203,115.80301876009534,-36.8645421094092,0.16638364764381514,-1.474581684376368,-1.3555795000927873,-3.202785714326318,9.921827202105553e-05,-0.0008750775553583926,-0.0009742958273794481,Q4
96,Detlef Schrempf,1134.0,114.0,1730.8601440181478,1745.4002331183235,302.4122441390501,-165.66890430517842,0.2666774639674163,-1.4532360026770037,-0.35209148498427484,-2.798250767514569,0.00015407221946212902,-0.0008326090343649487,-0.0009866812538270777,Q4
1714,Robert Traylor,435.0,22.0,1410.9926148363204,1394.93148276718,24.60467162061345,-29.04962099359697,0.0565624634956631,-1.3204373178907713,-0.9749412392994254,-1.4634601806480914,4.008700180349599e-05,-0.0009465965419831004,-0.0009866835437865964,Q4
104,Benoit Benjamin,805.0,18.0,1599.3188989355504,1618.7095672389546,74.85903630950229,-27.111052004335953,0.09299259168882272,-1.5061695557964419,-1.135062941476678,-2.365220938962642,5.8145121495603705e-05,-0.0009304754764411054,-0.000988620597936709,Q4
1628983,Shai Gilgeous-Alexander,530.0,63.0,1994.8334968309864,2198.1181574011903,789.9473393612408,-33.44449827178376,1.490466678040077,-0.5308650519330755,1.4129472024061813,0.2051309394770847,0.0007471634501866187,-0.00024150887892246482,-0.0009886723291090834,Q4
133,David Wesley,945.0,55.0,1695.9621640565997,1713.465118472611,143.16260928591214,-84.78910650601179,0.15149482464117686,-1.5416201182911236,-0.7725579423094218,-1.3461206879870835,8.932677146453191e-05,-0.0008997090758785502,-0.000989035847343082,Q4
1629027,Trae Young,497.0,33.0,1950.515591734163,1997.5932758103072,479.3869070721729,-32.91538244912725,0.9645611812317362,-0.9974358317917349,0.8654978001568606,4.09050356182803,0.0004945160065981143,-0.0004993187771855776,-0.000993834783783692,Q4
761,Matt Geiger,552.0,37.0,1549.5511176034809,1588.7988822609457,115.22181291864533,-50.64320548085441,0.2087351683308792,-1.3687352832663355,-1.060483600498297,-2.3700185571650065,0.00013470686185151917,-0.0008614905879833904,-0.0009961974498349097,Q4
1626181,Norman Powell,671.0,94.0,1658.517651362073,1601.7867231587359,416.1067649835207,-93.82674755171432,0.6201293069799116,-0.9981568888480247,-0.6202470515860559,-2.255754583976429,0.0003739057624563867,-0.0006231521802600858,-0.0009970579427164726,Q4
2240,Gilbert Arenas,552.0,30.0,1824.8781390238396,1908.3672560254076,195.4968268431132,-46.17424841611179,0.35416091819404566,-1.5391416138703928,-0.7371641749002191,-2.1785935061659423,0.00019407373600491086,-0.0008065227534222066,-0.0010005964894271174,Q4
2443,Darius Songaila,495.0,20.0,1469.915863759191,1516.602902237058,-15.868356974824394,-31.144484082095193,-0.03205728681782706,-1.5572242041047597,-1.0524382752952948,-2.564980847869709,-2.1808926352997604e-05,-0.0010267844020394419,-0.0010049754756864442,Q3
202340,Avery Bradley,656.0,39.0,1550.5026253965666,1654.6246515527444,48.08339019959684,-61.93706357475688,0.07329785091401958,-1.5881298352501763,-1.0057727579596534,-4.924615292156695,4.727360645085812e-05,-0.0009598127489275785,-0.0010070863553784367,Q4
1627736,Malik Beasley,572.0,44.0,1537.0689589530061,1552.6807969946044,212.41970928859214,-52.69774435726039,0.37136312812690936,-1.1976760081195543,-0.7241513184655375,-1.9540151760831492,0.0002416047282484112,-0.0007713600956731071,-0.0010129648239215183,Q4
1449,Larry Bird,882.0,163.0,1979.6698818353211,2073.1417277554547,648.886110376261,-217.55835166171144,0.7356985378415657,-1.3347138138755303,0.19346441084217664,-1.1178380624201243,0.0003716268780931854,-0.0006438121407746666,-0.001015439018867852,Q4
762,Shawn Bradley,826.0,39.0,1586.574432880063,1536.4968472551093,22.28234605049475,-59.830264288433426,0.026976205872269673,-1.5341093407290622,-1.0616236380594026,-2.1951459944265257,1.7002798805537627e-05,-0.0009984461363976684,-0.001015448935203206,Q4
101154,Andray Blatche,560.0,27.0,1550.955879133246,1615.71449129586,221.34568884833902,-33.32065233107754,0.3952601586577483,-1.2340982344843534,-0.9995181578764224,-2.559170177748947,0.0002548493893189534,-0.0007638095970127514,-0.0010186589863317047,Q4
258,Brian Grant,756.0,57.0,1665.0157014319416,1633.6275218752469,71.85099742843816,-89.66711010137048,0.09504100188946847,-1.5731071947608857,-1.3847199109310369,-2.678929863395596,5.7081144524782324e-05,-0.0009629534111638315,-0.0010200345556886138,Q4
140,Donald Royal,504.0,36.0,1440.2990174367285,1480.020589045152,-7.396998624389273,-55.1971739933633,-0.014676584572200937,-1.5332548331489806,-0.8413632481393478,-1.6299600469490383,-1.0189956664915709e-05,-0.0010359685834763778,-0.001025778626811462,Q3
203092,Tyler Zeller,411.0,25.0,1488.013303726092,1445.9536618284749,33.11335615414193,-35.22909362770426,0.08056777653075896,-1.4091637451081704,-1.23560168931291,-1.6531063336227785,5.414452702070033e-05,-0.000974556641964735,-0.0010287011689854354,Q4
203939,Dwight Powell,760.0,41.0,1527.498953514285,1556.4331747282035,-1.4977513522021872,-65.96526724528466,-0.0019707254634239307,-1.608908957202065,-0.9212629292628964,-1.995039792068978,-1.2901648533964123e-06,-0.0010337154099038174,-0.001032425245050421,Q3
1630598,Aaron Wiggins,338.0,47.0,1477.2757536397512,1526.0469053984912,126.45330895703724,-56.039616614104965,0.3741222158492226,-1.192332268385212,-0.8749287870897136,-2.082497451381492,0.0002532514426825529,-0.0007813208520441005,-0.0010345722947266533,Q4
2757,Beno Udrih,821.0,47.0,1536.5554224203258,1497.269202114354,131.89807853703098,-66.36451065574332,0.16065539407677343,-1.4120108650158152,-0.932315926040195,-1.8793436839126207,0.00010455554790449077,-0.0009430574428578762,-0.001047612990762367,Q4
1725,Rasho Nesterovic,808.0,62.0,1515.5420213149796,1544.1023914365896,91.12059386507859,-93.24566850415111,0.11277301220925567,-1.5039623952282437,-0.9152168650173123,-1.6962690483637353,7.441100980585593e-05,-0.0009740043170511505,-0.0010484153268570065,Q4
203994,Jusuf Nurkic,629.0,21.0,1665.787318660833,1737.2107387781084,215.00388091175753,-30.91282761051597,0.3418185706069277,-1.47203941002457,-0.7977943007291011,-1.4109848764108155,0.00020519940737796227,-0.0008473579958755893,-0.0010525574032535516,Q4
1628988,Aaron Holiday,504.0,24.0,1413.898461707237,1418.630292311188,-38.464753426197085,-37.74648686403764,-0.0763189552107085,-1.5727702860015684,-0.7949755503200411,-1.0225491664185646,-5.3977677519046036e-05,-0.0011086540972132073,-0.0010546764196941612,Q3
41,Anthony Bonner,315.0,23.0,1505.274335299245,1494.4015754061609,58.7651817116285,-32.06416207911206,0.18655613241786825,-1.3940940034396547,-1.3300559342054503,-1.314271868326352,0.0001239349718805784,-0.0009328777661792522,-0.0010568127380598306,Q4
76011,Alvan Adams,837.0,59.0,1643.6201709233126,1650.527606426041,89.78772878916762,-96.94575488574577,0.10727327214954314,-1.643148387893996,-1.0287990874266355,-2.3976049999774114,6.52664612221702e-05,-0.0009955291759414897,-0.00106079563716366,Q4
203457,Nerlens Noel,465.0,17.0,1549.4009591979473,1507.464198090417,44.35421560149888,-25.65018422823805,0.09538540989569651,-1.5088343663669441,-0.989968228862012,-2.9102825088243582,6.156276677734412e-05,-0.0010009089225988005,-0.0010624716893761447,Q4
1627734,Domantas Sabonis,665.0,25.0,1885.9316844089087,1727.0090295614425,492.7644715656675,-29.00630571979643,0.740999205361906,-1.1602522287918573,0.2697549154369532,-2.4962137537474347,0.00039290882670235796,-0.0006718275405233361,-0.001064736367225694,Q4
77353,Allen Leavell,678.0,63.0,1547.1608713789146,1503.059551228798,132.97536386134564,-89.30699075991878,0.1961288552527222,-1.4175712819034727,-1.194976946198498,-2.015220157275504,0.00012676694381361998,-0.0009431238308186552,-0.0010698907746322752,Q4
1630573,Sam Hauser,333.0,55.0,1497.336655433148,1506.080187283967,162.61921848626912,-61.717496557861566,0.48834600146026763,-1.1221363010520284,-0.7768745829483042,-1.8908671911349295,0.00032614308858885135,-0.0007450707542177188,-0.00107121384280657,Q4
1629001,De'Anthony Melton,405.0,32.0,1512.9893548163188,1524.7272383363902,166.82449185813385,-39.10347138286192,0.41191232557563917,-1.221983480714435,-0.5116304269259939,-2.9017258276994524,0.00027225064357815423,-0.0008014439894493687,-0.0010736946330275228,Q4
101107,Marvin Williams,1072.0,59.0,1582.0744855755847,1611.1311084256797,133.79311975330617,-95.67336517909482,0.1248070146952483,-1.621582460662624,-0.6839840258266652,-3.102406218025405,7.888820395826145e-05,-0.001006486965698997,-0.0010853751696572583,Q4
76599,Larry Drew,642.0,31.0,1546.9409602124815,1389.7591583502278,-5.383266379299689,-47.09723033973519,-0.008385150123519765,-1.5192654948301674,-0.9772087831170653,-1.228742816037513,-5.420471976104385e-06,-0.0010931861723679343,-0.00108776570039183,Q3
1627814,Damion Lee,314.0,23.0,1478.6564564977034,1440.0774676222732,18.077867322420055,-34.74699846343285,0.057572825867579794,-1.5107390636275153,-1.0004110140507176,-1.6889573278377237,3.8935904019210035e-05,-0.0010490679130768653,-0.0010880038170960754,Q4
1627863,Danuel House Jr.,290.0,28.0,1481.479701209315,1524.3892544800801,12.170003587061272,-45.25266305124646,0.04196552961055611,-1.6161665375445164,-0.816627973716086,-1.6421153527021655,2.8326766526939334e-05,-0.0010602059367675997,-0.001088532703294539,Q4
2743,Kris Humphries,787.0,19.0,1501.9863441315915,1529.4812103317645,75.73458514456804,-29.8878054354622,0.09623200145434313,-1.573042391340116,-0.937059591005264,-2.4462996342129117,6.406982448963736e-05,-0.0010284810174287153,-0.0010925508419183526,Q4
76296,Quinn Buckner,703.0,68.0,1432.6449394927774,1411.1230915459673,79.03099380486395,-97.5762762419298,0.11241962134404546,-1.4349452388519088,-0.8975405505664295,-1.4500474900930636,7.846998111328771e-05,-0.0010168816933467109,-0.0010953516744599985,Q4
1628991,Jaren Jackson Jr.,455.0,31.0,1728.9805403003709,1672.9220624859092,359.02824602720364,-33.202074694851106,0.7890730681916563,-1.0710346675758422,-0.1375374401279465,-3.1185752952000727,0.0004563805374319441,-0.0006402179106803807,-0.0010965984481123249,Q4
203926,Doug McDermott,725.0,28.0,1453.2025550492,1397.1697375949525,-80.2926048131579,-46.065055431424895,-0.11074842043194193,-1.6451805511223176,-0.8431238803525279,-1.7258802999748724,-7.620989933381475e-05,-0.0011775094370096246,-0.00110129953767581,Q3
947,Allen Iverson,914.0,71.0,1985.0303798547832,2045.059718773959,440.9605563093027,-126.58438233560624,0.48245137451783665,-1.7828786244451582,0.021261632044954248,-2.957406312998561,0.0002430448316630453,-0.0008717978297054416,-0.0011148426613684869,Q4
1628418,Thomas Bryant,392.0,32.0,1584.5934600413286,1478.6196340511333,52.60191118217183,-48.76250941923623,0.1341885489341118,-1.5238284193511322,-1.356806149316552,-1.7588538404118514,8.468326565642393e-05,-0.0010305749932294187,-0.0011152582588858425,Q4
76290,Joe Bryant,524.0,27.0,1335.078750111109,1284.723685100682,24.837372977896003,-37.49971741392871,0.04739956675170993,-1.3888784227381004,-1.1542633623214478,-2.6115928512534,3.550319915418113e-05,-0.0010810717034684823,-0.0011165749026226634,Q4
2049,Speedy Claxton,333.0,30.0,1584.1470703707462,1557.1729821747854,136.75524171351384,-40.29196456677134,0.4106764015420836,-1.3430654855590447,-1.8228800624759964,-2.4312559918297776,0.0002592413351154138,-0.000862502432891744,-0.0011217437680071578,Q4
767,Terry Catledge,512.0,19.0,1581.1412808572927,1563.6262889610766,160.66003975593944,-27.65228974020921,0.3137891401483192,-1.4553836705373269,-1.2541444818522653,-3.669458445140085,0.00019845736996897782,-0.0009307746235862601,-0.001129231993555238,Q4
782,Mitch Richmond,976.0,23.0,1804.0733969991393,1790.570675931753,177.69828303598652,-42.34958010147548,0.1820679129467075,-1.8412860913684992,-0.542503463868659,-2.4020931370732503,0.00010092045769842609,-0.0010283236043784508,-0.0011292440620768768,Q4
201942,DeMar DeRozan,1264.0,69.0,1881.9171259546886,1891.0986680859232,462.03712687168917,-122.32403050376057,0.36553570163899457,-1.772812036286385,-0.05513067263817375,-2.299079368526886,0.00019423581229888637,-0.0009374508407225192,-0.0011316866530214056,Q4
1630202,Payton Pritchard,424.0,75.0,1508.7928777148297,1527.4074437846457,405.26442922054076,-57.14950073669204,0.9558123330673132,-0.7619933431558938,-0.7189052099981005,-2.0725305593811054,0.0006334947275963793,-0.0004988802079344389,-0.0011323749355308182,Q4
77719,Kurt Nimphius,544.0,25.0,1412.5506966179296,1420.4415633021476,-71.46867712245711,-43.89606239982165,-0.1313762447103991,-1.755842495992866,-1.1536139729149248,-1.3122892295468345,-9.300639263776746e-05,-0.0012361244146580734,-0.001143118022020306,Q3
695,Eldridge Recasner,296.0,17.0,1492.9883641017464,1473.8111513893002,3.4923092389861377,-28.551480416921716,0.011798342023601817,-1.6794988480542186,-1.6051978357951135,-2.146804240152917,7.90250098881398e-06,-0.0011395617725317286,-0.0011474642735205425,Q4
203903,Jordan Clarkson,824.0,61.0,1628.0820274065586,1563.222693525281,184.89512422165578,-96.9351745951907,0.22438728667676672,-1.5891012228719787,-0.5488997704090885,-2.486054409436149,0.0001378230844020819,-0.0010165546018835857,-0.0011543776862856677,Q4
899,Mark Price,721.0,47.0,1828.1925314093453,1852.109691104628,235.26435420869075,-85.01008549166882,0.3263028491105281,-1.8087252232269961,-0.6035879778666664,-2.421452669664234,0.00017848385413706002,-0.0009765756487933733,-0.0011550595029304334,Q4
297,Alonzo Mourning,836.0,95.0,1910.4855822042896,1882.103535698131,260.8374115633147,-177.57853955364155,0.31200647316185964,-1.8692477847751743,-0.9748843535722772,-2.0208359237520805,0.00016331265520563168,-0.000993169477300733,-0.0011564821325063645,Q4
1630228,Jonathan Kuminga,292.0,40.0,1572.6171955238863,1600.6126717613188,265.35727792329203,-37.10993780786389,0.9087578011071645,-0.9277484451965974,-0.7891634696913357,-2.924340528227674,0.0005778633247135708,-0.0005796208299261434,-0.001157484154639714,Q4
1513,Scot Pollard,500.0,57.0,1507.2447044522428,1543.8939727145546,34.717486996505066,-98.91944806411742,0.06943497399301013,-1.7354289134055687,-1.0161613471864377,-1.9630261233873745,4.606748578243898e-05,-0.0011240596466312045,-0.0011701271324136434,Q4
1630540,Miles McBride,266.0,55.0,1423.456494288696,1556.379699207772,186.78358311859864,-57.993688101117975,0.7021939214984911,-1.0544306927475995,-0.7081154732996932,-2.549725251732581,0.0004933019901316891,-0.0006774893641213166,-0.0011707913542530059,Q4
255,Grant Hill,1026.0,39.0,1811.6156484844187,1695.5605548772917,177.0965073822,-71.13641381188233,0.17260868165906432,-1.8240106105610856,-0.6881525970699772,-3.354941987779594,9.527886436809441e-05,-0.00107575669020744,-0.0011710355545755343,Q4
361,Clifford Robinson,1379.0,140.0,1678.9120788167077,1605.24778300872,201.01642045081257,-244.7783786308616,0.14576970301001638,-1.74841699022044,-0.7803138694885732,-2.3571600728090303,8.682390510452128e-05,-0.0010891882292111798,-0.001176012134315701,Q4
363,Christian Laettner,868.0,45.0,1716.3316464095349,1719.893962125617,147.7344000532176,-83.36100433373952,0.17020092172029677,-1.8524667629719893,-0.8124160673289087,-2.246346793327901,9.916552088073835e-05,-0.0010770819618917235,-0.0011762474827724618,Q4
78555,Kenny Williams,259.0,17.0,1410.0372467920229,1440.750523774677,36.4596040758966,-26.57592152931655,0.14077067210770888,-1.563289501724503,-1.0374198852118246,-1.7880781911447028,9.98347188543965e-05,-0.0010850521835166725,-0.001184886902371069,Q4
1739,Ruben Patterson,646.0,20.0,1603.138031959265,1587.550791946366,208.92736668212666,-31.345106031674124,0.32341697628812177,-1.5672553015837063,-0.9086374958007558,-2.814454993445822,0.00020173994368585953,-0.0009872158481696342,-0.0011889557918554937,Q4
355,Vincent Askew,465.0,50.0,1457.4145663864213,1477.7617897259197,61.75010997788961,-81.12387639154396,0.13279593543632173,-1.6224775278308792,-0.6016742897636329,-1.2679587241633477,9.111747508163164e-05,-0.0010979290025707052,-0.001189046477652337,Q4
600014,Artis Gilmore,844.0,42.0,1766.8606989256496,1754.678293436978,70.72557722046118,-84.34256812905964,0.08379807727542793,-2.0081563840252294,-0.8970701534669264,-1.2661610191308403,4.74276649689372e-05,-0.001144458440921242,-0.001191886105890179,Q4
76268,Tony Brown,350.0,17.0,1407.9053916485834,1348.445292867937,-79.81170855670227,-31.08584136106767,-0.22803345301914935,-1.8285789035922158,-1.0196616346291147,-1.4349291725172415,-0.00016196646051062715,-0.001356064582867213,-0.0011940981223565858,Q3
78097,Charlie Scott,270.0,15.0,1446.1222515011927,1569.8115069599094,4.059124242870223,-27.888248719279105,0.015033793492111938,-1.8592165812852737,-2.155144108604542,1.2413812149109782,1.0395935389629496e-05,-0.0011843565759597629,-0.0011947525113493924,Q4
78440,Kenny Walker,448.0,26.0,1437.223497561385,1451.2602920151671,-64.21824487905472,-48.997624960998,-0.14334429660503287,-1.8845240369614618,-1.152352019141849,-2.5155408549343257,-9.973695590717303e-05,-0.0012985430989396673,-0.0011988061430324942,Q3
1626157,Karl-Anthony Towns,720.0,72.0,1953.761269405881,1930.2200231857505,629.2065155776945,-104.59454616096835,0.8738979383023535,-1.4527020300134492,0.11486741843483936,-1.4161756770874692,0.0004472900307661934,-0.0007526095536071701,-0.0011998995843733634,Q4
202390,Gary Neal,352.0,45.0,1510.1868906160262,1517.9841927525038,128.72296001894253,-65.55991677896785,0.3656902273265413,-1.4568870395326188,-0.7812725760030363,-2.7169385198103604,0.00024214898804834092,-0.0009597511268486269,-0.001201900114896968,Q4
101150,Lou Williams,1110.0,89.0,1658.6058693202945,1661.3068412206485,229.99865308536306,-159.82357841226667,0.20720599377059734,-1.7957705439580525,-0.7860665263234293,-2.931348472606121,0.0001249278069029814,-0.00108093851141828,-0.0012058663183212614,Q4
1928,Todd MacCulloch,217.0,42.0,1520.1366315132698,1483.1072522168338,171.58716191072972,-42.94401481290121,0.7907242484365424,-1.0224765431643146,-1.279812046078182,-1.801105725990622,0.00052016656400773,-0.000689415105776063,-0.001209581669783793,Q4
1122,Dominique Wilkins,1060.0,56.0,1933.0085871995796,1986.4694031890128,344.0795416316236,-116.71194180594387,0.3246033411619091,-2.084141817963283,0.09934955501963891,-2.947350184405336,0.0001679264868823857,-0.001049168849325074,-0.0012170953362074597,Q4
76,Cedric Ceballos,604.0,59.0,1681.7102610242002,1689.736371384396,258.25991028881793,-96.02869224735274,0.4275826329285065,-1.6276049533449617,-1.2237407417346948,-2.566578705127057,0.00025425463757835365,-0.0009632301114590259,-0.0012174847490373794,Q4
978,Peja Stojakovic,804.0,94.0,1770.8283267711545,1804.12048028086,301.8829565150138,-171.37823820879277,0.37547631407340026,-1.8231727469020507,-0.3406599895919552,-2.754196864230443,0.00021203428271221876,-0.0010105604181258586,-0.0012225947008380773,Q4
76001,Alaa Abdelnaby,256.0,17.0,1410.268748961474,1422.6504813654774,-37.15561818644609,-32.30818106338108,-0.14513913354080504,-1.9004812390224164,-1.0722231862614697,-1.3039167213642804,-0.00010291593970843211,-0.001335873613312464,-0.001232957673604032,Q3
202066,Garrett Temple,764.0,21.0,1437.8661793339797,1425.306840214204,-104.64853424295411,-39.77578538896168,-0.13697452126041115,-1.8940850185219849,-0.9604395056673296,-1.6965646205772518,-9.52623569766818e-05,-0.001328896322589268,-0.0012336339656125862,Q3
101145,Monta Ellis,833.0,38.0,1790.56806297228,1711.337311946121,196.02634085815492,-71.81879987509605,0.23532573932551612,-1.8899684177656855,-0.7446893818719835,-1.9348863288128273,0.0001314251852202053,-0.0011043810034249918,-0.0012358061886451972,Q4
78437,Darrell Walker,710.0,34.0,1566.5948143898986,1503.342295415132,66.2747590286677,-60.12140758654112,0.09334473102629254,-1.7682766937217975,-1.1600505204971876,-1.807984958063765,5.9584475940350354e-05,-0.0011762302564856041,-0.0012358147324259545,Q4
47,Wayman Tisdale,838.0,22.0,1652.2176512214119,1549.711927494714,36.41799285682222,-41.40661155553309,0.0434582253661363,-1.8821187070696859,-1.0987906602420336,-1.7648223766400926,2.6302966400346554e-05,-0.0012144958515692302,-0.0012407988179695768,Q4
76771,Mike Gale,452.0,28.0,1437.5244547908987,1441.853874412394,32.38176625090617,-48.09354972823718,0.07164107577634107,-1.7176267760084707,-0.816657433446301,-1.9916449501821485,4.9836422286646896e-05,-0.0011912627253635281,-0.0012410991476501751,Q4
203506,Victor Oladipo,504.0,34.0,1742.9061932936988,1707.9387943394208,231.53765439272698,-57.00678041810667,0.45940010792207736,-1.676670012297255,-1.2435120867667577,-4.432374444004308,0.00026358280766328277,-0.000981692094502567,-0.0012452749021658496,Q4
1711,Raef LaFrentz,559.0,35.0,1643.9016608924285,1615.35057402374,36.49773017223383,-68.52350165171055,0.06529110943154531,-1.9578143329060156,-1.5965612672156422,-5.669236056537613,3.971716251938123e-05,-0.001212005842192645,-0.0012517230047120263,Q4
201585,Kosta Koufos,672.0,34.0,1471.193164850882,1456.963387948037,55.2336077213312,-59.45692270458399,0.08219286863293333,-1.7487330207230585,-0.7836524084665498,-1.7215046133806673,5.586816918175682e-05,-0.0012002587266011844,-0.0012561268957829413,Q4
76822,Mike Glenn,576.0,21.0,1403.646454304908,1414.9666599193351,3.6377803478538886,-37.466198332802016,0.006315590881690779,-1.7841046825143816,-0.814542524820571,-1.5260522598980328,4.4994171162697e-06,-0.0012608810744813524,-0.0012653804915976222,Q4
78245,Larry Steele,234.0,27.0,1338.8966766470917,1340.7341137437886,36.58387805931917,-41.63699718959963,0.1563413592278597,-1.5421110070222086,-1.2004673839271105,-4.71432859421498,0.00011676880072581461,-0.0011501989777198305,-0.001266967778445645,Q4
779,Glen Rice,1000.0,55.0,1768.9479005527246,1759.677775600882,172.57000362328316,-113.19200498195241,0.17257000362328315,-2.0580364542173166,-0.6902977481177213,-1.6618100786328551,9.755516460906622e-05,-0.001169553018599984,-0.0012671081832090502,Q4
76351,M.L. Carr,590.0,67.0,1436.2828807919109,1412.172725464157,89.93062421801054,-110.21313492071971,0.15242478681018734,-1.6449721629958165,-0.9083179658001562,-1.3733730059299252,0.00010612448901858817,-0.0011648519570827585,-0.0012709764461013467,Q4
600013,Rick Barry,301.0,18.0,1694.1451441874171,1757.1770375256901,4.78872621442258,-39.96565302835094,0.01590938941668631,-2.220314057130608,-2.470173431454496,-3.825409657713502,9.390806609027067e-06,-0.0012635687865902622,-0.0012729595931992893,Q4
2422,John Salmons,884.0,23.0,1531.4085681563638,1689.0465039430078,27.0838728212148,-48.70599218101065,0.030637865182369686,-2.1176518339569848,-1.0155311010389227,-3.2436190314833486,2.0006330001962884e-05,-0.001253755790035038,-0.001273762120037001,Q4
690,Don Reid,399.0,15.0,1425.2604054551,1429.8369986338582,-56.62928814275079,-29.46160159037078,-0.14192804045802201,-1.9641067726913852,-0.9418504119505804,-1.472625246075657,-9.958042748875982e-05,-0.0013736578187359793,-0.0012740773912472195,Q3
73,Hot Rod Williams,885.0,57.0,1674.3600486299867,1671.910761305801,128.6097866006672,-113.30505704807626,0.1453217927691155,-1.9878080183873028,-0.8371349349336834,-1.8814812649329744,8.679243922955657e-05,-0.0011889438505885198,-0.0012757362898180764,Q4
76154,Kent Benson,667.0,29.0,1464.5931509072457,1430.5710890451332,1.666252967774188,-53.157896737790416,0.002498130386468048,-1.833030921992773,-0.9250420150354456,-2.5863208202923005,1.7056821445058481e-06,-0.0012813280905993078,-0.0012830337727438136,Q4
941,Ennis Whatley,373.0,31.0,1452.026346086332,1429.2678065860932,-1.259988331169364,-57.00309665501212,-0.003377984802062638,-1.83880956951652,-0.9572907425512964,-1.7357426631685462,-2.3263936024076767e-06,-0.0012865395561582305,-0.001284213162555823,Q3
2041,Etan Thomas,408.0,18.0,1470.386639095485,1462.8738678657608,-7.493040621539775,-34.34521455811832,-0.01836529564102886,-1.9080674754510178,-1.0778799236707524,-2.2938540764794824,-1.2490113248258536e-05,-0.0013043280882683113,-0.0012918379750200526,Q3
966,Jerome Williams,573.0,25.0,1575.9108108630764,1596.1914803209147,95.84215452692683,-47.33304951278621,0.1672637949859107,-1.8933219805114485,-1.1688299796149186,-2.3888556685793985,0.00010613785617366609,-0.001186149659269448,-0.001292287515443114,Q4
192,Dennis Scott,629.0,45.0,1599.361247869727,1649.6633725747784,88.70536978860267,-89.60035157132488,0.14102602510111711,-1.9911189238072196,-1.3190354130645985,-3.165318087014046,8.817646750473481e-05,-0.0012069849867003477,-0.0012951614542050824,Q4
201954,Darren Collison,711.0,40.0,1687.349318432842,1681.9576670408337,340.4459455723267,-68.21337646318081,0.47882692766853263,-1.7053344115795201,-0.633936200516885,-3.8149538807249845,0.0002837746294959554,-0.001013898533237055,-0.0012976731627330105,Q4
200758,Ronnie Brewer,492.0,45.0,1582.6378384401175,1549.3287229258617,75.79106766231467,-83.90157548694923,0.1540468854925095,-1.8644794552655384,-1.0381136095081773,-2.705035473741581,9.733552538105716e-05,-0.0012034111468252676,-0.0013007466722063247,Q4
203918,Rodney Hood,447.0,43.0,1555.0172849593046,1565.759736930233,14.229568798312963,-86.26903884853988,0.031833487244548014,-2.0062567174079042,-1.5875105115565988,-2.9913049396737783,2.0471468421896745e-05,-0.0012813311455698129,-0.0013018026139917096,Q4
77130,Buck Johnson,505.0,20.0,1514.8095969041992,1520.0592446577098,35.46272838825167,-38.184570013979204,0.07022322453119142,-1.9092285006989602,-0.905179781963496,-1.8560119116306082,4.6357789569531315e-05,-0.001256022426368575,-0.0013023802159381065,Q4
1626224,Cedi Osman,471.0,16.0,1496.8891374531026,1444.2069497492735,36.4250265193166,-28.938341023485357,0.0773355127798654,-1.8086463139678348,-1.1180024644136195,-2.030390075574805,5.166415524361991e-05,-0.001252345665752288,-0.0013040098209959078,Q4
1631212,Peyton Watson,224.0,27.0,1495.1676245213212,1485.4676074545664,212.3041194991352,-27.125312292742905,0.9477862477639964,-1.004641196027515,-0.764224855841312,-1.0903230139229814,0.0006338996592889916,-0.0006763130956110346,-0.0013102127549000262,Q4
203469,Cody Zeller,551.0,34.0,1569.4876703920345,1499.6136248799833,54.92940326247283,-63.830195185523564,0.09969038704623018,-1.8773586819271637,-0.7200426826903235,-1.9475403996450233,6.351778922948086e-05,-0.0012518949219852628,-0.0013154127112147437,Q4
299,Glenn Robinson,688.0,39.0,1793.8338964789398,1783.8337911657827,296.6218964201418,-74.94350712493062,0.4311364773548573,-1.921628387818734,-0.5813777677070491,-2.2007950815615867,0.0002403435893374083,-0.0010772463204449664,-0.0013175899097823747,Q4
1630191,Isaiah Stewart,365.0,15.0,1531.9997923779356,1520.0923453523003,106.33555337276172,-25.743780312086436,0.2913302832130458,-1.7162520208057623,-0.9095208233590684,-2.559162771735588,0.00019016339601511925,-0.0011290445781489673,-0.0013192079741640866,Q4
1716,Larry Hughes,727.0,49.0,1664.9417886548115,1699.7647552599356,181.84379612588702,-99.0640929553077,0.25012901805486526,-2.0217161827613817,-1.0216753308351003,-3.506028106353239,0.00015023289087899992,-0.0011894094029807154,-0.0013396422938597153,Q4
77946,Jerry Reynolds,443.0,17.0,1510.85398166279,1471.7675404407216,140.738547713129,-28.34221285233263,0.31769423863008805,-1.6671889913136841,-1.2362820580796328,-2.0563383534583477,0.00021027461454643388,-0.0011327801065747405,-0.0013430547211211743,Q4
2567,Brian Cook,414.0,24.0,1463.57597856113,1471.721017477002,-37.402511482455466,-49.716996509978195,-0.0903442306339504,-2.0715415212490913,-0.9879215436133634,-2.1326635845074096,-6.172841858389175e-05,-0.0014075639993239835,-0.0013458355807400917,Q3
200751,Randy Foye,752.0,26.0,1565.1444210232469,1427.4358891328418,-26.749373259467873,-50.97620867594602,-0.035570975079079616,-1.9606234106133085,-1.3797821230113647,-1.9415185976989737,-2.272696027362403e-05,-0.0013735281742176,-0.0013508012139439758,Q3
202722,Davis Bertans,465.0,46.0,1470.5002689354808,1466.9899297307131,31.996448669702712,-88.0685727597131,0.06880956703161874,-1.9145341904285458,-0.8733729665800929,-2.3736253597685835,4.679330462239977e-05,-0.0013050765732113688,-0.0013518698778337687,Q4
1730,Brian Skinner,606.0,20.0,1432.9710249580035,1474.9863492334302,-17.88213747610519,-40.699508483833945,-0.029508477683341895,-2.034975424191697,-1.028573765969553,-1.3749209080802882,-2.0592515249362218e-05,-0.0013796571237756205,-0.0013590646085262581,Q3
1626196,Josh Richardson,554.0,32.0,1560.2105937633569,1576.7031715131316,133.1541854708503,-60.80713347247009,0.2403505152903435,-1.9002229210146904,-0.9529982401422555,-2.2484642073013683,0.00015405004699436004,-0.0012051874793852816,-0.0013592375263796416,Q4
77324,Mitch Kupchak,496.0,68.0,1424.3026602888972,1429.403913074268,100.67721793301364,-118.446196076455,0.20297826196172103,-1.7418558246537499,-0.7869555183584186,-1.9918049668165683,0.00014251062475762708,-0.0012185889577617573,-0.0013610995825193845,Q4
1629673,Jordan Poole,450.0,37.0,1642.8215635930092,1768.0175918081857,236.71373581632278,-68.12130136584372,0.5260305240362728,-1.8411162531309113,-0.8614081217714833,-5.232171757851825,0.00032019942743251637,-0.0010413449852882777,-0.001361544412720794,Q4
107,Dale Ellis,1187.0,72.0,1639.5365976399253,1657.5664079746061,187.66546661886548,-151.10954138151877,0.1581006458457165,-2.0987436302988716,-0.8162646349368827,-2.8737245537281995,9.643008034910517e-05,-0.0012661596061561984,-0.0013625896865053035,Q4
203501,Tim Hardaway Jr.,893.0,53.0,1598.1889613734534,1559.0544811786203,236.11607669754068,-99.4836198262665,0.2644077006691385,-1.8770494306842738,-0.588536115338439,-2.288724881881308,0.00016544207666276928,-0.0012039665408390696,-0.0013694086175018389,Q4
77626,Sidney Moncrief,755.0,92.0,1756.4058159968592,1803.6805102196777,237.2932473408689,-199.41008762754603,0.31429569184221046,-2.1675009524733264,-0.7438070019013394,-3.866794148118753,0.00017894252511560375,-0.0012017100258012643,-0.0013806525509168681,Q4
203082,Terrence Ross,733.0,47.0,1511.6578191173014,1509.8001538855929,112.61452872718876,-91.03656143155276,0.15363510058279503,-1.9369481155649522,-0.9626807951158218,-2.1586751547612164,0.00010163351695061968,-0.0012829168884239807,-0.0013845504053746004,Q4
78532,Jamaal Wilkes,654.0,83.0,1667.2947156712878,1685.7961396674875,150.2959087334889,-175.19059963237115,0.22981025800227659,-2.1107301160526646,-0.4632902991981898,-3.617025212110152,0.000137834214816515,-0.0012520672377794107,-0.0013899014525959256,Q4
1627732,Ben Simmons,382.0,39.0,1865.0960847203285,1869.4646962058623,204.5036742125107,-80.50883686168306,0.5353499324934835,-2.064329150299566,-1.8344430127208349,-1.154396389248976,0.000287036114052944,-0.0011042354287241621,-0.0013912715427771062,Q4
1630530,Trey Murphy III,317.0,15.0,1718.9553054682071,1483.846614827026,415.30500736886984,-14.419680203160382,1.3101104333402833,-0.9613120135440255,-0.2800272601649451,-4.17532030358776,0.0007621550305424822,-0.0006478513371519111,-0.0014100063676943933,Q4
202683,Enes Freedom,748.0,58.0,1665.6724616217282,1706.8423164745213,264.82406240181024,-119.07358820305902,0.3540428641735431,-2.052992900052742,-0.5628333849767786,-3.2912065297309416,0.00021255251097135908,-0.001202801735249448,-0.0014153542462208072,Q4
76257,Allan Bristow,514.0,20.0,1398.5002492133526,1353.0751304474115,24.989809559132343,-37.362269189108076,0.048618306535276934,-1.8681134594554039,-0.9317657179315827,-2.5106816156966674,3.476460341185096e-05,-0.0013806428168092102,-0.0014154074202210611,Q4
76753,World Free,796.0,31.0,1780.9009173857557,1570.6755068057378,62.624245983834115,-66.87288641907321,0.07867367585908809,-2.1571898844862325,-0.8158051231465793,-2.788870591896045,4.417633518577542e-05,-0.0013734153713730987,-0.001417591706558874,Q4
1444,Lawrence Funderburke,318.0,24.0,1496.2537385959436,1449.8913687908062,19.65577034877105,-48.73574941630438,0.061810598581041036,-2.030656225679349,-0.9021585025191715,-1.5794895392523531,4.13102383550553e-05,-0.0014005574965060275,-0.0014418677348610827,Q4
200796,Leon Powe,232.0,31.0,1535.0938172240571,1602.0109068462104,132.77934487453464,-53.94144586551451,0.5723247623902356,-1.7400466408230486,-1.3744598000300783,-2.688504715361723,0.00037282722135197093,-0.0010861640413226533,-0.0014589912626746242,Q4
2072,Michael Redd,629.0,16.0,1794.0041964839588,1795.5322525331849,221.81526870564025,-36.366660753861915,0.352647486018506,-2.2729162971163697,-0.6830444393142401,-3.809030739260834,0.00019657004521486313,-0.0012658732773581085,-0.0014624433225729717,Q4
76483,Pat Cummings,675.0,30.0,1429.200561629629,1430.28649589866,-8.080535890309912,-63.59806068402854,-0.011971164281940611,-2.1199353561342846,-0.9766555937665172,-2.321997925559918,-8.376126208830083e-06,-0.0014821753279592512,-0.001473799201750421,Q3
76516,Brad Davis,939.0,45.0,1518.342454983112,1556.9921057847753,33.38033656154083,-102.13417727653038,0.03554881422954295,-2.269648383922897,-0.9155951410071111,-2.685595995525895,2.3412909329429472e-05,-0.0014577134819697237,-0.0014811263912991532,Q4
2605,Marquis Daniels,543.0,56.0,1517.5863489864582,1599.0088171935313,122.34612218597319,-119.93556102763836,0.22531514214728027,-2.1417064469221136,-1.4192463985490047,-1.7974949263763729,0.00014846940491904147,-0.0013393962709230631,-0.0014878656758421046,Q4
200750,Brandon Roy,326.0,15.0,1896.4612129351694,1936.878901260992,310.92004421634834,-28.774123439491582,0.9537424669213139,-1.9182748959661056,-0.9135054975270168,-5.180327407144392,0.0005029063923987133,-0.0009903948536572036,-0.0014933012460559168,Q4
718,Gary Trent,505.0,26.0,1555.3954298037715,1488.7884560871253,90.32910233433658,-53.4376567234343,0.17886950957294373,-2.0552944893628577,-1.3305690338982246,-1.9717756064196708,0.00011499937967254403,-0.0013805147944017777,-0.0014955141740743217,Q4
76095,Mike Bantom,475.0,23.0,1498.7515791376102,1430.862422397795,10.358124510393463,-48.799112855342,0.021806577916617817,-2.121700558927913,-1.004575889477986,-3.868035393740109,1.4549828150416655e-05,-0.0014828124113934259,-0.0014973622395438426,Q4
921,Brad Daugherty,547.0,41.0,1824.211732605348,1932.2960685312369,526.9350882757471,-77.0078502459051,0.9633182601019143,-1.8782402499001245,0.2637572276921354,-0.2429899246270762,0.0005280737114469155,-0.0009720250848141502,-0.0015000987962610658,Q4
76353,Joe Barry Carroll,703.0,19.0,1704.9443963696383,1731.3249299008412,119.31672858879408,-46.380249572646264,0.16972507622872557,-2.4410657669813824,-0.8719089801052833,-2.7771513138978814,9.954874574802764e-05,-0.0014099408636836243,-0.001509489609431652,Q4
201975,Jodie Meeks,535.0,32.0,1521.6288922088197,1527.651296010177,85.10203818440387,-69.04829592148579,0.1590692302512222,-2.157759247546431,-1.132914198092175,-2.1555535487324575,0.00010453878147668113,-0.0014124684430157131,-0.0015170072244923942,Q4
1630169,Tyrese Haliburton,333.0,38.0,1873.1345479939807,1945.321219308359,561.1119254415102,-45.657748764671815,1.6850207971216522,-1.2015197043334689,0.6813439067145806,-3.794932615937777,0.000899572750353792,-0.0006176459149305214,-0.0015172186652843134,Q4
1887,Wally Szczerbiak,651.0,54.0,1717.0466062216792,1680.4770604576656,234.09390212894445,-118.73352333372434,0.3595912475098993,-2.1987689506245247,-0.913323426679264,-2.377957499179659,0.0002094242789956479,-0.0013084194972740098,-0.0015178437762696578,Q4
202,Gary Grant,552.0,17.0,1521.0483727858405,1492.0454510259174,-3.8224666723150076,-38.884123691287186,-0.0069247584643387814,-2.2873013936051287,-1.0493885844226245,-2.366742774107258,-4.55262211789879e-06,-0.001532997129566261,-0.0015284445074483623,Q3
78387,Dave Twardzik,280.0,25.0,1445.9443361752187,1470.2213636111608,23.031298591969954,-54.1289648386171,0.08225463782846412,-2.165158593544684,-1.098440770916365,-5.481746019763127,5.6886448371894e-05,-0.0014726752359431215,-0.0015295616843150155,Q4
302,Mookie Blaylock,887.0,54.0,1744.4499054044363,1833.142808763961,278.2399373590572,-133.83645361130795,0.31368651336985026,-2.4784528446538507,-0.3146510335040974,-3.2540870610375405,0.00017981973136518622,-0.0013520238755020974,-0.0015318436068672836,Q4
77984,Rick Robey,492.0,53.0,1385.1872257588284,1370.2931442856082,-25.40717378523001,-114.91402250976421,-0.051640597124451244,-2.168189103957815,-1.0601367991690245,-2.0794786397594427,-3.728059006331196e-05,-0.00158228121697871,-0.001545000626915398,Q3
2246,Mehmet Okur,632.0,71.0,1683.0481900635718,1643.9705377247028,311.7407851811951,-148.64048425162127,0.4932607360461948,-2.0935279472059336,-0.7272584379241173,-3.497643631991937,0.0002930758245416392,-0.0012734583127647955,-0.0015665341373064347,Q4
1630543,Isaiah Jackson,216.0,15.0,1498.8172280211015,1494.4901815802984,85.60808275160113,-29.409466321759524,0.39633371644259785,-1.9606310881173017,-0.8844661565722485,-2.680127349347585,0.0002644309853349363,-0.001311906302418192,-0.0015763372877531283,Q4
201945,Gerald Henderson,534.0,15.0,1599.1098519050356,1533.6029604191826,53.46836952722433,-35.0067229811209,0.10012803282251748,-2.3337815320747266,-1.3138679434393097,-3.911066669010786,6.261485582321562e-05,-0.001521763841298813,-0.0015843786971220285,Q4
77819,Jim Paxson,766.0,53.0,1640.2049220079334,1533.7396090958553,103.26483656370263,-122.76543655358417,0.134810491597523,-2.31632899157706,-0.627132437125223,-2.268610520608713,8.219124926932206e-05,-0.001510249183003459,-0.001592440432272781,Q4
2590,Mo Williams,817.0,60.0,1645.637028996282,1639.2295772974003,274.9084079973598,-136.79720759003058,0.3364851995071723,-2.279953459833843,-1.045627352680602,-2.6685963727318125,0.00020447109148510328,-0.0013908689126954413,-0.0015953400041805446,Q4
1921,Gordan Giricek,384.0,29.0,1526.3894515640568,1495.4036442037743,81.00057998999917,-64.36915920917875,0.21093901039062282,-2.2196261796268533,-1.438089168537771,-1.3644351455906043,0.00013819475113279798,-0.0014842990307200237,-0.0016224937818528217,Q4
202391,Jeremy Lin,480.0,24.0,1616.268176806068,1611.2944994080117,139.2649678946925,-56.01547701844364,0.29013534978060934,-2.333978209101818,-1.1839074992518628,-1.4301406161326786,0.00017950941183161214,-0.0014485112497804218,-0.001628020661612034,Q4
1630591,Jalen Suggs,268.0,16.0,1581.8114850076659,1660.8842783393457,224.79310230813013,-29.192633816784888,0.8387802324930229,-1.8245396135490555,-0.02177528570168865,-3.6526514452491567,0.0005302656103100415,-0.001098535061920956,-0.0016288006722309976,Q4
1629599,Amir Coffey,340.0,20.0,1476.5795845396829,1428.227319086271,25.998974799366138,-45.192289873566835,0.07646757293931217,-2.2596144936783418,-1.1321986336679597,-2.0724874299979676,5.178696342544286e-05,-0.0015821112392136307,-0.0016338982026390734,Q4
1134,Ike Austin,341.0,19.0,1552.7021092315615,1570.725125871008,7.118798665559089,-48.425289956511996,0.020876242420994395,-2.548699471395368,-1.6757976114885882,-1.369924830903965,1.3445104696435385e-05,-0.0016226260275693037,-0.001636071132265739,Q4
203487,Michael Carter-Williams,395.0,16.0,1609.2873359933476,1535.345047638047,58.09507134821686,-38.09111719355539,0.14707612999548572,-2.380694824597212,-1.187224371684531,-2.726645441370373,9.139208810383238e-05,-0.0015505927011388347,-0.001641984789242667,Q4
78149,Jack Sikma,1097.0,102.0,1710.4119054198768,1662.1487829707355,344.9829156268525,-249.31395777903302,0.31447850102721286,-2.4442544880297357,-0.6120345615222701,-4.595291202374768,0.00018386126758747847,-0.001470538927123692,-0.0016544001947111705,Q4
203486,Mason Plumlee,878.0,77.0,1571.4255565714168,1549.0077832328773,191.48715222432867,-181.67711202201062,0.2180947064058413,-2.359443013272865,-0.9217409363752842,-2.381218837306816,0.00013878780671079758,-0.0015231963575732062,-0.0016619841642840037,Q4
203083,Andre Drummond,967.0,35.0,1812.271926078273,1650.4429316950425,195.9712788056997,-90.63896293130364,0.20265902668634925,-2.589684655180104,-0.8473905229936367,-3.0739912363534048,0.00011182594828630386,-0.0015690846411274815,-0.0016809105894137854,Q4
238,Tyrone Hill,800.0,74.0,1593.4906206148466,1577.2571886095757,205.8182968800657,-180.3159214411284,0.2572728711000821,-2.43670164109633,-0.7787803164251085,-2.482500160399967,0.00016145239122952206,-0.0015448981045661893,-0.0017063504957957115,Q4
204020,Tyler Johnson,354.0,22.0,1584.8607506304015,1502.0272327944613,49.799702041052434,-53.89455565167523,0.14067712440975264,-2.4497525296216014,-1.3756828982890519,-3.067756242418207,8.876308177472138e-05,-0.0016309641237755293,-0.0017197272055502508,Q4
716,Rumeal Robinson,332.0,16.0,1506.9232886375294,1469.5187595708353,26.26938692576556,-39.31141291710497,0.0791246594149565,-2.4569633073190604,-1.602941841293557,-2.0238219432024107,5.250742357727866e-05,-0.0016719509644345083,-0.001724458388011787,Q4
1641764,Brandin Podziemski,219.0,16.0,1634.646001370098,1675.1910631365868,290.12698293899564,-24.59294381174832,1.3247807440136787,-1.53705898823427,0.2438951588685094,-5.752943426804771,0.0008104389224965515,-0.0009175424953356176,-0.001727981417832169,Q4
1629637,Jaxson Hayes,429.0,28.0,1488.6848335890804,1516.6216987894975,156.85654689403242,-63.09063429266967,0.365632976442966,-2.2532369390239166,-0.7330800590159113,-1.819719898186357,0.00024560804825387987,-0.0014856947786137794,-0.0017313028268676593,Q4
202330,Gordon Hayward,833.0,36.0,1742.671579050613,1758.3475407409087,238.8993830530039,-99.479331284904,0.2867939772545065,-2.7633147579140003,-0.7152866740617647,-3.5414517328814403,0.00016457144346770634,-0.0015715407187077658,-0.0017361121621754722,Q4
202738,Isaiah Thomas,553.0,27.0,1788.5178790162634,1980.0345665735715,187.88825829702523,-83.3229761800378,0.3397617690723784,-3.086036154816215,-1.0353441052350856,-3.0082419434160323,0.00018996833806283065,-0.0015585769091680897,-0.0017485452472309204,Q4
1629636,Darius Garland,427.0,25.0,1787.4134007645678,1778.6463607697312,405.9370407229603,-54.63357737051946,0.9506722265174715,-2.1853430948207784,-0.0401587433933163,-1.6921341997600063,0.0005318703698376775,-0.0012286551970201902,-0.0017605255668578677,Q4
1626149,Montrezl Harrell,515.0,34.0,1697.514715163228,1750.0853075524697,267.1608276778418,-86.787842309431,0.5187588886948384,-2.5525835973362057,-0.6949081706153106,-3.529981475312594,0.00030559905258020466,-0.0014585480983815848,-0.0017641471509617895,Q4
1629640,Keldon Johnson,450.0,25.0,1636.9751455340406,1581.7550967341583,196.07104003728273,-60.84094216608004,0.4357134223050727,-2.4336376866432015,-0.4613372519038748,-3.253414528004693,0.0002661698459465169,-0.0015385679437151306,-0.0018047377896616475,Q4
78615,Orlando Woolridge,828.0,36.0,1653.8631294360341,1597.911500991614,205.3635565194276,-95.20904829774095,0.24802361898481592,-2.6446957860483598,-0.8388330775571866,-2.916085278054624,0.00014996623031882436,-0.0016550952818145085,-0.0018050615121333329,Q4
1628960,Grayson Allen,452.0,31.0,1571.7146819780703,1561.0346044534676,292.5650875572203,-67.60944935643909,0.6472678928257086,-2.1809499792399705,-0.43972369376317044,-5.378989655071841,0.00041182276926438977,-0.0013971182784916808,-0.0018089410477560705,Q4
1507,Derek Anderson,614.0,24.0,1716.143025152471,1660.3085621818213,139.09695974719523,-67.13266701198117,0.226542279718559,-2.7971944588325486,-1.4175078594973543,-2.7540458193386597,0.0001320066430351467,-0.0016847437413421145,-0.0018167503843772611,Q4
185,Chris Webber,831.0,80.0,1920.831535111487,1946.9763605532628,462.48154927853744,-239.81549737266775,0.5565361603833182,-2.997693717158347,-0.2707480800026907,-3.385588376078631,0.0002897371009431164,-0.0015396662116156905,-0.001829403312558807,Q4
1629639,Tyler Herro,394.0,57.0,1759.3196239899646,1743.2578054986086,514.4204055660995,-108.78816740646786,1.30563554712208,-1.9085643404643484,0.9228632493361639,-5.124092406257816,0.000742125267812921,-0.0010948262124192574,-0.0018369514802321785,Q4
203925,Joe Harris,496.0,28.0,1539.4240202083693,1589.5277244972165,94.8600353039996,-76.7269857381999,0.19125007117741855,-2.7402494906499966,-0.8612824665090585,-3.6700955031378593,0.000124234823327969,-0.0017239394119512857,-0.0018481742352792546,Q4
201568,Danilo Gallinari,777.0,53.0,1710.3645209970657,1661.1270286740007,231.74525281473504,-148.0518124083847,0.29825643862900264,-2.7934304227997115,-0.7338618063545078,-3.6442301250144,0.00017438179696052894,-0.0016816476853245687,-0.0018560294822850976,Q4
1627742,Brandon Ingram,572.0,20.0,1811.452687164688,1858.3409754814095,408.10454576293887,-54.55018322573682,0.7134694855995435,-2.727509161286841,0.12547984212871424,-0.30943949148456995,0.0003938659235512666,-0.0014677118985552534,-0.0018615778221065201,Q4
1709,Michael Olowokandi,499.0,15.0,1494.8077641193902,1543.7427716532627,19.224388366749984,-42.71199446239351,0.03852582839028053,-2.847466297492901,-1.4013145064412214,-3.3386551611452586,2.577309893287621e-05,-0.001844521218028715,-0.0018702943169615913,Q4
76093,Gene Banks,440.0,27.0,1560.5684576913634,1564.8574240687294,196.7789861637866,-67.071742527776,0.44722496855406046,-2.484138612139852,-1.141414555987882,-4.12131998760995,0.0002865782441967753,-0.0015874536388631065,-0.0018740318830598817,Q4
1733,Al Harrington,976.0,54.0,1616.3978154025644,1626.4861562669794,214.5847508622928,-153.67180096276385,0.21986142506382458,-2.8457740919030345,-0.8271384425427329,-3.411654671491464,0.00013601937776008935,-0.0017496454432999891,-0.0018856648210600784,Q4
202702,Kenneth Faried,478.0,18.0,1685.8412612950056,1694.7176417028536,223.5806243519367,-49.12130489677607,0.4677418919496584,-2.728961383154226,-1.220952001372833,-1.6718373604283772,0.0002774531046833882,-0.0016102749602654538,-0.001887728064948842,Q4
201196,Ramon Sessions,691.0,22.0,1588.6090780851762,1605.4385762214174,125.07816740851275,-62.734040588682205,0.1810103725159374,-2.8515472994855546,-0.903922594279692,-3.9065551589469028,0.00011394267791426546,-0.001776179631983801,-0.0018901223098980663,Q4
77691,Calvin Natt,583.0,45.0,1714.0132921394493,1767.766935548403,245.9222206882535,-131.51003190708707,0.42182199088894257,-2.922445153490824,-0.815674265420484,-2.8935965109264017,0.0002461019367956126,-0.001653184644832274,-0.0018992865816278865,Q4
101115,Andrew Bynum,417.0,74.0,1714.7289502384876,1735.890885373915,531.9217363471008,-149.050041783447,1.2755916938779397,-2.014189753830365,-0.2022936334636166,-3.9352850170313616,0.0007439028154861024,-0.001160320484888371,-0.0019042233003744736,Q4
203497,Rudy Gobert,904.0,96.0,1819.9025308500277,1862.7150272812435,577.3828416125738,-284.1085612229606,0.6386978336422277,-2.9594641794058396,0.11171608604738326,-3.0212837661678256,0.0003509516706611255,-0.0015887906287658906,-0.0019397422994270161,Q4
201563,Michael Beasley,605.0,24.0,1584.0897788204668,1612.692269542772,214.13236128264464,-66.79972130523532,0.35393778724404074,-2.783321721051472,-1.1835831551877938,-1.8337993799750045,0.0002234329089021629,-0.0017258852005538508,-0.0019493181094560137,Q4
201946,Tyler Hansbrough,427.0,44.0,1500.121463434181,1513.4150171982747,83.27596272970618,-123.68783385703986,0.1950256738400613,-2.811087133114542,-1.006316078873897,-2.283259345940626,0.00013000658852890164,-0.00185744630598327,-0.0019874528945121716,Q4
1626156,D'Angelo Russell,655.0,35.0,1708.0308247920598,1749.805958270788,268.0529802981351,-109.64262849696689,0.4092411912948627,-3.132646528484768,-0.4666903205227974,-3.938665760817694,0.00023959824691377265,-0.0017902822388263814,-0.0020298804857401542,Q4
77516,Tim McCormick,471.0,15.0,1541.8992644577115,1474.0411457806931,-22.935631647241344,-46.195186803002635,-0.048695608592869095,-3.0796791202001756,-1.40303684413936,-2.0909692654796053,-3.158157586254211e-05,-0.002089276224761753,-0.002057694648899211,Q3
77028,Darnell Hillman,285.0,18.0,1319.9334052930913,1312.2203007000198,18.293628288317457,-47.57158989726708,0.06418816943269283,-2.642866105403727,-1.124708049271102,-3.9826006920383064,4.862985448757533e-05,-0.002014041471537864,-0.0020626713260254396,Q4
201167,Arron Afflalo,759.0,31.0,1546.449909184083,1508.585702759192,66.88872854628566,-95.24464872902999,0.08812744208996794,-3.0724080235170965,-0.8825238228383617,-1.893932826715452,5.6986936056961936e-05,-0.002036614835933872,-0.0020936017719908337,Q4
1381,John Long,876.0,23.0,1561.1599537161287,1570.5339874275237,43.55085732715253,-75.83582421871385,0.04971559055611019,-3.297209748639733,-1.2882208050071056,-3.2621272892889825,3.184528941942752e-05,-0.0020994195445846035,-0.002131264834004031,Q4
1629008,Michael Porter Jr.,397.0,75.0,1716.733893818764,1721.133880155552,556.9278523915842,-172.03546543658297,1.402840938014066,-2.2938062058211064,0.0309768112484216,-4.534851269796504,0.0008171568948834211,-0.0013327296802813488,-0.00214988657516477,Q4
1628381,John Collins,541.0,31.0,1675.936324086886,1760.0664978392344,332.7613613769154,-97.30231666993461,0.6150856957059434,-3.138784408707568,-0.036688536397891,-3.0923578911986285,0.00036701018222817355,-0.0017833328527989893,-0.002150343035027163,Q4
77993,Truck Robinson,611.0,50.0,1621.3338978585368,1574.699869560626,149.0590018075688,-157.76468861649712,0.2439590864280995,-3.1552937723299426,-0.8265085184190228,-2.7115572041965397,0.00015046813413962506,-0.0020037429565611985,-0.0021542110907008236,Q4
101135,David Lee,825.0,42.0,1756.409686041132,1673.8339341409398,267.27015567549756,-139.06537794417275,0.3239638250612092,-3.3110804272422083,-0.6177082285983321,-2.8871583877616356,0.00018444661723052152,-0.0019781415346568124,-0.002162588151887334,Q4
1749,Cuttino Mobley,747.0,26.0,1692.055672951984,1684.9403278012558,244.0784357627522,-86.85169724490153,0.32674489392604045,-3.3404498940346743,-1.012829255511204,-6.346432519968049,0.00019310528557018266,-0.0019825330540896705,-0.0021756383396598533,Q4
1627763,Malcolm Brogdon,463.0,45.0,1710.2935195973912,1730.1967316071823,364.69208831602646,-133.66690831948776,0.7876718970108563,-2.9703757404330613,0.2574125728876448,-3.261949145908428,0.0004605477878418652,-0.0017167849679578778,-0.002177332755799743,Q4
1630552,Jalen Johnson,254.0,16.0,1644.1217919963935,1452.3460312619159,513.1258351755052,-22.44965546264997,2.020180453446871,-1.4031034664156232,0.7655444679013069,-1.8529634322515212,0.001228729199552695,-0.0009660944679943066,-0.0021948236675470014,Q4
203944,Julius Randle,789.0,42.0,1793.1119460351788,1847.5623031514483,484.85380100720016,-144.43298140272967,0.614516858057288,-3.4388805095888015,0.3716419107522116,-7.213224839724713,0.0003427097005382573,-0.0018613069251970497,-0.002204016625735307,Q4
78157,Ralph Simpson,212.0,17.0,1328.1504338346374,1307.659753207424,10.516145242076261,-49.1325067089405,0.04960445868903897,-2.890147453467088,-1.4624148597624895,-2.822832725795514,3.7348524252498206e-05,-0.002210167779789921,-0.002247516304042419,Q4
201583,Ryan Anderson,646.0,46.0,1652.456014519764,1617.643396579458,205.69591665966038,-152.94669363333736,0.3184147316713009,-3.324928122463856,-1.0649176691200268,-3.2878574084596095,0.00019269180472790886,-0.002055414765389262,-0.002248106570117171,Q4
246,Greg Anderson,677.0,17.0,1490.6795474413632,1462.9709128964596,-13.589262892387342,-56.24903399671625,-0.020072766458474656,-3.308766705689191,-1.1807505825340232,-1.6066448794061745,-1.3465514095855153e-05,-0.0022616763440213156,-0.0022482108299254604,Q3
1628365,Markelle Fultz,260.0,16.0,1591.9451876920816,1599.5710263336744,152.6569847541709,-48.129598331774105,0.5871422490545035,-3.0080998957358815,-1.357130028689765,-2.213747377448211,0.0003688206438223614,-0.001880566630811419,-0.0022493872746337804,Q4
93,Hubert Davis,675.0,49.0,1489.5339793171634,1555.7244263425855,148.20395778647213,-163.278830200671,0.21956141894292167,-3.3322210245034896,-1.0467727749377238,-3.3812914857675267,0.0001474027595151429,-0.002141909561925013,-0.002289312321440156,Q4
77754,Mike O'Koren,371.0,20.0,1435.8653558753842,1402.7309170048193,-24.9720754036771,-65.55298913369559,-0.06731017629023477,-3.2776494566847796,-1.1351913535621554,-2.117254492882589,-4.687777723364507e-05,-0.0023366202433773822,-0.0022897424661437373,Q3
77024,Armond Hill,447.0,16.0,1412.8256933031448,1467.7372662201115,36.10122838708894,-52.54382994975137,0.08076337446776048,-3.2839893718594606,-1.4560604481373356,-4.99859602974627,5.716442930687231e-05,-0.002237450426203849,-0.0022946148555107212,Q4
448,Bo Outlaw,913.0,22.0,1510.1366466544666,1536.1431099489946,11.719122846914136,-78.6479113128857,0.012835841015240016,-3.5749050596766225,-1.0314821709936828,-3.3925513268182144,8.499787779918023e-06,-0.0023271953221827893,-0.0023356951099627074,Q4
149,Michael Adams,653.0,20.0,1721.591261542681,1730.5094580971509,213.83802055327146,-74.28711849973948,0.3274701693005689,-3.714355924986974,-0.744182300068867,-2.057942528279481,0.00019021365675795187,-0.0021463944664429856,-0.0023366081232009373,Q4
333,Kevin Gamble,646.0,31.0,1537.319419775975,1663.3305087999547,107.89819079322818,-115.73544915931284,0.16702506314741206,-3.733401585784285,-1.3466285687316333,-5.724139062269534,0.00010864694805699631,-0.0022445338229729384,-0.0023531807710299346,Q4
76435,Darwin Cook,575.0,25.0,1527.3530591431709,1527.7135548337385,74.97525235057,-86.79874145410948,0.13039174321838262,-3.471949658164379,-1.2443296681085416,-2.827127019236933,8.5371055786886e-05,-0.0022726444019423734,-0.002358015457729259,Q4
1630538,Bones Hyland,256.0,23.0,1529.0824076335584,1550.430179930347,163.980936961189,-70.5834420999759,0.6405505350046445,-3.068845308694604,-1.2310911633808852,-3.759122113242233,0.00041891171581522193,-0.001979350859148312,-0.0023982625749635338,Q4
184,Bobby Phills,466.0,26.0,1623.3242186171842,1602.6529668616415,303.4579865928246,-83.6683373006155,0.6511973961219413,-3.2180129731005964,-0.6228428890963961,-3.498398693562197,0.00040115054568498864,-0.0020079287529116154,-0.002409079298596604,Q4
376,Eric Montross,461.0,16.0,1403.6752706833763,1367.1257199372467,-74.19443894810335,-55.666714041737244,-0.1609423838353652,-3.4791696276085777,-0.9392793931815684,-2.024363144442522,-0.00011465784658086248,-0.002544879067719008,-0.0024302212211381453,Q3
2768,Chris Duhon,604.0,29.0,1518.0521787882374,1536.6518374056368,88.02607011040074,-104.73947371867435,0.1457385266728489,-3.6117059902991153,-1.0533766481244842,-2.751525731508109,9.600363459784532e-05,-0.0023503736515858,-0.0024463772861836454,Q4
1802,Brad Miller,867.0,50.0,1688.9286959411097,1776.2895566671525,263.62562003592785,-201.80543299811106,0.3040664590956492,-4.036108659962221,-1.169173009668192,-4.953643770428469,0.00018003510735911587,-0.0022722132463218222,-0.002452248353680938,Q4
1628398,Kyle Kuzma,609.0,33.0,1662.3360930554966,1609.8742434120545,254.78953724629528,-117.80271289413038,0.4183736243781532,-3.5697791786100117,-0.5040198685587279,-4.058051120720691,0.00025167812100449047,-0.002217427350750099,-0.0024691054717545895,Q4
202703,Nikola Mirotic,319.0,40.0,1630.7609209357972,1658.9007837166678,347.577725045936,-119.84774145513451,1.0895853449715862,-2.996193536378363,-1.1444509513706398,-3.4136837685295496,0.0006681453614588321,-0.0018061318469363616,-0.002474277208395194,Q4
203095,Evan Fournier,703.0,20.0,1622.6019727955693,1650.730844745356,118.62715143251093,-78.66819489303899,0.16874416988977373,-3.933409744651949,-1.2292887955406733,-5.682243264745377,0.0001039960339743983,-0.002382829252371983,-0.0024868252863463813,Q4
2549,Chris Kaman,735.0,18.0,1613.595550382768,1660.374002385751,151.66561883551685,-71.12242395292297,0.20634778072859436,-3.9512457751623873,-0.9081956762557204,-2.7097461108916816,0.000127880732367938,-0.002379732379262105,-0.002507613111630043,Q4
1496,Keith Van Horn,575.0,57.0,1722.549766728937,1694.5441710186856,303.1844289335482,-214.11785087832615,0.5272772677105186,-3.7564535241811607,-0.852869358092266,-2.734863937818223,0.00030610277734488924,-0.0022167929219118233,-0.0025228956992567127,Q4
202355,Hassan Whiteside,511.0,27.0,1798.906295506482,1812.0713296781253,294.4221536465168,-115.80084713119923,0.5761685981340837,-4.28892026411849,-0.8853413238054637,-5.314715060931794,0.0003202882771455661,-0.002366860616287286,-0.0026871488934328523,Q4
51,Mahmoud Abdul-Rauf,585.0,15.0,1628.621593899507,1680.624353874049,147.85591270296806,-64.64632428952258,0.2527451499196035,-4.309754952634838,-1.192670913627918,-7.4235094042468095,0.00015518960995380182,-0.002564377305791336,-0.002719566915745138,Q4
204001,Kristaps Porzingis,533.0,30.0,1837.3700551533288,1843.3928779753878,444.64595667756674,-126.8789913068226,0.8342325641230145,-4.22929971022742,-0.5118861816335478,-5.95809909851483,0.00045403622519220695,-0.0022943018608558865,-0.0027483380860480935,Q4
78350,Rudy Tomjanovich,276.0,29.0,1592.9031060590653,1504.0193715368805,73.35385106612864,-114.85208984617564,0.26577482270336467,-3.9604168912474362,-1.1746586660799854,-3.5264914124776894,0.00016684933420772026,-0.0026332219958048074,-0.0028000713300125276,Q4
203954,Joel Embiid,490.0,67.0,2039.3170508522026,2070.5068615413043,894.891592778968,-265.66881612445593,1.826309373018302,-3.965206210812775,1.2324762533871028,-2.0770716742732658,0.0008955495038180122,-0.0019150896258614855,-0.002810639129679498,Q4
202326,DeMarcus Cousins,654.0,19.0,1857.93473513534,1709.7850058762494,249.68996276853892,-84.72521549865719,0.3817889338968485,-4.459221868350379,-0.76944729688326,-3.441265661104728,0.00020549103619026604,-0.0026080599917678348,-0.0028135510279581008,Q4
78139,Purvis Short,823.0,18.0,1623.197360076405,1708.2209462412868,211.63129052432055,-81.96166997338536,0.2571461610259059,-4.55342610963252,-1.1745704153496763,-5.711110919913933,0.00015841952885741622,-0.0026655955247778273,-0.0028240150536352434,Q4
77845,Drazen Petrovic,289.0,29.0,1491.062567052761,1479.586246633708,396.01278178187175,-86.77708211739544,1.3702864421518053,-2.9923131764619115,-0.4838061594165015,-3.393992118706094,0.000918999961792561,-0.002022398615335805,-0.0029413985771283655,Q4
76598,John Drew,560.0,29.0,1673.9144406270666,1635.7280575810269,119.02980268517416,-142.318152284434,0.21255321908066815,-4.90752249256669,-1.159499327523659,-4.5549775792513625,0.00012697973918012406,-0.0030002068313385232,-0.003127186570518647,Q4
1629656,Quentin Grimes,314.0,21.0,1545.7283013488232,1595.6070023367697,244.0239717706668,-89.10707821081544,0.7771464069129516,-4.243194200515021,-1.1571348240873887,-4.286401255321082,0.000502770380949099,-0.0026592978059765686,-0.0031620681869256677,Q4
78310,Reggie Theus,931.0,17.0,1730.3031471859103,1764.2687616634755,309.7796165162115,-89.28183557793363,0.3327385784277245,-5.25187268105492,-0.1672765989636127,-7.180851886418662,0.0001923007416179506,-0.0029767985440625772,-0.0031690992856805277,Q4
201163,Wilson Chandler,675.0,15.0,1595.795353420293,1606.187520518692,67.55615031396549,-76.71346187442772,0.10008318565031925,-5.114230791628515,-1.112451324424235,-4.106066045605544,6.271680478064395e-05,-0.003184080766595022,-0.003246797571375666,Q4
950,Stephon Marbury,846.0,32.0,1859.332125969318,1739.9966737031868,324.36933774960426,-172.76132461311164,0.383415292848232,-5.398791394159739,-0.8991114238453988,-5.547133576708009,0.00020621129893528176,-0.0031027596062408788,-0.0033089709051761606,Q4
78199,Phil Smith,502.0,20.0,1586.385077120934,1494.7612936708156,74.12593054657493,-96.53723282409233,0.1476612162282369,-4.826861641204617,-1.2885485645222594,-4.084267238850806,9.308031092691648e-05,-0.003229185597488193,-0.0033222659084151092,Q4
201164,Rudy Fernandez,249.0,18.0,1564.3579705163716,1563.3131236645047,193.33113049815574,-79.97345652270191,0.7764302429644809,-4.442969806816773,-1.35178871237304,-4.271533816468376,0.0004963251746709819,-0.0028420216907040167,-0.0033383468653749985,Q4
1631105,Jalen Duren,276.0,20.0,1723.7876880301599,1837.5655220415188,476.7858559603236,-90.31914379267019,1.7274849853634913,-4.515957189633509,0.6661030533531098,-4.0272105062659485,0.0010021448681638726,-0.0024575761437972137,-0.0034597210119610864,Q4
76590,Leon Douglas,448.0,18.0,1355.3202585244362,1308.587232663672,57.0472206116808,-82.3295423431194,0.12733754600821606,-4.573863463506633,-1.0643906683871502,-3.530735318682537,9.395384242750932e-05,-0.003495268293422354,-0.003589222135849863,Q4
76217,Sam Bowie,489.0,29.0,1606.8341276585738,1596.8290015393252,166.59887698091438,-167.0913760543557,0.34069299996097013,-5.76177158808123,-1.0877676885085146,-3.786824445187879,0.00021202748566052478,-0.0036082583561088555,-0.0038202858417693804,Q4
78326,David Thompson,508.0,27.0,1719.5286237386813,1797.9984485580587,158.95107775388087,-179.64647104930629,0.31289582235015917,-6.6535730018261585,-0.8561092026302284,-8.219906030839352,0.00018196604466510485,-0.0037005443509487597,-0.0038825103956138646,Q4
203093,Terrence Jones,233.0,25.0,1624.8894599530715,1703.6667287901382,331.87947992127926,-143.49295039238203,1.4243754503059196,-5.739718015695281,-1.6089418897441852,-7.159532224735914,0.0008765983689420061,-0.0033690380393654527,-0.004245636408307459,Q4
77246,Larry Kenon,502.0,31.0,1651.7049733511276,1677.181210897532,194.09098710220553,-213.5305769184218,0.386635432474513,-6.888083126400703,-1.1355835538182006,-5.532515866951687,0.00023408262293360554,-0.004106940312498846,-0.004341022935432452,Q4
77532,George McGinnis,445.0,31.0,1619.704348655397,1582.2391646129774,249.6893052503458,-268.93016383015174,0.5610995623603277,-8.675166575166186,-1.1135953245439811,-10.662325303929434,0.00034642097665918246,-0.0054828415129568415,-0.005829262489616024,Q4
76736,Phil Ford,477.0,15.0,1661.832518743685,1705.979673683725,108.84391877699849,-166.8162054006934,0.22818431609433645,-11.121080360046227,-1.2066560399366857,-1.9559972065410545,0.00013730885243889656,-0.0065188821013514526,-0.006656190953790349,Q4
