player_id,full_name,regular_games,playoff_games,regular_baseline_elo,playoff_baseline_elo,regular_total_delta,playoff_total_delta,regular_mean_delta,playoff_mean_delta,regular_median_delta,playoff_median_delta,regular_change_rate,playoff_change_rate,playoff_minus_regular,quadrant,regular_rate_pct,playoff_rate_pct,effect_pct,z_score,p_value,significant_5pct,significance_label,distance_from_origin
77168,Mickey Johnson,729.0,19.0,1591.4960737313495,1567.1803728990917,-197.15929597083664,185.27542757269936,-0.2704517091506675,9.751338293299968,-1.1906444901233346,5.250923604157622,-0.0001699355176645,0.0062222182346893,0.0063921537523539,Q2,-0.014960996137789988,0.6313451236099696,0.6463061197477596,1.9284222068179209,0.053802631858332464,False,not_significant,0.0062245383636269705
77975,Anthony Roberts,213.0,16.0,1357.700632229691,1421.8839458161342,-224.899113697446,112.41194620163115,-1.0558643835560844,7.025746637601947,-1.6209085798465028,6.933462913770882,-0.0007776857125138,0.0049411533608457,0.0057188390733595,Q2,-0.07360740219827772,0.49990439409210846,0.5735117962903862,1.6194571243739984,0.10534894447792595,False,not_significant,0.005001978768731916
1742,Shammond Williams,312.0,15.0,1490.262690996219,1467.815958075893,-119.56317410334822,117.9985360896258,-0.3832153016132956,7.866569072641719,-1.5704098077891633,-2.296082700770542,-0.0002571461420383,0.0053593701780935,0.0056165163201318,Q2,-0.023229362315001112,0.5162448732773185,0.5394742355923197,1.0814060167911026,0.27951654640014445,False,not_significant,0.0053655356530548865
1630558,Davion Mitchell,370.0,16.0,1473.2761922905006,1448.8217045843903,59.11382923988656,99.3062210122346,0.1597671060537474,6.206638813264663,-0.980880277515753,1.520693746189364,0.0001084434180704,0.0042839217507754,0.004175478332705,Q1,0.012626776711650769,0.40781792534539585,0.3951911486337451,2.0235834586231514,0.04301302842255149,True,significant,0.004285294102122906
76895,Bob Gross,437.0,25.0,1448.7679994563966,1517.4164180129012,-161.72465797537888,147.15769841082286,-0.3700793088681439,5.886307936432915,-1.24775389947332,2.292521647116505,-0.0002554441491025,0.0038791645236982,0.0041346086728007,Q2,-0.022968401531377483,0.40114321399486835,0.42411161552624577,1.3599507374392663,0.1738455135330785,False,not_significant,0.003887565962813928
934,Derrick Coleman,779.0,39.0,1795.712792002795,1765.7057533803084,-67.62997454216847,261.6811103785945,-0.0868163986420648,6.709772060989604,-1.5477738220350394,5.637598755428135,-4.834648337345568e-05,0.0038000510833383,0.0038483975667118,Q2,-8.526567316897994e-05,0.3634336372221001,0.3635189028952691,3.676022342177517,0.00023689878475770826,True,significant,0.003800358617082757
76767,Terry Furlow,234.0,16.0,1428.9631096775356,1455.8992576306046,-90.79011095571128,79.38279172887776,-0.3879919271611593,4.96142448305486,-1.972732294472476,6.722930016966757,-0.0002715199045612,0.0034078075505919,0.0036793274551532,Q2,-0.02491345625054288,0.33760384220207607,0.36251729845261893,2.6621035789064886,0.007765397872911014,True,significant,0.0034186072252372145
1744,Jerome James,353.0,17.0,1417.5289117685838,1461.831467288613,-157.26159343215616,83.36283220134366,-0.445500264680329,4.903696011843745,-1.3255076862929325,0.8036870739840355,-0.0003142794908673,0.0033544879294047,0.0036687674202721,Q2,-0.03109652307855684,0.34664898696742574,0.37774551004598256,1.6883501098517,0.0913440413808142,False,not_significant,0.0033691780699306533
76899,Ernie Grunfeld,685.0,42.0,1377.9051171374103,1407.4421921264593,-266.4834328687372,195.4486419125514,-0.3890269092974266,4.653539093155986,-1.0375938495689936,-0.5379848377788287,-0.0002823321464293,0.0033063802685388,0.0035887124149682,Q2,-0.025564110027887433,0.3105758087217129,0.3361399187496003,2.3850609320833978,0.017076292749252684,True,significant,0.003318412560410487
76526,Johnny Davis,737.0,43.0,1601.040568085824,1429.324730606649,-215.99541337338908,201.02116891488663,-0.2930738309001208,4.674910904997364,-1.2855985854656746,-0.7703679635285978,-0.0001830520954572,0.0032707129491932,0.0034537650446504,Q2,-0.020398943019779302,0.3547611130386655,0.37516005605844477,1.795501983490496,0.07257375701955965,False,not_significant,0.0032758313854152126
78656,Blair Rasmussen,532.0,29.0,1514.5192629569276,1556.396563945824,-166.91938133248885,144.83207448630017,-0.313758235587385,4.994209465044833,-1.2836642964644511,-2.448038619555605,-0.0002071668834206,0.0032088283800777,0.0034159952634984,Q2,-0.021714608539991527,0.36579274092255304,0.38750734946254456,1.315023663422801,0.18850194977929366,False,not_significant,0.003215508931783316
76249,Ron Brewer,494.0,16.0,1506.4562470964972,1440.9966831652955,-121.6218174470508,74.07560127803805,-0.2461980110264186,4.629725079877378,-1.4963459974714413,2.960440297709177,-0.0001634285838044,0.003212863106463,0.0033762916902675,Q2,-0.01443755160003848,0.30976733731623934,0.3242048889162778,1.1909553278383789,0.23367112244775107,False,not_significant,0.0032170169789535446
1629614,Andrew Nembhard,264.0,40.0,1553.7287254761936,1613.5495540712884,51.8627821324079,223.8010883613476,0.1964499323197269,5.59502720903369,-0.6868605336770968,5.3309310941596735,0.0001264377295074,0.003467527349821,0.0033410896203135,Q1,0.016992886573100243,0.3503526358633572,0.33335974929025697,2.5357399286382596,0.01122100326867333,True,significant,0.0034698317569011377
202730,Lavoy Allen,385.0,23.0,1468.601314368216,1475.8366487373687,-109.66789199960768,104.61985956652572,-0.2848516675314485,4.548689546370683,-1.130963550046789,-0.3932325981831102,-0.0001939611961017,0.0030821090872504,0.0032760702833521,Q2,-0.017831195916666757,0.302274072635861,0.32010526855252774,1.2552495370983896,0.20938818778133989,False,not_significant,0.0030882061737041934
2804,Andres Nocioni,513.0,23.0,1529.718941808543,1670.760778403819,-133.36702020010804,113.27315504901136,-0.2599746982458246,4.924919784739624,-1.562456366398851,-3.893414044835441,-0.0001699493228072,0.0029477109161281,0.0031176602389353,Q2,-0.014704610656962255,0.3067715981670286,0.32147620882399086,1.0354766877411257,0.3004463480031126,False,not_significant,0.002952606038296235
200789,Daniel Gibson,395.0,47.0,1522.2656180092497,1523.1623095313248,-234.77442014680264,195.13772438917823,-0.5943656206248168,4.151866476365495,-1.2188041017398905,-1.1943542353144678,-0.0003904480358704,0.0027258201246084,0.0031162681604788,Q2,-0.03818297050369969,0.27590840574971737,0.3140913762534171,1.7352506263727379,0.08269642285435344,False,not_significant,0.0027536421373219877
78395,Darnell Valentine,598.0,26.0,1514.9282838888878,1574.1775495810118,-20.919109381284777,124.91696866740946,-0.034981788263018,4.804498794900364,-1.2906356930179252,1.889730665458892,-2.3091382367763465e-05,0.0030520691876079,0.0030751605699756,Q2,-0.0004420713275860358,0.3081857860419793,0.30862785736956533,2.0216081051696553,0.043216854063374756,True,significant,0.00305215653888938
203460,Andre Roberson,304.0,26.0,1458.5534295919504,1471.6349515242562,-38.99174817428516,114.11268647572884,-0.1282623295206748,4.388949479835724,-1.0548234921796724,0.9197363320272114,-8.793803978545917e-05,0.0029823628986861,0.0030703009384716,Q2,-0.007146126147584072,0.28863705622570046,0.2957831823732845,2.2339058960311804,0.025489265543017607,True,significant,0.0029836590888204146
78556,Kevin Williams,252.0,20.0,1363.044466411725,1360.4186790328415,-185.297562306594,66.13485138223095,-0.7353077869309287,3.3067425691115475,-1.17221685284025,0.206425258789354,-0.000539459867268,0.002430680069361,0.002970139936629,Q2,-0.05373577013998295,0.24621798001996137,0.29995375015994435,2.177336406805255,0.029455476693472985,True,significant,0.002489823798581258
1629060,Rui Hachimura,404.0,45.0,1597.385244137498,1596.3365530226129,38.59507004976157,205.49797557822916,0.0955323516083207,4.566621679516203,-1.0875873691248024,1.8948029856775748,5.980545517052341e-05,0.002860688537683,0.0028008830825124,Q1,0.009576797717124127,0.2858947193615992,0.2763179216444751,2.4499169892762684,0.01428891523175411,True,significant,0.0028613136147753976
1884,Baron Davis,835.0,50.0,1838.2307663962008,1868.902727985766,-68.12581267243641,250.81995199011112,-0.0815877996077082,5.016399039802223,-0.8687223001789999,6.596466993726363,-4.438387230764222e-05,0.0026841413224372,0.0027285251947448,Q2,-0.00038520458296625507,0.2681419932263999,0.2685271978093662,2.035536381959841,0.04179693165448152,True,significant,0.002684508254212667
168,Chris Mills,567.0,19.0,1609.2978004509357,1600.1486790886988,-46.49214641049496,81.23669700905499,-0.0819967308827071,4.275615632055526,-1.1765710916448195,-1.7028757882213683,-5.0951869106967736e-05,0.0026720114748902,0.0027229633439972,Q2,-0.0033153189720752686,0.27548259621679383,0.2787979151888691,0.8494288392411168,0.3956427114403152,False,not_significant,0.002672497224490681
200782,P.J. Tucker,883.0,105.0,1529.3339719704754,1502.1962210634772,-395.7216030419391,379.6574628007778,-0.4481558358345856,3.615785360007408,-1.305871426334751,1.6457227174818496,-0.0002930398749052,0.0024069993715252,0.0027000392464305,Q2,-0.028835660470361235,0.23948882604913926,0.2683244865195005,4.697721952937523,2.6307923257072415e-06,True,significant,0.002424771812523224
179,Bryant Stith,585.0,15.0,1604.6313662900634,1643.286969674225,-22.901599059996364,63.628036055101646,-0.0391480325811903,4.24186907034011,-1.58393601480838,3.859310787170205,-2.439690099770474e-05,0.0025813318967538,0.0026057287977515,Q2,-0.00027720051202915195,0.2632590090249296,0.2635362095369588,1.0826871728974123,0.2789472994201737,False,not_significant,0.002581447185199973
76385,Maurice Cheeks,1089.0,133.0,1713.0056519495818,1717.3157772045845,-489.0049172652269,529.1054243582495,-0.4490403280672423,3.978236273370297,-1.1190970531742217,2.534473889202921,-0.0002621359290649,0.0023165432509133,0.0025786791799782,Q2,-0.025301708196692828,0.24013412481726626,0.26543583301395907,3.374306329987122,0.0007400196759386889,True,significant,0.002331327492794326
202347,Quincy Pondexter,345.0,33.0,1455.1489319162176,1466.746879640712,-131.74406304712954,108.56314571778516,-0.3818668494119697,3.2897922944783384,-1.3141057649231247,-1.0622036784270172,-0.0002624245814544,0.0022429175341311,0.0025053421155856,Q2,-0.025218063077507315,0.22070974365479185,0.24592780673229914,2.3371736514591634,0.019430156618140428,True,significant,0.002258217377903255
1629634,Brandon Clarke,309.0,15.0,1634.7628419087562,1678.2444571237045,85.13296871385842,66.67489276832,0.2755112256111923,4.4449928512213335,-0.8644060273335793,-0.0093221231093425,0.000168532840696,0.0026485967716762,0.0024800639309801,Q1,0.021084459308663185,0.26942141320769736,0.24833695389903415,1.2924458462488624,0.19620278841405647,False,not_significant,0.0026539533110675954
600005,Bob Lanier,487.0,48.0,1745.0097279897147,1668.8428028993872,-181.8166653199592,175.7332312072926,-0.373340175194988,3.661108983485262,-1.221532296755876,2.0360203778934536,-0.0002139473317579,0.0021938009842056,0.0024077483159635,Q2,-0.019249881338553813,0.21043601977267803,0.22968590111123185,2.2647837378536346,0.023525953849467093,True,significant,0.0022042087512456217
935,Bryon Russell,840.0,103.0,1571.0232036517175,1639.0314882177886,-389.9668493875821,356.36251454655377,-0.464246249270931,3.459830238316056,-0.9755301007376412,0.7277768137303555,-0.0002955056603822,0.0021108991884458,0.002406404848828,Q2,-0.02916383335342849,0.2210010525663121,0.2501648859197406,3.5994238578897626,0.00031892299693277274,True,significant,0.0021314828122926672
1627748,Thon Maker,261.0,16.0,1418.4576051287554,1429.572969390583,-92.5243885667802,48.17851672746883,-0.3544995730527976,3.011157295466802,-1.1390196167785611,-0.6411215924580472,-0.0002499190471192,0.0021063334016104,0.0023562524487296,Q2,-0.024436478120083167,0.2105916587912004,0.23502813691128357,1.1594882872114713,0.2462572081053504,False,not_significant,0.0021211081841463458
2239,Trenton Hassell,640.0,18.0,1467.6862587422002,1513.678973097753,-129.03585355809855,60.100356430581634,-0.201618521184529,3.3389086905878687,-1.0662005596740545,1.5825911074619483,-0.0001373716759856,0.002205823526606,0.0023431952025916,Q2,-0.012786769578614743,0.225417529992839,0.23820429957145373,1.8243606220903477,0.06809757106053549,False,not_significant,0.002210096922737015
202329,Al-Farouq Aminu,709.0,40.0,1532.998329785847,1587.6542686045425,-79.69313963049942,139.86780957828506,-0.1124021715521853,3.4966952394571265,-1.0378472768561058,0.5153212671653651,-7.33217834411388e-05,0.0022024286449533,0.0022757504283945,Q2,-0.005887197960073687,0.2251543727281401,0.23104157068821377,2.064552822951664,0.03896533098865204,True,significant,0.0022036487968906974
1627749,Dejounte Murray,510.0,25.0,1745.086710881138,1622.143102991291,265.4435884291306,99.27634507973708,0.5204776243708443,3.971053803189483,-0.3068423060091586,0.812239073723255,0.0002982531590696,0.0024480292742771,0.0021497761152074,Q1,0.033002632229278524,0.2620226196297756,0.22901998740049706,1.3784865347704884,0.16805312237909273,False,not_significant,0.0024661310335447836
1630170,Devin Vassell,367.0,25.0,1659.7366827567464,1667.6822696970185,205.84421838436984,102.78459020575085,0.5608834288402448,4.1113836082300335,-0.5400171776230558,2.234231176644185,0.0003379351885557,0.0024653278882535,0.0021273926996978,Q1,0.03789942638571997,0.24648204985668892,0.20858262347096895,1.9036653064549411,0.05695378755948231,False,not_significant,0.0024883813590896066
1456,Randy Wittman,535.0,38.0,1507.143655887539,1593.386342442142,-221.71460010555435,111.59066604883812,-0.41441981328141,2.9365964749694244,-1.3377422808794102,-0.9951756872061538,-0.0002749703464978,0.0018429908658992,0.002117961212397,Q2,-0.028209002513967858,0.1962944864096564,0.22450348892362426,1.9387243485217827,0.05253491218408764,False,not_significant,0.001863390464513813
1629630,Ja Morant,327.0,27.0,1909.351874104944,1978.8666847713828,285.60917791263813,136.54554233892833,0.8734225624239699,5.057242308849197,-0.316621599960865,3.857386020086296,0.0004574445256893,0.0025556255748645,0.0020981810491752,Q1,0.06000875845605906,0.2766877572549664,0.2166789987989074,1.0715516322941143,0.28392146791879214,False,not_significant,0.002596242972640391
1630577,Julian Champagnie,253.0,23.0,1510.395386236813,1623.7520620444693,149.9632293851211,92.40793505673562,0.5927400370953404,4.017736306814593,-0.1952952617200823,1.9623390462039585,0.0003924403123159,0.0024743533207624,0.0020819130084464,Q1,0.04093289047346915,0.24941238763236656,0.20847949715889744,1.8936748940946817,0.0582681757127793,False,not_significant,0.0025052811727825116
201579,Roy Hibbert,662.0,54.0,1650.1843040677652,1739.8406219510189,-162.4941278545533,177.5416587635575,-0.2454594076352769,3.2878084956214355,-1.4227899121081131,1.0812589627617395,-0.0001487466624365,0.0018897182041505,0.002038464866587,Q2,-0.01255172846840207,0.18496809395626834,0.19751982242467042,2.065159930906326,0.038907870394511136,True,significant,0.00189556336235004
78378,Elston Turner,490.0,43.0,1357.9589042294133,1355.6639777578275,-176.30365598486213,102.92320522856708,-0.3598033795609431,2.393562912292258,-0.857415009292416,-0.3315923998296101,-0.0002649589604223,0.0017656019128361,0.0020305608732585,Q2,-0.02517848540494064,0.17542069480995517,0.20059918021489578,2.1709737167428433,0.029933159224318825,True,significant,0.0017853720523517112
456,Chuck Person,941.0,49.0,1658.9913403138323,1553.4340909261546,-181.4336325098249,145.38538875066334,-0.1928093863016204,2.9670487500135376,-1.1124503571745017,-0.0967440248420312,-0.0001162208515598,0.0019099933285515,0.0020262141801113,Q2,-0.009511422342363312,0.16217850182728355,0.17168992416964687,1.3602893992812142,0.1737383616340989,False,not_significant,0.0019135260127441497
1626179,Terry Rozier,663.0,52.0,1663.0171121473477,1594.74283031859,-6.751198902116011,167.3412586753973,-0.0101828037739306,3.2181011283730254,-0.8028580360184101,-0.9415360193228896,-6.123090195254955e-06,0.0020179436252615,0.0020240667154568,Q2,3.6287733006397015e-05,0.2171671054037102,0.2171308176707038,1.975268197607734,0.04823772024934644,True,significant,0.0020179529149529393
397,Reggie Miller,1388.0,144.0,1844.677547245157,1870.795305335111,-230.04238668322228,518.1020049243036,-0.1657365898294108,3.5979305897521083,-0.9443268294130917,1.5008097632657331,-8.984583244747681e-05,0.0019232091183314,0.0020130549507789,Q2,-0.00604688281417423,0.19761832214476513,0.20366520495893936,3.025407612503339,0.002482982491461175,True,significant,0.0019253066214089693
423,Chris Gatling,700.0,15.0,1536.3390089051763,1530.9438426194924,15.502202618560204,46.292173252660426,0.0221460037408002,3.0861448835106957,-0.8911516189412152,0.0591617896388084,1.441478971270927e-05,0.0020158446035683,0.0020014298138556,Q1,0.0021174464475234695,0.208530632263082,0.2064131858155585,1.29300611004783,0.19600894587575718,False,not_significant,0.0020158961411486202
203078,Bradley Beal,807.0,51.0,1850.817875650658,1857.720560843424,96.23293587604864,195.71815012054017,0.1192477520149301,3.837610786677258,-0.5282769132992851,3.195877093411976,6.442976026099187e-05,0.0020657632087222,0.0020013334484612,Q1,0.011326464225985806,0.21595193652964015,0.20462547230365433,1.8272066966517542,0.0676686973791946,False,not_significant,0.002066767724858681
76242,Mike Bratz,572.0,37.0,1395.646057295372,1400.732246886307,-183.3803295795143,90.11814414299704,-0.3205949817823676,2.4356255173782984,-1.0062492734638702,-1.4829735984324277,-0.0002297108067669,0.0017388230497244,0.0019685338564914,Q2,-0.022841240784324573,0.1794407363123794,0.20228197709670398,1.8349868597410952,0.0665076364552804,False,not_significant,0.0017539306294715204
1629628,RJ Barrett,444.0,23.0,1732.027217018282,1747.7264057533018,273.8756447954846,92.8639941925182,0.6168370378276681,4.037564964892096,-0.2482142774993112,4.410092006691894,0.0003561358804104,0.0023101813599662,0.0019540454795558,Q1,0.04212436751132667,0.23440797763244078,0.1922836101211141,1.391652044416497,0.16402779068450019,False,not_significant,0.0023374710011572278
2749,Jameer Nelson,878.0,44.0,1652.7680248311071,1735.2493411516796,-119.94479241098958,141.86414695017007,-0.1366113808781202,3.2241851579584107,-1.0333212061690134,3.079051139131254,-8.265611315422216e-05,0.0018580529503722,0.0019407090635264,Q2,-0.006794639387151662,0.1902049606238672,0.19699960001101882,1.769173989611576,0.07686484342280912,False,not_significant,0.0018598905342596377
2420,Nenad Krstic,417.0,28.0,1556.8766583955346,1643.419863965231,9.622557879495002,88.37847645478594,0.0230756783680935,3.156374159099498,-1.1604425448953992,-0.6086067599464201,1.4821776820698536e-05,0.0019206133674713,0.0019057915906506,Q1,0.004700884522699773,0.19289032460273864,0.18818944008003888,0.9531209873135993,0.34052877362373024,False,not_significant,0.001920670558002483
203493,Reggie Bullock,550.0,26.0,1501.089413024033,1565.7585780822478,-82.21050739700281,72.2764360722471,-0.1494736498127324,2.779862925855657,-1.0335548459915107,3.0118128389751613,-9.957677971467996e-05,0.0017754096734762,0.0018749864531909,Q2,-0.009230356386216308,0.182180105292497,0.1914104616787133,1.5197548883418075,0.1285725908495222,False,not_significant,0.00177819994481251
203110,Draymond Green,947.0,175.0,1641.396498851942,1736.1357024598549,-404.9255728900797,490.2775004614143,-0.4275877221648148,2.801585716922367,-1.0397994918096107,1.8903304349649817,-0.0002605023968699,0.0016136905156393,0.0018741929125092,Q2,-0.02427993325147655,0.16957568028595518,0.19385561353743175,3.7927360989496215,0.0001489964758415312,True,significant,0.0016345820808510022
77141,Dennis Johnson,1085.0,179.0,1684.7464884190424,1687.9731830493215,-482.7549939368543,481.32412661802977,-0.444935478282815,2.6889616012180437,-1.0517416919088791,2.566477373992249,-0.0002640963974944,0.0015930120384735,0.0018571084359679,Q2,-0.025482987349511373,0.16289045254155154,0.18837343989106292,3.1386420982246954,0.0016973261762708873,True,significant,0.0016147551708822659
76471,Charlie Criss,405.0,25.0,1480.83258008115,1467.27917401369,-32.69271807902173,65.74961732910214,-0.0807227606889425,2.6299846931640856,-1.4307408254945524,1.3768217693636695,-5.451174006754965e-05,0.0017924228325069,0.0018469345725745,Q2,-0.0036363916008337912,0.17970040693565933,0.18333679853649315,2.0735781643415496,0.038118504868645584,True,significant,0.0017932515552195264
76873,Mike Green,245.0,20.0,1360.4554237107914,1356.628093871945,-68.99983827128541,44.37708233705944,-0.2816319929440221,2.218854116852972,-1.3058623368785505,-1.6130092690189088,-0.0002070130252234,0.0016355655075077,0.0018425785327312,Q2,-0.017108161137173762,0.165736604784563,0.18284476592173676,0.9593185828153471,0.33739827666050204,False,not_significant,0.0016486142429207218
1630529,Herbert Jones,296.0,15.0,1599.171362778579,1604.5438193814643,37.966089123224194,45.87139002842672,0.1282638146054871,3.0580926685617813,-0.9557302366265388,5.685218245117994,8.020642289555966e-05,0.0019058953900932,0.0018256889671977,Q1,0.011497299453955927,0.19700186348990592,0.18550456403594998,0.677582855998829,0.4980362192100383,False,not_significant,0.0019075823201770907
36,Sarunas Marciulionis,362.0,17.0,1598.7768067458817,1590.3136510538843,38.723403170399,51.12715957952692,0.1069707269900525,3.007479975266289,-1.5411159954493163,4.580900540687023,6.690785514194353e-05,0.0018911237876083,0.0018242159324664,Q1,0.00981602700924098,0.18223148953002358,0.1724154625207826,1.1784476534734771,0.23861818942804355,False,not_significant,0.0018923070155600168
677,Eric Williams,658.0,26.0,1523.7088298689082,1536.5676940600797,-76.02012312986832,69.27009540948636,-0.1155321020210764,2.6642344388263983,-1.347219184605018,2.5722385435752635,-7.582295236224119e-05,0.0017338867979103,0.0018097097502726,Q2,-0.00673069886478234,0.18184449728071234,0.18857519614549467,1.3519025528797146,0.17640649077910195,False,not_significant,0.0017355438767350598
76734,Don Ford,398.0,20.0,1295.4108445730208,1350.8923885634026,-65.27287141992016,44.377459565178704,-0.1640021894972868,2.218872978258936,-1.109939715555122,-3.164926409974221,-0.0001266024521751,0.0016425238583352,0.0017691263105104,Q2,-0.011284615163214837,0.1736802796142903,0.18496489477750516,0.7825619071988139,0.43388441813977857,False,not_significant,0.0016473957648655954
1498,Antonio Daniels,865.0,79.0,1584.2207899850428,1609.105648450543,-154.93377930690556,208.7548954268612,-0.1791141957305266,2.642467030719762,-1.1713425130696649,-0.4767878331568312,-0.0001130613844123,0.0016421961064298,0.0017552574908421,Q2,-0.009258092462892702,0.1584819467517167,0.16774003921460942,2.9218498432209543,0.003479592504829609,True,significant,0.0016460835120425759
1501,Tim Thomas,823.0,55.0,1586.050682127607,1606.4945173220342,-92.36421071741584,146.79944731901355,-0.1122286885995332,2.669080860345701,-1.2243821943525264,1.5970482334418046,-7.075983754124685e-05,0.0016614316647622,0.0017321915023034,Q2,-0.005938262552314442,0.16897092160870916,0.17490918416102358,2.327421508137564,0.019942842123542893,True,significant,0.00166293780138746
202704,Reggie Jackson,883.0,87.0,1646.924750463917,1617.305847979123,-195.29069190622803,224.81955440439847,-0.221167261501957,2.5841328092459595,-0.9914688635254394,-0.452609305599372,-0.0001342910545485,0.0015978009431394,0.001732091997688,Q2,-0.012720367454730057,0.16001181686674099,0.17273218432147106,2.5661021387678207,0.010284853820207537,True,significant,0.0016034344206199717
1630183,Jaden McDaniels,438.0,50.0,1565.0228122281435,1687.5572956695985,126.98654158289,159.59258053918555,0.2899236109198402,3.191851610783711,-0.919213336197397,0.1560698798308022,0.0001852520031366,0.0018914034024055,0.0017061513992688,Q1,0.020435171689147935,0.20204850137962369,0.18161332969047578,1.446262575200467,0.14810356844557956,False,not_significant,0.0019004539287489253
109,Robert Horry,1107.0,242.0,1592.6160811399234,1597.6379896383369,-508.3096734728294,541.9016531755871,-0.459177663480424,2.239263029651186,-1.341992431293106,0.1417765514346883,-0.0002883166061915,0.0014016085271971,0.0016899251333887,Q2,-0.026820734791294577,0.13784250355186783,0.1646632383431624,4.3766324847602265,1.2052694346425072e-05,True,significant,0.001430955250494371
697,Fred Hoiberg,536.0,23.0,1472.2115880886363,1492.9152042454143,31.18174188211343,58.80265683250681,0.0581748915711071,2.556637253587253,-0.9854280886639368,1.2463916771335417,3.951530611617808e-05,0.0017125133740462,0.00167299806793,Q1,0.004720881442276949,0.16929190118805704,0.1645710197457801,2.069311803377366,0.03851683673474785,True,significant,0.0017129692103784455
77092,Marc Iavaroni,505.0,43.0,1346.9182001599886,1342.9009528111476,-199.3309457257728,78.55866082124147,-0.3947147440114313,1.826945600493988,-0.6737019383383351,-0.0780126468958108,-0.0002930502713264,0.0013604470208093,0.0016534972921358,Q2,-0.02833840648275058,0.133354864083674,0.16169327056642457,1.8873900997093078,0.05910787574888646,False,not_significant,0.0013916517373083598
76248,Jim Brewer,457.0,18.0,1292.4749663104876,1268.0204078826755,-52.76965490946301,35.43885632696624,-0.1154697043970744,1.9688253514981244,-0.7808275417603816,-0.4959283097621147,-8.933999296457975e-05,0.001552676391688,0.0016420163846526,Q2,-0.006471407389114224,0.14652025395284873,0.15299166134196293,0.7515129115330716,0.4523440332726759,False,not_significant,0.0015552445504319178
358,Anfernee Hardaway,704.0,64.0,1855.1126032842133,1900.8831190091244,-119.34333286738811,187.3561864735572,-0.1695217796411763,2.927440413649331,-1.436499355386156,4.519519518038091,-9.13808570655291e-05,0.0015400423015883,0.0016314231586539,Q2,-0.006500742601758786,0.1671918433663625,0.1736925859681213,1.6500449723777832,0.09893373821492125,False,not_significant,0.0015427510336147629
203086,Meyers Leonard,452.0,29.0,1442.6013768911198,1418.1755128060788,-87.82684785670037,61.19301785475752,-0.1943071855236733,2.110104063957156,-0.7882666558879983,-0.9549905358988386,-0.0001346922224228,0.0014879005066037,0.0016225927290265,Q2,-0.012847626470297375,0.1454234370926478,0.15827106356294515,1.4670840072039306,0.14235320411433497,False,not_significant,0.001493984575667614
77384,Reggie Lewis,450.0,42.0,1761.0417321717991,1777.105764375157,270.4755656892385,146.00227725333184,0.6010568126427522,3.476244696507901,-0.5908431323996708,1.346074772077304,0.0003413075350017,0.0019561270725663,0.0016148195375645,Q1,0.040573480431792416,0.18872862408728133,0.14815514365548893,1.750542186073796,0.08002480138118347,False,not_significant,0.0019856797217768377
203613,Jonathon Simmons,256.0,25.0,1495.1778087951393,1483.892816541921,0.7609590515320201,59.19688373688148,0.0029724962950469,2.367875349475259,-1.0799821195044652,0.9516980829104552,1.988055385494441e-06,0.0015957185876762,0.0015937305322907,Q1,0.0015461375417094377,0.1590049289111958,0.15745879136948637,1.8033524636130747,0.07133287811843082,False,not_significant,0.001595719826103424
962,Walter McCarty,573.0,40.0,1424.7304328287,1409.489535931374,-138.04402504859036,80.19292924623024,-0.2409145288806114,2.004823231155756,-1.0332568197617542,-1.293890781149329,-0.0001690948149414,0.0014223753919755,0.0015914702069169,Q2,-0.015793112997971353,0.13618909777898897,0.1519822107769603,1.7347235709172841,0.0827897792449372,False,not_significant,0.001432391291560209
2205,DeSagana Diop,597.0,28.0,1355.1872568822705,1417.9813056614134,-188.96574707666275,53.78541088894963,-0.3165255394918974,1.920907531748201,-0.6558751338713757,1.6021809167257133,-0.0002335659060284,0.0013546776139282,0.0015882435199566,Q2,-0.022800641497612503,0.13606144922342883,0.15886209072104135,3.1418464146093728,0.001678860761817207,True,significant,0.0013746652211127875
77633,Johnny Moore,492.0,41.0,1646.770549582771,1642.1115457729938,-82.18751666840768,99.25267763061572,-0.1670477981065196,2.420797015380871,-1.700298684717702,0.4876482873173362,-0.0001014396317379,0.0014741976704398,0.0015756373021777,Q2,-0.007092938468095822,0.13248201123567677,0.13957494970377257,1.2938283178543295,0.19572472894402615,False,not_significant,0.0014776835826445574
1888,Richard Hamilton,920.0,130.0,1793.7636049040816,1820.234520124616,-221.1165012324347,337.83367057072894,-0.2403440230787333,2.598720542851761,-1.080484547606868,2.5661937958154226,-0.0001339886830246,0.0014276844626998,0.0015616731457245,Q2,-0.010193011144395655,0.14315489380768673,0.15334790495208236,2.203398007380378,0.0275667085230911,True,significant,0.0014339581208016791
77786,Tom Owens,482.0,16.0,1499.137834333209,1569.3888105181395,-50.9134297126769,36.99041452770231,-0.1056295222254707,2.311900907981394,-1.2029583644089323,-3.2526723109203752,-7.046018038258167e-05,0.0014731218245516,0.0015435820049342,Q2,-0.0055820429185320635,0.149974424444917,0.15555646736344905,0.47413752876694576,0.6354018382401729,False,not_significant,0.0014748059353656604
78549,Gus Williams,734.0,88.0,1798.9934322242996,1774.6251284533105,-211.50846770673687,213.78856599471123,-0.2881586753497777,2.429415522667173,-1.2041897684664042,1.7546474205283311,-0.0001601777250478,0.0013689739222753,0.0015291516473232,Q2,-0.014078886697781734,0.13461481263258696,0.1486936993303687,1.778934503791217,0.07525050049652099,False,not_significant,0.001378312919286222
1629018,Gary Trent Jr.,479.0,18.0,1591.2128419209514,1582.0224095998587,1.8776758347323013,43.46564111989295,0.0039199913042428,2.414757839994053,-1.473501031051862,-1.5694909049913022,2.463524175377123e-06,0.0015263739788646,0.0015239104546893,Q1,0.00221347996770568,0.15301804104731065,0.15080456107960497,0.6731449035880601,0.5008551090038154,False,not_significant,0.0015263759668922704
178,Olden Polynice,1058.0,37.0,1519.3882666071754,1486.4952359498452,-39.67487674990817,82.35814732078268,-0.0374998835065294,2.225895873534667,-0.9113493546808732,1.8617280255147328,-2.4680908975470408e-05,0.0014974120466066,0.0015220929555821,Q2,-0.001968491707914961,0.1505902464251707,0.15255873813308565,1.8520268900992107,0.06402196166257554,False,not_significant,0.0014976154328099124
244,Dee Brown,607.0,31.0,1618.5548679344147,1600.4354338813876,-17.59619719513502,74.12115963402071,-0.0289887927432207,2.3910051494845392,-1.4888316765321443,-1.0149260061454457,-1.7910293507822833e-05,0.0014939716397592,0.001511881933267,Q2,0.0002303716082116762,0.14650992554246192,0.14627955393425027,0.8873740725385415,0.37487753774296856,False,not_significant,0.00149407899356705
1628384,OG Anunoby,559.0,72.0,1672.7883147928746,1711.1305943827688,277.92697372854616,218.89498060963825,0.4971859995143938,3.0402080640227536,-0.6364857098926618,2.710945763047971,0.0002972199142698,0.0017767247421108,0.0014795048278409,Q1,0.031748297391609635,0.17860003813692368,0.14685174074531404,1.7669330722573329,0.07723943752373733,False,not_significant,0.001801413469103425
77144,Eddie Johnson,646.0,36.0,1655.9224274031658,1613.0084830407084,7.162026107929179,85.29597066513813,0.0110867277212526,2.369332518476059,-0.8118679675274654,0.4850609090199553,6.695197515163146e-06,0.0014688903024301,0.0014621951049149,Q1,0.0024388133157886866,0.15724562049166543,0.15480680717587678,0.9473557430182427,0.3434575349147357,False,not_significant,0.0014689055606957712
77308,Joel Kramer,328.0,28.0,1315.1459033773249,1336.0813199316187,-212.52736528859504,36.16888862300453,-0.6479492844164483,1.2917460222501618,-0.982926998461878,-0.7411261778963125,-0.0004926824337531,0.0009668169167399,0.0014594993504931,Q2,-0.04758948864645166,0.09642720749159218,0.14401669613804385,0.8892023830111494,0.37389432235350956,False,not_significant,0.0010851133263504438
78392,Wes Unseld,384.0,48.0,1523.1404033006352,1489.6318765133194,-110.67828292770436,90.70081389667634,-0.2882246951242301,1.8896002895140904,-1.4765239461555295,1.3053900368865587,-0.0001892305492649,0.0012685015132308,0.0014577320624958,Q2,-0.017196718742981013,0.1304887105617619,0.14768542930474288,1.1464664530366098,0.25160220020726526,False,not_significant,0.0012825382215918267
52,Micheal Williams,412.0,16.0,1754.5089433375729,1653.76558929152,129.7650102922733,43.182351758508005,0.3149636172142556,2.6988969849067503,-1.1638809321408643,-1.5259187940143843,0.0001795166781054,0.0016319706991019,0.0014524540209964,Q1,0.023005726970488607,0.1483781004195531,0.1253723734490645,0.8542934474974878,0.3929424168823016,False,not_significant,0.0016418144232662661
1626163,Frank Kaminsky,411.0,16.0,1535.0643455233874,1498.6445241043943,18.95329971288759,35.49096449365685,0.0461150844595805,2.218185280853553,-1.2323800171964314,-1.010235113448666,3.0041141007582552e-05,0.0014801277055205,0.0014500865645129,Q1,0.004570089239692406,0.14601516804057996,0.14144507880088755,0.6747050324886821,0.4998631865961361,False,not_significant,0.0014804325363900975
431,Shawn Kemp,1051.0,88.0,1803.936301470585,1870.4835839850928,-205.9270739474157,220.17589732858,-0.1959344185988732,2.501998833279318,-1.1266404536735355,2.094527837041607,-0.0001086149319347,0.0013376213802148,0.0014462363121495,Q2,-0.008924889251809502,0.12820538912382803,0.13713027837563754,2.0193160610629803,0.043454379597259646,True,significant,0.0013420239044990689
165,Hakeem Olajuwon,1221.0,145.0,2016.7754161087173,2061.551594905613,-242.4101288555968,401.6867086372685,-0.1985340940668278,2.770253163015645,-1.2119378664437273,2.582110284025428,-9.844134973139e-05,0.0013437709586611,0.0014422123083924,Q2,-0.0060583928668602755,0.13803677832217776,0.14409517118903803,2.1850286885375843,0.028886743175184613,True,significant,0.0013473719192108426
77263,Albert King,503.0,21.0,1569.7819280815731,1629.4770879482116,-97.6646495414304,44.98384831031638,-0.1941643132036389,2.1420880147769705,-1.3532947626128082,0.6601772566949349,-0.00012368871735,0.0013145861519748,0.0014382748693248,Q2,-0.012067373679352865,0.14260156172196337,0.15466893540131624,0.6712705412050293,0.5020481977092643,False,not_significant,0.0013203922333017565
1626172,Kevon Looney,620.0,92.0,1483.3146102179985,1488.7043068817416,-180.81479249526865,168.83549823082433,-0.2916367620891429,1.8351684590306991,-0.7206042129693762,0.98904282070328,-0.0001966115347884,0.0012327286557494,0.0014293401905379,Q2,-0.01887762977384436,0.1201478920985773,0.13902552187242168,3.5433911901222945,0.0003950162800852966,True,significant,0.0012483092703002622
1629216,Gabe Vincent,325.0,62.0,1476.919166273229,1521.585362117813,-128.76130526020043,109.46735849516772,-0.3961886315698474,1.7656025563736728,-1.4392724291199568,-0.6605182553790891,-0.0002682534295831,0.0011603703612896,0.0014286237908727,Q2,-0.02516082303566703,0.1169452861775531,0.14210610921322014,1.6654385061663648,0.09582530252183959,False,not_significant,0.0011909740878131867
1627747,Caris LeVert,584.0,42.0,1640.1390722864994,1652.0053828703517,-17.61398537420688,97.5592793858532,-0.0301609338599432,2.322839985377457,-1.1806752398780669,0.2891000940616901,-1.838925391728902e-05,0.0014060728914463,0.0014244621453636,Q2,0.00046329116651623494,0.14139348029996138,0.14093018913344516,1.6620769364559933,0.09649734928208471,False,not_significant,0.0014061931377729708
200765,Rajon Rondo,955.0,136.0,1715.9334536555425,1795.082080397267,-257.9839633954235,307.20623385577835,-0.2701402758067261,2.2588693665866053,-1.2745325216797232,1.5543610100133454,-0.0001574305082934,0.0012583655038697,0.0014157960121631,Q2,-0.012918152013216812,0.12445102517641354,0.13736917718963038,2.334969246440269,0.0195450273656186,True,significant,0.0012681751086781204
76500,Bob Dandridge,302.0,38.0,1672.3945852190657,1719.0331948108887,-94.39808002890044,79.15687578175012,-0.3125764239367564,2.0830756784671083,-1.6552666897364623,2.597385729695217,-0.0001869035135005,0.0012117716427787,0.0013986751562792,Q2,-0.014638008894656477,0.12814934859702518,0.14278735749168164,0.7510521294776132,0.45262128368049404,False,not_significant,0.0012261009084090187
203114,Khris Middleton,839.0,80.0,1759.207292220744,1799.6939622539585,-97.45201163440552,191.84357132011536,-0.1161525764414845,2.398044641501442,-0.9104842721823544,0.2627521111721879,-6.602552010505752e-05,0.0013324735715055,0.0013984990916105,Q2,-0.004062692620191695,0.1361057801790624,0.1401684727992541,1.627650487928387,0.10359901717399872,False,not_significant,0.0013341083869258025
77936,Robert Reid,878.0,79.0,1491.6475591198832,1567.596229970814,-203.0502015462005,151.6684558176176,-0.2312644664535313,1.919853871109084,-1.1900228243709736,-0.520528192430558,-0.0001550396171264,0.001224711972639,0.0013797515897654,Q2,-0.013438638534819388,0.12014845865048099,0.13358709718530037,1.4969002434977943,0.13441921686539154,False,not_significant,0.0012344864109434383
1626220,Royce O'Neale,677.0,54.0,1514.0476553700778,1502.5928656112883,3.702907818037778,111.93092576908488,0.0054695831876481,2.07279492164972,-0.793615129784254,0.5117323528056915,3.612556822929853e-06,0.0013794787457655,0.0013758661889426,Q1,0.0012262880082188087,0.13911109830238963,0.13788481029417082,1.5337580988664161,0.12508917473980763,False,not_significant,0.0013794834760103348
1628976,Wendell Carter Jr.,460.0,22.0,1634.0423330933102,1653.0649585373694,177.41905899125857,58.60856129412549,0.385693606502736,2.6640255133693405,-0.792512405843026,0.9485600171666758,0.0002360364836892,0.0016115673492507,0.0013755308655614,Q1,0.027162406046218543,0.16658265687726664,0.13942025083104811,1.099248060948081,0.2716598805120897,False,not_significant,0.001628761045335776
1629631,De'Andre Hunter,371.0,28.0,1593.7640101402333,1596.7166805450686,65.77751222305089,66.322241972825,0.177297876611997,2.3686514990294643,-0.575206831338504,-1.500146853388277,0.000111244748585,0.0014834513397961,0.001372206591211,Q1,0.015292806210735177,0.1523980640578107,0.13710525784707556,0.6572788512420681,0.5110016324897464,False,not_significant,0.0014876166413530685
1863,Earl Boykins,648.0,15.0,1522.5149385781606,1606.6119828404346,39.44831529854899,33.90297165009913,0.0608770297817114,2.2601981100066086,-1.0386595349148076,2.600475626619533,3.9984520505633246e-05,0.0014068101907286,0.0013668256702229,Q1,0.005037968642400783,0.14589470907931146,0.14085674043691068,1.1342743212462727,0.256679497071858,False,not_significant,0.001407378298332721
201171,Carl Landry,513.0,37.0,1630.2968379354731,1598.4088242068387,15.046899607919888,81.78327182770487,0.0293311883195319,2.2103586980460777,-1.2644092603376438,0.0557968177152061,1.799131767726146e-05,0.0013828494090946,0.0013648580914173,Q1,0.003880951319124173,0.14068302363412166,0.13680207231499747,0.9323999494602385,0.3511298709063688,False,not_significant,0.001382966440570793
203516,James Ennis III,393.0,22.0,1475.4026706178777,1468.6383799614978,-32.93482451644986,42.23489421691377,-0.0838036247237909,1.919767918950626,-1.3046719048267843,3.820138727762644,-5.6800510391305735e-05,0.0013071753708363,0.0013639758812276,Q2,-0.00468036887964906,0.130590859203764,0.13527122808341308,1.374879578189782,0.16916878150883488,False,not_significant,0.0013084088612133943
2399,Mike Dunleavy,985.0,32.0,1606.597868238595,1594.9429659799366,-39.56060870643423,67.88578297156782,-0.0401630545242987,2.1214307178614944,-1.3641513900359763,-0.9636676704917486,-2.4998822243136524e-05,0.0013300981684684,0.0013550969907115,Q2,-0.0013601705430558186,0.1319926286439075,0.13335279918696333,1.1140913369115535,0.2652400047578963,False,not_significant,0.0013303330706543142
2550,Kirk Hinrich,879.0,68.0,1616.9699653247678,1587.7743376777994,-177.53635478255174,131.55109073073925,-0.2019753751792397,1.9345748636873417,-1.4260493749665717,-0.4345772908740862,-0.0001249097877576,0.0012184192789743,0.001343329066732,Q2,-0.011225918385633965,0.11786048597512469,0.12908640436075866,1.6851798786857999,0.09195387193241335,False,not_significant,0.0012248052883841994
202362,Lance Stephenson,553.0,56.0,1544.9441243113436,1653.3549103228574,-88.03811173165722,114.79616884374902,-0.159200925373702,2.0499315864955183,-1.5043036475413594,-0.2567970307560727,-0.0001030463968686,0.0012398617947644,0.0013429081916331,Q2,-0.008562680937832424,0.12908141979752114,0.13764410073535358,1.3789191415834825,0.16791968568568005,False,not_significant,0.0012441365801325833
1627741,Buddy Hield,765.0,20.0,1611.5717948258773,1555.47402760664,56.60128375280793,43.1934015049668,0.0739886062128208,2.15967007524834,-0.9243703447344802,-2.3772250900776832,4.591083465866623e-05,0.0013884321029592,0.0013425212683005,Q1,0.006195264914781021,0.14116108929095098,0.13496582437616994,0.7361051961882802,0.4616666807679985,False,not_significant,0.0013891909549326766
2732,Ben Gordon,744.0,29.0,1642.7511894451814,1758.6261161431771,-118.8194641601014,63.20749363910652,-0.1597035808603513,2.179568746176087,-1.541201034565706,-0.0857139412875733,-9.721714516870276e-05,0.0012393587961471,0.0013365759413158,Q2,-0.008570879583824567,0.12832547516726087,0.13689635475108544,0.6396699997408313,0.5223871633017863,False,not_significant,0.0012431658774684662
76421,Doug Collins,225.0,29.0,1699.778175245449,1732.5651284707274,-83.40121864809718,55.763337849644834,-0.3706720828804319,1.92287371895327,-1.6968310923986465,8.486865969755902,-0.0002180708567027,0.0011098420990675,0.0013279129557703,Q2,-0.018474051429852777,0.13302311641003434,0.15149716783988712,0.4116046767815933,0.6806292031572885,False,not_significant,0.001131063386113088
76881,David Greenwood,807.0,22.0,1539.4812827573007,1499.1650530800937,-81.27562818853721,41.52876126392957,-0.1007132939139246,1.8876709665422533,-0.9690545454001998,-1.6239276695466898,-6.542027827291364e-05,0.001259148192298,0.0013245684705709,Q2,-0.00501032104440584,0.1152979484309134,0.12030826947531924,0.9743386317341729,0.3298884291602448,False,not_significant,0.0012608465342683966
960,Tony Delk,542.0,50.0,1551.5922050303896,1539.6416182672638,-11.26335478652133,100.64358886205896,-0.0207810973921057,2.012871777241179,-1.340142672104073,-0.5431604729739401,-1.3393401516668972e-05,0.0013073638393241,0.0013207572408408,Q2,0.00045446408877208464,0.1273841745054272,0.1269297104166551,1.4618772208196305,0.14377485821687755,False,not_significant,0.0013074324424521666
78318,Isiah Thomas,965.0,111.0,1861.9089388126629,1888.616888720076,-22.67352487371064,272.18981520755705,-0.0234958806981457,2.4521604973653788,-0.6747388084246002,1.9161717264204643,-1.2619242653794357e-05,0.0012983895844684,0.0013110088271222,Q2,0.00411866541841512,0.13115618741647894,0.1270375219980638,1.8098407551600484,0.07032048574567712,False,not_significant,0.0012984509071740755
2564,Boris Diaw,1064.0,119.0,1582.3103507915978,1566.0333101491622,-163.544756681559,224.52177460387367,-0.1537074780841719,1.8867376017132245,-1.0447396124486046,0.0536504925164715,-9.71411695608736e-05,0.0012047876564857,0.0013019288260466,Q2,-0.008230175046265357,0.11624746938812361,0.12447764443438895,2.4597644389974884,0.013902823387766348,True,significant,0.0012086975238015337
203459,Allen Crabbe,380.0,17.0,1511.9225904929458,1513.331895825349,-39.841308367826585,31.141368396510984,-0.1048455483363857,1.831845199794764,-1.395485141168169,0.2597510202273105,-6.934584415608342e-05,0.0012104715461611,0.0012798173903172,Q2,-0.006595993124802856,0.12949470509804997,0.13609069822285283,0.8892483728159183,0.37386961088377824,False,not_significant,0.0012124562714454338
1952,Raja Bell,697.0,64.0,1550.640866521324,1599.3974477001707,-81.21588760149835,120.06023987651214,-0.116522076903154,1.8759412480705024,-0.8864770671791308,-0.8240804479307207,-7.514446408507038e-05,0.0011729049904187,0.0012480494545037,Q2,-0.007147220939275324,0.12935611773833522,0.13650333867761055,1.4175696984301984,0.1563164320799668,False,not_significant,0.001175309664314781
203935,Marcus Smart,696.0,119.0,1596.2566513749773,1628.9185887430356,-77.64033143432701,227.24864226362823,-0.1115522003366767,1.909652455996876,-1.0538207858560398,-0.1183590513422836,-6.988362444133801e-05,0.001172343706551,0.0012422273309923,Q2,-0.00439144860197332,0.11795920846924514,0.12235065707121846,1.981582947965184,0.04752593722916239,True,significant,0.00117442474737839
78041,Jeff Ruland,328.0,17.0,1831.1681087330355,1871.698906362653,264.6546249001447,53.51148370183659,0.8068738564028802,3.147734335402152,-0.5296101865729772,1.5796514638181405,0.00044063341457,0.0016817525108882,0.0012411190963181,Q1,0.05474641959538687,0.18159863792218725,0.12685221832680038,0.48369021024823144,0.6286057419765742,False,not_significant,0.001738519287760243
1631094,Paolo Banchero,269.0,22.0,1892.5215963267024,1918.2732246372764,426.6982191907419,87.65923303216842,1.5862387330510852,3.984510592371292,0.5752917370675543,2.16236084709335,0.0008381614963495,0.0020771340292907,0.0012389725329411,Q1,0.1016425719737874,0.21155880008769812,0.1099162281139107,0.5564423960909483,0.577908463057768,False,not_significant,0.0022398661722523184
78293,Roy Tarpley,280.0,24.0,1687.477572787866,1801.3410462953343,189.6581331381304,70.47693456816019,0.6773504754933228,2.936538940340008,-0.7724499520699509,2.567729064873279,0.0004013982090288,0.0016301959844746,0.0012287977754458,Q1,0.046970619693512704,0.17144705683596648,0.12447643714245377,0.6451844474039209,0.5188076636435377,False,not_significant,0.0016788863779328958
1626159,Justise Winslow,343.0,19.0,1518.7983696976069,1508.476608369827,19.143041956715276,36.24223281639783,0.0558106179496072,1.907485937705149,-1.079943367116272,3.0995081549934063,3.674656166553505e-05,0.001264511446264,0.0012277648845984,Q1,0.005781641460929132,0.12796250687729308,0.12218086541636393,0.6848310661745107,0.4934505292413643,False,not_significant,0.001265045259082422
688,Michael Curry,663.0,36.0,1399.0721088039124,1370.565019038451,-176.847278348479,50.86452860533985,-0.2667379763928793,1.4129035723705514,-0.9827386144633868,-0.3830854378337189,-0.0001906534872036,0.0010308913132496,0.0012215448004533,Q2,-0.019052620487075844,0.1028991004794157,0.12195172096649154,1.5768175119311236,0.11483752101198234,False,not_significant,0.0010483728592043855
422,Avery Johnson,1049.0,90.0,1620.4204629774413,1729.355095763009,-152.24024880046804,175.85303491923972,-0.1451289311729914,1.9539226102137743,-0.9676801907114626,1.5003751536047836,-8.956251447622694e-05,0.0011298562192351,0.0012194187337113,Q2,-0.007534509736422741,0.11354495777355703,0.12107946750997978,1.8277892721165998,0.06758118388775053,False,not_significant,0.0011334004235677428
911,Ervin Johnson,840.0,77.0,1468.7784185818318,1469.2247512963345,-193.9735276310485,120.16281710798148,-0.2309208662274387,1.5605560663374216,-0.9338102816888084,0.0012178067226482,-0.0001572196754159,0.0010621629297767,0.0012193826051927,Q2,-0.015515085768780024,0.10490615821161525,0.12042124398039529,2.612474850618474,0.008988930560641092,True,significant,0.0010737355893001331
892,Spud Webb,812.0,39.0,1584.024119020714,1575.2216893391385,36.26132244474492,76.40189046140185,0.0446568010403262,1.9590228323436367,-0.9951416994653054,-2.282745507191944,2.819199562941901e-05,0.0012436489705557,0.0012154569749262,Q1,0.004134701583654703,0.12576789633497837,0.12163319475132364,0.9959050016135926,0.31929630491442296,False,not_significant,0.0012439684684837562
1629651,Nic Claxton,380.0,20.0,1672.807321022303,1499.9450840272425,164.84135974701775,44.20812298490426,0.4337930519658362,2.2104061492452134,-0.9385825745828482,0.8485308069440413,0.0002593203930388,0.0014736580510737,0.0012143376580348,Q1,0.029809057731997626,0.1345205582343771,0.10471150050237948,0.855893463164732,0.39205671102125267,False,not_significant,0.0014963004770901242
76213,Tom Boswell,328.0,17.0,1417.946472411796,1249.326039907422,-43.98385278192873,23.60260765071313,-0.1340971121400266,1.3883886853360663,-1.3663087969291468,-1.419546176938054,-9.457135001149924e-05,0.0011113101312119,0.0012058814812234,Q2,-0.007039206992423093,0.07874641396057933,0.08578562095300242,0.4886808853064422,0.6250676384937713,False,not_significant,0.0011153268345992613
78059,Mike Sanders,629.0,67.0,1453.6645970457791,1424.093619280883,-64.12884708099557,108.31052249935304,-0.1019536519570676,1.6165749626769108,-1.037684803664544,-0.825157614148839,-7.013560911111392e-05,0.0011351605967402,0.0012052962058513,Q2,-0.0067920625840670506,0.11462276071127755,0.1214148232953446,2.0693158297186494,0.03851645915107874,True,significant,0.0011373251883506994
275,Allan Houston,837.0,63.0,1749.9247279009762,1764.8608666735506,99.36041319028736,140.70246903430262,0.1187101710756121,2.2333725243540097,-1.0698488522975953,0.237494203735914,6.783730133238603e-05,0.0012654666248923,0.0011976293235599,Q1,0.010055254926851538,0.13278744311691487,0.12273218819006335,1.1775487343303979,0.23897655796059983,False,not_significant,0.001267283582379402
78481,Marvin Webster,572.0,48.0,1376.098340935447,1388.7709003688983,-76.33906306570734,72.8963309571693,-0.1334599004645233,1.5186735616076936,-1.232105250879898,-0.513545640205556,-9.698427539255638e-05,0.0010935378622955,0.0011905221376881,Q2,-0.007632761015377874,0.10198577800290881,0.10961853901828669,0.9034780190792863,0.3662722491025557,False,not_significant,0.0010978301352883475
1627936,Alex Caruso,472.0,74.0,1526.0576972370925,1548.692218891135,28.90975567400424,140.69281715112652,0.0612494823601784,1.901254285826034,-0.8763627347387706,0.3789133276314977,4.013575795402092e-05,0.0012276514743435,0.0011875157163894,Q1,0.005478639982172476,0.12273122482904623,0.11725258484687376,2.0660687427933158,0.038821989138917164,True,significant,0.0012283073807171855
1628973,Jalen Brunson,559.0,86.0,1815.0962597641635,1996.166264053449,372.7581378913546,266.5675940246177,0.6668303003423159,3.099623186332764,-0.3059506057635764,2.354100812220813,0.0003673801302576,0.0015527880829117,0.0011854079526541,Q1,0.0430919966238182,0.16036643284581595,0.11727443622199774,1.5683865498883425,0.11679094812370179,False,not_significant,0.0015956562883467991
1503,Tracy McGrady,937.0,49.0,1972.8156207447148,2025.93901192708,-30.068788284033268,116.02802621384728,-0.0320904890971539,2.3679189023234137,-0.9196982619359716,-1.5259272284257372,-1.6266339722634687e-05,0.0011688006837239,0.0011850670234465,Q2,0.0013874513012013684,0.11270176517769544,0.11131431387649407,1.2833650323687407,0.19936421862379397,False,not_significant,0.0011689138685469637
202349,Greivis Vasquez,400.0,24.0,1560.0306058089743,1455.1982289757025,6.968330210188816,41.40990350487169,0.017420825525472,1.7254126460363206,-1.2347904975934023,-0.995002194416002,1.1166976763534866e-05,0.0011856890777353,0.0011745221009718,Q1,0.0019141242069229474,0.12199768635251668,0.12008356214559372,0.9727798965694864,0.3306627062457781,False,not_significant,0.0011857416626022818
2744,Al Jefferson,914.0,21.0,1824.6802189470031,1743.0552366667605,108.43587800158684,45.36820281541219,0.1186388161942963,2.1603906102577235,-0.8082127887866876,0.8395335169165201,6.501896330238132e-05,0.0012394275091299,0.0011744085458275,Q1,0.008627372198647482,0.14363966787748664,0.13501229567883916,0.815556019274204,0.4147541125105949,False,not_significant,0.0012411317480335701
101187,Alan Anderson,330.0,18.0,1468.104907602748,1470.6689081307609,-20.3174088667478,29.97335129597754,-0.0615679056568115,1.665186183109863,-1.3195036943124283,0.5074238204906945,-4.193699328840543e-05,0.0011322644912826,0.001174201484571,Q2,-0.0028794847829322467,0.11320009936160848,0.11607958414454073,1.0774610779524498,0.2812743302045273,False,not_significant,0.0011330408596451924
77160,Marques Johnson,666.0,54.0,1831.4736390159471,1841.7889658610643,118.00564782824954,126.2731887432028,0.177185657399774,2.3383923841333853,-0.1998921415171595,-0.5988328102208136,9.674485814329063e-05,0.0012696310095658,0.0011728861514225,Q1,0.015296398811798137,0.1351225115654162,0.11982611275361806,0.8221620238018308,0.41098468923655146,False,not_significant,0.0012733116146600712
76003,Kareem Abdul-Jabbar,994.0,179.0,1914.688047739988,1898.0934240339643,-338.6678586556655,337.9556188749791,-0.3407121314443315,1.8880202171786544,-0.963617370833973,0.678242918538648,-0.0001779465494896,0.0009946929868004,0.00117263953629,Q2,-0.015993792025111836,0.0966094749994646,0.11260326702457644,2.2386912735096836,0.025176010725281143,True,significant,0.0010104845928885582
2407,Jared Jeffries,627.0,25.0,1421.6822228909618,1483.1736195099231,-118.43232425150306,38.47853161289628,-0.1888872795079793,1.539141264515851,-1.0421253847952492,0.0908488975654788,-0.0001328618143116,0.0010377350596516,0.0011705968739633,Q2,-0.012834435961196428,0.10947240469841513,0.12230684065961155,1.1966812389743515,0.2314308222617776,False,not_significant,0.0010462056756356656
965,Derek Fisher,1287.0,257.0,1568.5462432133074,1554.8132043723965,-375.75814614182815,388.13128659965935,-0.291964371516572,1.5102384692593749,-1.1035280225724082,-0.2228761401854966,-0.0001861369231413,0.0009713311316191,0.0011574680547604,Q2,-0.01789055049937151,0.09665323082005828,0.1145437813194298,3.58463400489525,0.0003375512203883929,True,significant,0.0009890051169781436
201202,Joel Anthony,476.0,65.0,1437.9697423820394,1454.4590685137691,-156.2319806495078,87.68359642532769,-0.3282184467426634,1.3489784065435029,-0.7741176061323622,-0.5430106522495187,-0.0002282512886529,0.0009274777377695,0.0011557290264224,Q2,-0.022273281888291304,0.09253260129683197,0.11480588318512326,2.405700510552454,0.01614149131628012,True,significant,0.0009551510900531596
1628997,Caleb Martin,368.0,50.0,1529.5785173735578,1557.0834735253072,-83.04364141567245,78.35491797901592,-0.2256620690643273,1.5670983595803183,-1.6435748055376105,-1.6320155939529042,-0.0001475321904048,0.0010064318234862,0.001153964013891,Q2,-0.012556571597146252,0.09715118303265918,0.10970775462980545,1.0677244491357585,0.28564482646674866,False,not_significant,0.0010171876732105022
101177,Fabricio Oberto,324.0,44.0,1459.790800637074,1507.1820145691167,-123.86774055492543,58.97704972045617,-0.3823078412189056,1.3403874936467313,-1.1734768844482746,-0.96836777017346,-0.0002618922115772,0.0008893335248761,0.0011512257364533,Q2,-0.02597325387072303,0.09094586876530888,0.11691912263603191,1.659355328523557,0.09704421226885712,False,not_significant,0.0009270931177359401
201175,Glen Davis,513.0,96.0,1558.697112183564,1569.4963257403208,-129.24121342393855,147.858506493083,-0.2519321899102116,1.5401927759696148,-1.1468744122846024,-1.366125629367832,-0.0001616299843895,0.0009813293288489,0.0011429593132384,Q2,-0.014365206504397734,0.0960792902217137,0.11044449672611145,1.7747933665116886,0.07593201204799885,False,not_significant,0.0009945509054406327
166,Ron Harper,1008.0,112.0,1742.3488672063932,1621.084514750248,-63.200258114031016,200.76880860060916,-0.0626986687639196,1.7925786482197243,-1.0441945409380942,-0.3207899704778317,-3.5985140487075934e-05,0.0011057897548888,0.0011417748953758,Q2,-0.001319389769423095,0.1096572932438638,0.11097668301328688,2.220381538031746,0.026392879196659152,True,significant,0.0011063751228009905
202692,Alec Burks,791.0,30.0,1555.861396500695,1522.4785505737457,12.640265565696875,52.59753290316204,0.0159801081740794,1.753251096772068,-1.1995388078180953,-0.3803367920135635,1.027090729933947e-05,0.0011515768784468,0.0011413059711475,Q1,0.001947677146597357,0.11476018246610949,0.11281250531951213,1.1458907134122707,0.25184037420673966,False,not_significant,0.0011516226806163672
201572,Brook Lopez,1179.0,90.0,1712.996518894509,1675.1953417554068,-25.1475401822448,169.63958323299818,-0.0213295506210727,1.8848842581444245,-0.9647715686461266,0.2618177117627882,-1.2451601848460209e-05,0.0011251728148726,0.001137624416721,Q2,0.0011451628594415365,0.1102486887451142,0.10910352588567265,1.7769549439566623,0.07557565324681899,False,not_significant,0.0011252417099081081
77081,Jay Humphries,710.0,41.0,1640.4579448039012,1562.3775377319548,-19.35075031947496,70.65086686128357,-0.0272545779147534,1.723191874665453,-1.1491859120226942,-0.6549750273841526,-1.6614005864082942e-05,0.0011029292428044,0.0011195432486685,Q2,-0.00011904343788048874,0.11210575844470591,0.1122248018825864,0.92892233397694,0.3529293376230965,False,not_significant,0.0011030543684805109
201573,Jerryd Bayless,585.0,30.0,1523.267861200978,1566.9175191254035,-29.99202442729641,50.80914279043396,-0.0512684178244383,1.6936380930144652,-1.5357609321149512,-0.4678300906666581,-3.3656863070699304e-05,0.0010808725235006,0.0011145293865713,Q2,-0.002353806490348481,0.1134062366952142,0.11576004318556267,1.2336155296923514,0.21734620339444627,False,not_significant,0.0010813964104297343
76631,Mark Eaton,853.0,74.0,1535.1855968013133,1514.7489043981104,-73.79986191991144,118.5168157525868,-0.086518009284773,1.601578591251173,-0.972970871623752,0.3273596591311463,-5.635670987601794e-05,0.0010573228253217,0.0011136795351977,Q2,-0.004663313627882829,0.10491092581412,0.10957423944200281,1.9599385241805685,0.05000297613923061,False,not_significant,0.0010588237037837374
1628369,Jayson Tatum,601.0,128.0,1950.271516971756,2008.7155576381324,277.9188558455129,347.2579398905976,0.4624273807745639,2.7129526553952936,0.1951624125422266,3.4374619819186525,0.0002371092315866,0.0013505907519256,0.0011134815203389,Q1,0.03137139550855209,0.14778671085429887,0.11641531534574678,1.5844426664469196,0.11309301901808162,False,not_significant,0.0013712462094352513
77697,Ed Nealy,520.0,33.0,1307.01865863714,1293.0836170551283,-176.44308332575196,36.30805316128494,-0.3393136217802922,1.1002440351904528,-0.656109404705954,-0.0743353066978486,-0.0002596088583265,0.0008508684362548,0.0011104772945813,Q2,-0.024782047866216628,0.08533164663795705,0.11011369450417366,2.0820620551698705,0.03733680189488441,True,significant,0.0008895919599098665
202695,Kawhi Leonard,797.0,147.0,2038.383343222885,2027.0680284328005,222.11182517993737,371.0761408062377,0.278684849661151,2.5243274884778075,-0.2366641366563138,2.7742263154554583,0.0001367185669897,0.0012453097049877,0.001108591137998,Q1,0.02125646246682189,0.13000350843939149,0.10874704597256958,1.59330312143247,0.11109220678676916,False,not_significant,0.0012527921726672262
84,Latrell Sprewell,913.0,62.0,1767.4548279789112,1801.1763143047192,99.86529705921342,129.95220929858706,0.1093814863737277,2.0960033757836625,-1.1180558035530257,-0.2673198191375622,6.188643955263384e-05,0.0011636858419342,0.0011017994023815,Q1,0.010171708343656988,0.12060772788901693,0.11043601954535995,0.9461337206083743,0.34408038653801487,False,not_significant,0.0011653302837044137
1460,James Worthy,906.0,142.0,1791.2793799459232,1825.029695556497,-184.4454200413377,255.723992374236,-0.2035821413259798,1.8008731857340563,-0.8042767435781819,1.506072001774207,-0.0001136518086487,0.0009867637716354,0.0011004155802841,Q2,-0.008813585229348855,0.10043512625154452,0.10924871148089339,1.8631005493591597,0.062448120974477515,False,not_significant,0.0009932872065124168
2202,Jason Richardson,857.0,37.0,1733.4762397577622,1771.620707509515,69.69743130233304,74.92424446795215,0.0813272243901202,2.024979580214923,-0.9659890825282768,-0.4177888682244536,4.69156845215744e-05,0.0011430096586879,0.0010960939741663,Q1,0.007899127669529524,0.11957573343292038,0.11167660576339086,0.7735679354405844,0.43918633991902817,False,not_significant,0.0011439720981334981
1627750,Jamal Murray,611.0,85.0,1825.155082347536,1878.0635545297407,278.7188061089951,214.81666412968545,0.4561682587708594,2.527254872113946,-0.5143969037465421,1.4788414692821163,0.000249933971739,0.0013456705796874,0.0010957366079484,Q1,0.03115665923967613,0.13879866975015498,0.10764201051047884,1.2832183524341145,0.19941558802878256,False,not_significant,0.00136868414883254
202335,Patrick Patterson,718.0,49.0,1509.196989954089,1519.6479668157344,-123.07851769781097,73.01564669209098,-0.171418548325642,1.4901152386141017,-0.763115283412,-0.5202416575018466,-0.0001135826200732,0.0009805660726388,0.001094148692712,Q2,-0.010871746877621052,0.09616449195570144,0.1070362388333225,1.767059966089498,0.07721818616000324,False,not_significant,0.0009871225022219752
76942,Bob Hansen,564.0,49.0,1473.5932438771113,1458.690493515704,-113.41208472719389,68.13263592689505,-0.2010852566084997,1.3904619576917356,-1.1033980576783706,-0.613075203920364,-0.0001364591331047,0.0009532261736624,0.0010896853067671,Q2,-0.013092226880893185,0.09200460305120185,0.10509682993209504,1.4578268726066388,0.14488826921798661,False,not_significant,0.0009629440446686122
1629655,Daniel Gafford,433.0,31.0,1610.305242824213,1682.8433629907972,138.55412231231278,67.14105703090408,0.3199864256635399,2.1658405493840025,-0.7878383860465499,0.3999540382124961,0.000198711658606,0.0012870125627942,0.0010883009041882,Q1,0.021773215183848185,0.1422293695951789,0.12045615441133072,1.2405296136197275,0.21477956786138777,False,not_significant,0.0013022625157993462
470,Doc Rivers,852.0,81.0,1696.082330377727,1688.7157472562328,-128.45747515496367,136.425271957885,-0.1507716844541827,1.6842626167640125,-1.040587388762667,-0.1167138528661211,-8.889408359121637e-05,0.0009973630076586,0.0010862570912498,Q2,-0.008184990597420108,0.10463952389267517,0.11282451449009527,1.3779111723525843,0.16823071508405227,False,not_significant,0.0010013166967265306
2457,Jannero Pargo,486.0,38.0,1441.245672445527,1443.7400792549292,-88.2375421021497,52.40547507280634,-0.1815587286052463,1.379091449284377,-1.1156259365959729,-0.8707041943490736,-0.000125973477025,0.0009552214204623,0.0010811948974874,Q2,-0.011815456545659315,0.09505261126364407,0.10686806780930339,1.0151011948380841,0.3100575921364035,False,not_significant,0.000963492230909924
760,Jerome Kersey,1129.0,126.0,1544.2840754331285,1698.5994632501106,-220.38943630089904,203.93150372615932,-0.1952076495136395,1.6185039978266615,-0.8357736150520731,-0.2991042310691197,-0.0001264065676898,0.0009528461728875,0.0010792527405773,Q2,-0.010584355724494593,0.09148532006303459,0.10206967578752918,2.1584679506059867,0.030891467608836928,True,significant,0.0009611942829321612
1627780,Gary Payton II,331.0,38.0,1468.3155473433092,1520.1318826214813,-4.399416218208355,61.12267780348364,-0.0132912876683031,1.6084915211443065,-1.0607651338939383,-0.9428438086820896,-9.052064927291498e-06,0.001058126297812,0.0010671783627393,Q2,0.0006906078343493023,0.10533836623300016,0.10464775839865086,1.2892347820698553,0.19731647635497107,False,not_significant,0.0010581650164321146
120,Steven Smith,933.0,85.0,1741.354125040271,1803.741656738408,-150.74371501441524,149.36700817236317,-0.1615688263820099,1.757258919674861,-1.0123122763498744,-1.4910700338361125,-9.278344023118986e-05,0.0009742298256017,0.0010670132658329,Q2,-0.00835544936953843,0.1080881936028431,0.11644364297238152,1.3690981506461848,0.17096859633672634,False,not_significant,0.000978638094431774
1629661,Cameron Johnson,394.0,44.0,1635.1322095003788,1602.1957049190337,146.74521707687455,91.25371234576949,0.3724497895352146,2.073948007858397,-0.4331581986204849,0.0699738636929958,0.0002277796176793,0.0012944411231979,0.0010666615055186,Q1,0.02568536994494469,0.13078848702152254,0.10510311707657785,1.5073180517347577,0.13172915267705743,False,not_significant,0.0013143292493344157
203084,Harrison Barnes,1068.0,93.0,1647.700166903503,1590.838285689002,-76.64787584151767,151.27039987168035,-0.0717676740089116,1.6265634394804338,-0.7055448801990875,-0.1869765960260188,-4.35562704006904e-05,0.0010224568104205,0.0010660130808212,Q2,-0.0028751622789001297,0.10128541450769576,0.1041605767865959,1.30860409391832,0.19066849344963308,False,not_significant,0.0010233841301615343
76726,Sleepy Floyd,936.0,36.0,1665.6137358344265,1725.1744309462774,-137.25503253587033,60.62285199448178,-0.1466399920255024,1.683968110957827,-1.417533872201098,-2.8313904323194365,-8.803961499035064e-05,0.0009761146935351,0.0010641543085255,Q2,-0.008299057817960405,0.08650650163460909,0.0948055594525695,0.6968109811846761,0.4859210929581644,False,not_significant,0.0009800769708256446
202687,Bismack Biyombo,887.0,49.0,1451.1333711812872,1441.511869894608,-128.1538858485269,68.08334839298331,-0.14448014188109,1.3894560896527206,-1.0118419145646602,-0.7418801409338749,-9.956365469252272e-05,0.0009638880668768,0.0010634517215693,Q2,-0.008992363722648906,0.0888201501575958,0.0978125138802447,1.6659664555713047,0.09572009584717053,False,not_significant,0.0009690165771560496
766,David Wingate,721.0,58.0,1422.7103415172814,1401.4903972950472,-153.49432086529993,72.63050880337349,-0.2128908749865463,1.2522501517823017,-0.7623012413235366,-0.0112229990929328,-0.0001496375395426,0.0008935131872463,0.001043150726789,Q2,-0.01470270235433923,0.08893029005377794,0.10363299240811717,1.9059049937395158,0.05666253304863164,False,not_significant,0.000905956516077568
738,Bob Thornton,283.0,16.0,1288.2826062459735,1256.1510397955103,-193.78595428888408,10.27427567507383,-0.6847560222222052,0.6421422296921144,-0.6168871852726999,0.1831621563063936,-0.0005315262496771,0.000511198263066,0.0010427245127432,Q2,-0.051002452281131115,0.05127590213931262,0.10227835442044374,2.128593733478603,0.03328788742591151,True,significant,0.0007374576721802399
77175,Caldwell Jones,1050.0,119.0,1383.117518095422,1425.9670380270447,-163.37281678317348,157.3001094858978,-0.1555931588411176,1.3218496595453595,-0.9605107663763296,-0.1639176216113141,-0.000112494532681,0.0009269847228546,0.0010394792555356,Q2,-0.010188585991400196,0.09468327741161442,0.10487186340301462,1.580349970518681,0.1140267420230544,False,not_significant,0.0009337856800620451
77133,Charlie Johnson,232.0,49.0,1262.6237965442328,1346.98828204951,-89.44588058118471,48.24647361246772,-0.3855425887120031,0.9846219104585248,-1.454506375995329,-2.4651639166458814,-0.0003053503266509,0.0007309803088712,0.0010363306355221,Q2,-0.02785650063839573,0.08175536908310614,0.10961186972150189,0.9016576266975787,0.3672387687583048,False,not_significant,0.0007921938108463398
77152,John Johnson,407.0,73.0,1436.616006187814,1430.1674206181913,-104.25746431014812,89.57172590496842,-0.2561608459708799,1.227009943903677,-0.879868733667797,-0.6348589532760269,-0.0001783085005788,0.0008579484654833,0.0010362569660621,Q2,-0.015050530569704786,0.08137386594748969,0.09642439651719448,1.0850419301682894,0.2779030846810115,False,not_significant,0.0008762816275626284
203500,Steven Adams,795.0,72.0,1600.2462501615848,1609.5662748122077,2.960684023499564,120.17187200034212,0.0037241308471692,1.6690537777825294,-0.757553158130831,-1.9325966980329776,2.3272236049878064e-06,0.0010369587160847,0.0010346314924797,Q1,0.0008923310005426036,0.1125103461287724,0.11161801512822982,1.6045432115644942,0.10859436753632419,False,not_significant,0.0010369613275497485
164,Chris Childs,540.0,73.0,1507.1642513024512,1523.2974995939658,-41.00369098773757,108.58378634164836,-0.0759327610884029,1.4874491279677855,-1.2646322232418816,-1.0005804988803657,-5.0381211618298295e-05,0.0009764665985234,0.0010268478101417,Q2,-0.0037062101790954725,0.10152734718225018,0.10523355736134565,1.2394458171935903,0.21518044270667766,False,not_significant,0.0009777654547569097
1629312,Haywood Highsmith,223.0,41.0,1460.8586622267626,1442.5952243266474,-30.64912601395947,55.141912297661605,-0.1374400269684281,1.3449246901868683,-1.290049828549276,-1.500355045272328,-9.408167300656626e-05,0.0009322952603108,0.0010263769333174,Q2,-0.008598124676548486,0.09628191465970529,0.10488003933625378,0.9851620303135229,0.3245444880210865,False,not_significant,0.0009370303162618042
356,Chris Morris,740.0,69.0,1630.9688750402615,1500.6193695463603,-64.58952585574299,100.1409347200828,-0.0872831430483013,1.4513178944939538,-1.2359445018590791,-0.879322253857132,-5.351613043268327e-05,0.0009671459158445,0.0010206620462772,Q2,-0.0036781875906294788,0.08835818962746388,0.09203637721809335,1.469970121355841,0.14156984637723305,False,not_significant,0.0009686254171511218
1853,Anthony Carter,599.0,39.0,1475.9513127333855,1459.4300274302711,-102.21384558146916,51.08837344666993,-0.1706408106535378,1.309958293504357,-0.8701777166295478,-1.2249000039348708,-0.0001156141189627,0.000897582116911,0.0010131962358737,Q2,-0.01013980483748301,0.0819918245346793,0.09213162937216232,0.971818858274017,0.3311406723715362,False,not_significant,0.0009049973928702521
76444,Michael Cooper,854.0,167.0,1545.9859690473818,1549.878509990615,-180.79552849184745,225.09364039686812,-0.2117043659155122,1.347866110160887,-0.9830810604379684,0.8350395036308833,-0.0001369380900953,0.0008696592032681,0.0010065972933634,Q2,-0.012372417170170066,0.0872821267975718,0.09965454396774187,2.179559162814616,0.029290154675931032,True,significant,0.0008803744489408214
1627752,Taurean Prince,607.0,29.0,1491.46588925344,1477.7477607121612,-19.87933882996326,42.14814144147623,-0.0327501463426083,1.4533841876371112,-0.984918609851306,0.8023686209315,-2.19583609511858e-05,0.0009835130367152,0.0010054713976663,Q2,-0.0008363078527790726,0.09374264515464964,0.09457895300742872,0.8893510116932842,0.37381446409821817,False,not_significant,0.0009837581323701558
1626192,Pat Connaughton,628.0,83.0,1468.7061680592906,1479.4536504962582,-146.1804401132855,103.30229474956356,-0.2327714014542762,1.2446059608381153,-0.909905594275114,-0.402798256893695,-0.000158487386052,0.0008412605291288,0.0009997479151809,Q2,-0.015311229362968751,0.08287794331991669,0.09818917268288543,2.128128501176157,0.033326430831044807,True,significant,0.0008560593025063535
77273,Reggie King,425.0,23.0,1482.1941400513583,1675.1792877074,-76.60012968118782,33.562504438958285,-0.1802355992498537,1.459239323432969,-1.309642867190648,-3.616925055870857,-0.0001216005342212,0.0008710944160669,0.0009926949502882,Q2,-0.009501720162631086,0.07250774054504898,0.08200946070768006,0.36918260771311834,0.7119916186827915,False,not_significant,0.0008795408868414331
1630,Mikki Moore,560.0,25.0,1442.2568364015278,1530.8198750277006,-92.43884370993725,33.391131736814884,-0.165069363767745,1.335645269472595,-1.1032981958963195,-0.0809927521753797,-0.0001144521278051,0.0008725032195237,0.0009869553473289,Q2,-0.010647558183333357,0.08172631755645848,0.09237387573979183,1.0011150850688701,0.31677117284878026,False,not_significant,0.0008799779301995798
201950,Jrue Holiday,1089.0,103.0,1762.2334162365382,1790.048524312778,89.49938651693749,187.65502223600987,0.082184927931072,1.8218934197670864,-0.5026692032407654,0.0002723563746813,4.663680030911449e-05,0.0010177899621277,0.0009711531618186,Q1,0.007595226491722602,0.10415653905826434,0.09656131256654174,1.4514349285704653,0.14665878954203396,False,not_significant,0.0010188578890851154
893,Michael Jordan,1060.0,179.0,2181.1196168735887,2207.2879890404674,54.85314781111651,393.0048773603456,0.0517482526519967,2.195557974080143,0.0357083428419765,2.6816885729632096,2.372554547291291e-05,0.0009946857795545,0.0009709602340816,Q1,0.010180969464291314,0.10329525382876759,0.09311428436447627,1.988592889827152,0.046746156836943754,True,significant,0.0009949686937567085
2419,Tayshaun Prince,1012.0,140.0,1671.729333303006,1772.2185635960675,-243.61672322362267,202.1166203151437,-0.2407279873751212,1.4436901451081696,-1.1279891014093932,-1.6617781683820527,-0.0001439993799112,0.0008146230802247,0.000958622460136,Q2,-0.014177165175481806,0.09174351491290347,0.10592068008838527,1.1810620608478926,0.2375780701013066,False,not_significant,0.0008272524307909818
1731,Tyronn Lue,550.0,19.0,1524.1551390387112,1429.980091903332,-21.137971749935183,25.23944588966025,-0.038432675908973,1.3283918889294866,-1.2060008723010232,-0.8926613841968827,-2.521572438696277e-05,0.0009289583095953,0.0009541740339822,Q2,-0.001972436030284605,0.09263782145840395,0.09461025748868856,0.9335276646864682,0.35054759357477344,False,not_significant,0.0009293004754773972
202699,Tobias Harris,1032.0,82.0,1756.747681588034,1765.0168409100647,172.8259490586878,151.81472214443548,0.1674670049018292,1.851399050541896,-0.4737519841428267,2.2126518150455774,9.532786447194588e-05,0.0010489412948531,0.0009536134303812,Q1,0.01234816348639707,0.1076423312721122,0.09529416778571513,1.4381302080048024,0.15039711298891562,False,not_significant,0.001053264089292367
213,Antonio Davis,902.0,93.0,1595.422026922491,1617.3204234386922,-122.32523993137404,130.09117256966923,-0.1356155653341175,1.3988298125770884,-1.0378479558338314,-0.6472698635379179,-8.500294157008404e-05,0.0008649057986932,0.0009499087402632,Q2,-0.006920300147769952,0.08364218148245581,0.09056248163022576,1.4548096212839021,0.14572197385904606,False,not_significant,0.000869072805171517
1088,Chucky Atkins,695.0,36.0,1572.8389679039694,1539.350311690868,-56.9502798384497,49.73826648975224,-0.0819428486884168,1.381618513604229,-1.402284845735679,-1.6866560484997817,-5.209868928770075e-05,0.0008975335263918,0.0009496322156795,Q2,-0.004367034726567304,0.09283206373580381,0.09719909846237111,0.8002586827512793,0.4235609362597909,False,not_significant,0.0008990443283969908
76054,Nate Archibald,442.0,41.0,1695.3559996188085,1731.9060882850058,-71.04421057524202,60.5843572640566,-0.1607335080887828,1.477667250342844,-1.5387826565725118,-1.0769582409356149,-9.480811589124814e-05,0.0008532028730299,0.0009480109889212,Q2,-0.00678585945970142,0.08749605019374787,0.09428190965344929,0.7438667654848516,0.45695708335930607,False,not_significant,0.0008584542628383436
203090,Maurice Harkless,619.0,33.0,1505.442144117969,1537.1142701129245,-70.2822202330708,44.037345492869214,-0.1135415512650578,1.334465014935431,-1.3090998921035832,0.3907594552247792,-7.542073384134019e-05,0.0008681625308425,0.0009435832646838,Q2,-0.006633899670987058,0.08981059628133475,0.09644449595232181,1.137894965526942,0.25516434375096614,False,not_significant,0.0008714324225389028
201569,Eric Gordon,931.0,64.0,1645.4607694662798,1637.6814733767617,-32.91241996036196,95.86124353266418,-0.0353516863161782,1.4978319301978775,-0.9657502104189286,0.1258100033157067,-2.148436898173203e-05,0.0009146051625713,0.0009360895315531,Q2,-6.262759875064696e-05,0.09315605266948104,0.0932186802682317,1.2159002749117271,0.2240229133625424,False,not_significant,0.000914857465134661
76539,Darryl Dawkins,671.0,109.0,1563.7182274661443,1563.9808335847945,-139.25260579546034,136.43050272473096,-0.2075299639276607,1.251655988300284,-1.147105552484614,-3.0446956690216904,-0.0001327157030483,0.0008003013601076,0.000933017063156,Q2,-0.012265136724390157,0.08139361863334174,0.0936587553577319,1.196164881770153,0.2316322223391857,False,not_significant,0.0008112309935065838
78351,Andrew Toney,462.0,72.0,1692.7181299116596,1691.9399175631834,-18.880885765876684,110.1466018765664,-0.0408677181079581,1.5298139149523111,-1.761056080341031,-3.700941373055543,-2.4143250660457576e-05,0.0009041774468892,0.0009283206975497,Q2,0.0012683176196978982,0.09239616809987414,0.09112785048017624,0.7218326895137739,0.4703973487853569,False,not_significant,0.000904499724718325
203490,Otto Porter Jr.,521.0,49.0,1669.9579900208828,1576.4428890937036,19.25108838034535,73.15526646525613,0.0369502656052693,1.492964621739921,-1.2178476052239784,-0.9070032804424412,2.21264641542314e-05,0.0009470464373106,0.0009249199731564,Q1,0.0038854540621345228,0.09851625956750201,0.09463080550536748,0.9950088822905612,0.3197319443691494,False,not_significant,0.0009473048795602546
895,Tyrone Corbin,1052.0,80.0,1550.6419121177937,1564.5713489680363,-99.97136713769156,107.8299058252651,-0.0950298166708094,1.3478738228158138,-1.1886317884840218,-0.6790920172162584,-6.12841791055565e-05,0.0008614971913584,0.0009227813704639,Q2,-0.00517618265935934,0.08627430339739248,0.09145048605675181,1.4541358790498038,0.14590863796441642,False,not_significant,0.000863674221756707
937,Scottie Pippen,1178.0,208.0,1834.9355963040664,1915.712988915568,-159.03770099493858,331.4717813668619,-0.1350065373471465,1.5936143334945283,-0.761136925042628,1.186731929929649,-7.3575627187721e-05,0.0008318648684407,0.0009054404956284,Q2,-0.005506515988515933,0.09324010222953188,0.09874661821804781,1.9533291380989817,0.050780606947661476,False,not_significant,0.0008351122872176709
203546,Ian Clark,326.0,41.0,1412.9106879630085,1444.3230332722155,-62.62423415297141,45.326048863064784,-0.1920988777698509,1.1055133869040192,-0.8691220694899937,-0.4743844407737967,-0.0001359596748799,0.0007654197582097,0.0009013794330897,Q2,-0.013327495571000214,0.07996048548250018,0.09328798105350039,1.6331563309688015,0.10243612168946774,False,not_significant,0.0007774010801711326
731,Greg Ostertag,754.0,89.0,1518.6117264338836,1539.9402637534786,-112.96008783598876,109.66666242633954,-0.1498144401007808,1.2322096901835904,-1.0709099512414948,-1.9881744553509144,-9.865223446719078e-05,0.0008001672007589,0.0008988194352261,Q2,-0.009389849382636501,0.08236482693303322,0.09175467631566972,1.3125529263414122,0.189333640622237,False,not_significant,0.0008062256585694253
281,Scott Williams,743.0,93.0,1432.989243111544,1479.7546571058342,-168.54944547841288,101.87151699788286,-0.2268498593249164,1.0953926558912137,-0.8009498358199058,-0.2542106262227243,-0.0001583053469629,0.000740252886268,0.0008985582332309,Q2,-0.015547385298968576,0.07537593215980029,0.09092331745876886,2.1551527676116335,0.0311498816114419,True,significant,0.0007569906990876101
77623,Paul Mokeski,679.0,68.0,1295.207949280066,1313.068049538983,-247.9577909942761,54.39233902512592,-0.3651808409341327,0.799887338604793,-0.6439033274154198,-0.3131440955543183,-0.0002819476526044,0.0006091743218378,0.0008911219744422,Q2,-0.027128743280994655,0.060961621872380446,0.08809036515337511,2.113761727639057,0.034535623343511186,True,significant,0.0006712583952515417
77264,Bernard King,860.0,28.0,1762.9177814739353,1859.8026300895704,239.3108947026884,54.313058555633056,0.2782684822124284,1.9397520912726087,-0.8091203228540973,-1.482423524729543,0.0001578454112475,0.0010429881428757,0.0008851427316281,Q1,0.0214037593526523,0.09349842723380934,0.07209466788115704,0.5618528465534104,0.5742162828272752,False,not_significant,0.0010548646548402285
1627827,Dorian Finney-Smith,624.0,44.0,1517.3881820843833,1574.7546109381133,-38.70649663045607,58.27078090048574,-0.0620296420359872,1.324335929556494,-0.7257058423982747,-0.4415211839606393,-4.0879217835201096e-05,0.000840979235976,0.0008818584538112,Q2,-0.0025134425452155136,0.08099687826857845,0.08351032081379396,1.0040470487539046,0.315355936356395,False,not_significant,0.0008419722001310936
202697,Iman Shumpert,460.0,79.0,1516.6170934374172,1494.3268378380944,-112.32810621453372,84.33571103146312,-0.2441915352489863,1.0675406459678876,-1.2337908625074494,-1.6180251549702582,-0.0001610106705942,0.0007143956856937,0.0008754063562879,Q2,-0.014353754796654995,0.06978594119577812,0.08413969599243311,0.9788767827851617,0.3276408651393301,False,not_significant,0.0007323152543699782
76996,Tom Henderson,480.0,80.0,1455.1038179849684,1486.5017475602358,-99.99759021609304,86.50991385398598,-0.2083283129501938,1.0813739231748247,-1.2933207298123115,0.2062850515845329,-0.0001431707554988,0.000727462261615,0.0008706330171138,Q2,-0.011801600359775845,0.07795338571301778,0.08975498607279363,0.9741262885186461,0.32999383816966676,False,not_significant,0.0007414170265809302
202684,Tristan Thompson,816.0,106.0,1634.6090231830335,1629.0939421117828,-185.0695515766356,126.3697727144901,-0.2268009210497985,1.1921676671178312,-1.1587739906555214,-0.4781571065090615,-0.0001387493387306,0.000731797986783,0.0008705473255136,Q2,-0.013453914975893468,0.07250260928458388,0.08595652426047734,1.8716218243296152,0.06125894186531028,False,not_significant,0.0007448353324445817
375,Isaiah Rider,563.0,21.0,1712.4764712539047,1720.204350417714,116.95561288258618,35.75699288915233,0.2077364349601886,1.702713947102492,-1.6971787342465237,0.5456223561744991,0.0001213076141175,0.000989832368863,0.0008685247547455,Q1,0.016625610096404363,0.10220833590576797,0.0855827258093636,0.6071800623874453,0.543731422117093,False,not_significant,0.0009972380135613657
1902,Jeff Foster,760.0,52.0,1501.956775304122,1543.3691534570837,-68.75392848888833,64.29328471662382,-0.0904656953801162,1.236409321473535,-1.0049901382545932,-1.6826336399004815,-6.023189007007102e-05,0.0008011105565405,0.0008613424466106,Q2,-0.005292546535135541,0.0786786432151965,0.08397118975033205,1.2186693029930677,0.2229697334685767,False,not_significant,0.0008033716477335025
78537,Jeff Wilkins,429.0,24.0,1423.405602897789,1422.1792651657374,-97.87764363704488,23.61618903814985,-0.228153015470967,0.9840078765895772,-1.2820425526712642,-0.8644971255726213,-0.0001602867201073,0.0006919014365428,0.0008521881566502,Q2,-0.015099296469530643,0.06877355943636432,0.08387285590589495,0.9026659541738203,0.3667032108812204,False,not_significant,0.0007102249154547778
916,Corie Blount,642.0,36.0,1397.3360287278772,1398.1311846105818,-110.8804279279324,36.608263995406624,-0.1727109469282436,1.0168962220946285,-0.826265447189108,-0.1935103542093925,-0.0001236001529893,0.0007273253277573,0.0008509254807466,Q2,-0.012127026130968978,0.0738255460794928,0.08595257221046176,1.9018968045074365,0.05718464704235354,False,not_significant,0.0007377527568340509
76462,Dave Cowens,301.0,18.0,1653.8054011794936,1589.1551712551573,-43.65988222996312,21.80085566924776,-0.1450494426244621,1.2111586482915422,-1.5653131124784625,-5.120753985228006,-8.77064753332e-05,0.0007621399534791,0.0008498464288123,Q2,-0.004271497517479685,0.09862194426165155,0.10289344177913123,0.17882484927672887,0.8580752328793034,False,not_significant,0.0007671699515130255
2733,Shaun Livingston,832.0,126.0,1503.3355818654554,1513.4784857917816,-152.37592845818392,138.46865564301277,-0.183144144781471,1.0989575844683552,-0.8951539606834573,-0.3500323363048804,-0.0001218251912551,0.000726113780133,0.0008479389713882,Q2,-0.011375510041718134,0.0733359360981332,0.08471144613985133,1.794103116049392,0.07279671179489554,False,not_significant,0.0007362625882953556
927,John Salley,745.0,130.0,1548.9150494946014,1565.9478637513516,-178.18246303172492,140.74140682047388,-0.2391710913177515,1.0826262063113377,-1.2409108219414902,-0.6508215391710279,-0.000154412013361,0.0006913552049669,0.000845767218328,Q2,-0.014822985147994083,0.0685823548924336,0.08340534004042768,1.9721964593963723,0.048587183709208656,True,significant,0.0007083890804529823
932,Oliver Miller,487.0,48.0,1562.3635366871365,1611.3702675179356,-26.813143112988502,62.50732624896085,-0.0550577887330359,1.3022359635200178,-1.1712136564117055,-2.7691712871495406,-3.524006253357747e-05,0.0008081543949088,0.0008433944574423,Q2,-0.0022192145666639646,0.08800642427761782,0.0902256388442818,0.6643393870627314,0.506473117471699,False,not_significant,0.0008089223621694354
77136,Clemon Johnson,754.0,65.0,1357.8616668911027,1353.8562449330404,-194.4619477347449,57.3969334466932,-0.2579070924863991,0.8830297453337415,-0.7567484061324764,-0.9384938461355056,-0.0001899362054139,0.0006522330185635,0.0008421692239774,Q2,-0.018696629343769165,0.06751078951432975,0.08620741885809892,1.3948875603494775,0.16304974892725563,False,not_significant,0.0006793258957462804
76981,Spencer Haywood,353.0,24.0,1531.007370366319,1518.815956716747,-24.40321418410476,28.902466525846634,-0.0691309183685687,1.204269438576943,-1.4572521146093005,-1.2950182116203228,-4.515387692224369e-05,0.0007929001754631,0.0008380540523853,Q2,-0.0010908686733581555,0.07202990785720388,0.07312077653056204,0.49849128577379975,0.6181378097724102,False,not_significant,0.0007941848404814359
122,Fred Roberts,797.0,67.0,1450.8552861299456,1410.1980519763674,-84.32741419219293,72.15474253280154,-0.10580604039171,1.0769364557134558,-0.9779923320926184,-0.8811982159285618,-7.292666705163977e-05,0.0007636774524004,0.0008366041194521,Q2,-0.006739475453368495,0.07491586649909789,0.08165534195246638,1.329576501683659,0.1836578445844089,False,not_significant,0.0007671515822000408
891,Charles Oakley,1278.0,144.0,1652.9354122923364,1680.512768901119,-222.23830654107968,176.96665878161855,-0.1738953885297963,1.2289351304279066,-0.9897246864891772,-0.67479805446288,-0.0001052039827065,0.0007312858034583,0.0008364897861648,Q2,-0.009962964049757569,0.07489305279647578,0.08485601684623335,1.5904759276115137,0.11172756753506385,False,not_significant,0.0007388144586545129
203484,Kentavious Caldwell-Pope,962.0,69.0,1583.5954058324842,1573.6564991951836,-41.852039358700985,87.35719663764479,-0.043505238418608,1.2660463280818086,-1.0184332434012224,0.7959493739919266,-2.7472445460737945e-05,0.0008045252116515,0.0008319976571122,Q2,-0.001445387554266622,0.07900100725960585,0.08044639481387247,1.4221538794569686,0.1549815843081209,False,not_significant,0.0008049941313093431
77182,Dwight Jones,529.0,27.0,1339.3701449501798,1315.0942018688788,-42.36227207798371,27.075412359848283,-0.0800799094101771,1.0027930503647513,-1.0413898974970364,-1.6728997733679292,-5.97892298197791e-05,0.0007625256418435,0.0008223148716632,Q2,-0.004889928994046489,0.07427057086615897,0.07916049986020546,0.48965599598473064,0.6243773450995005,False,not_significant,0.0007648660709374446
1629652,Luguentz Dort,432.0,56.0,1555.1596262702046,1543.9709407597277,-25.525484651962795,67.27049992080019,-0.0590867700276916,1.2012589271571463,-1.1604597272463937,-0.3137690649290237,-3.799402262608989e-05,0.000778032083017,0.0008160261056431,Q2,-0.0016992096097778984,0.08197625528516347,0.08367546489494138,0.6317656821192827,0.5275400014214737,False,not_significant,0.0007789592209859794
1899,James Posey,863.0,65.0,1571.2992150059304,1572.887811408327,-114.40941249498992,73.15492495163325,-0.1325717410138933,1.125460383871281,-1.3371139619994132,0.9343499323288352,-8.437078040123182e-05,0.000715537609045,0.0007999083894463,Q2,-0.007761659953275886,0.07336431574207712,0.081125975695353,1.6081738951522475,0.1077970987734429,False,not_significant,0.0007204946207594808
101131,Jason Maxiell,614.0,35.0,1466.1320826115,1526.8672984023788,-86.33757868361177,37.23376330006943,-0.1406149489961103,1.063821808573412,-1.1039716456305766,-1.882976344850301,-9.590878657101929e-05,0.0006967349485358,0.0007926437351068,Q2,-0.009219371711612261,0.07191540038577295,0.08113477209738522,0.8020305023931535,0.42253531417942997,False,not_significant,0.0007033051143370914
2563,Dahntay Jones,601.0,62.0,1399.9645789489407,1380.8267156584548,-168.18622028240048,50.558068702119805,-0.27984396053644,0.8154527210019323,-1.0349770830283824,-0.3591023220709809,-0.0001998936006984,0.0005905539860684,0.0007904475867669,Q2,-0.0198889063261956,0.05793992833059094,0.07782883465678654,2.2963279910385546,0.021657134813378828,True,significant,0.0006234672902899136
1628380,Zach Collins,388.0,23.0,1466.2112242877402,1446.8641366955876,35.049593329543924,28.281442646616803,0.0903340034266595,1.2296279411572524,-0.7132333575669159,-0.4443204602328428,6.161049781251148e-05,0.0008498572256863,0.0007882467278738,Q1,0.006641139706729362,0.08704723735106652,0.08040609764433716,0.8815107029783473,0.37804146359704044,False,not_significant,0.0008520875292432815
201188,Marc Gasol,891.0,99.0,1824.05104028834,1805.7619964161104,-39.66388434871865,135.4149129304828,-0.0445161440501892,1.3678274033382103,-0.4506705959804133,-0.3543710077124472,-2.4405097810833364e-05,0.0007574793389455,0.0007818844367563,Q2,0.0010095045778178288,0.07089150511786442,0.06988200054004659,1.2575275502360401,0.20856266934447462,False,not_significant,0.0007578723888152067
78534,Eddielee Wilkins,314.0,15.0,1312.7509375201723,1317.8814178998286,-154.17314288320526,7.998685342840683,-0.4909972703286792,0.5332456895227122,-0.6860154520307766,-1.148435332814122,-0.0003740216489627,0.0004046234223201,0.0007786450712828,Q2,-0.03569423644981358,0.04144698679991158,0.07714122324972517,0.8981009917563737,0.36913171035237596,False,not_significant,0.0005510102610503793
101112,Channing Frye,888.0,49.0,1508.9545344748049,1508.9664964911844,-74.2038129869453,53.22843689506611,-0.0835628524627762,1.0862946305115533,-1.1629041078094142,-0.5745046262198881,-5.537797896068517e-05,0.0007198931407937,0.0007752711197544,Q2,-0.00459076480652266,0.07288311083297226,0.07747387563949491,1.1748227335619967,0.24006564301144886,False,not_significant,0.0007220199822135037
202331,Paul George,945.0,127.0,1921.4393168997035,1900.981398819302,134.91246580712672,204.62937314009616,0.1427645140816155,1.6112549066149304,-0.3884397311940528,3.001605142408268,7.430081857176222e-05,0.0008475910956391,0.0007732902770674,Q1,0.012301464441194024,0.08796149541824845,0.07566003097705444,1.0011163451572354,0.3167705637201637,False,not_significant,0.0008508415111212686
203967,Dario Saric,496.0,26.0,1569.2165214089168,1519.0334737107958,-19.05520822951579,29.40994142062313,-0.0384177585272495,1.1311515931008898,-1.1586055620573077,-1.4080488449684008,-2.448212722917058e-05,0.0007446521835609,0.0007691343107901,Q2,3.4073341440464e-05,0.054300099454959685,0.05426602611351922,0.4776706126276107,0.6328846638283823,False,not_significant,0.0007450545275586759
239,Darrick Martin,492.0,25.0,1461.042600437229,1388.5121199235944,-108.21673046236846,21.055816527915223,-0.2199527041918058,0.8422326611166089,-1.1337477643971563,-0.9950500042248928,-0.000150545031422,0.0006065720630245,0.0007571170944465,Q2,-0.014676887203658872,0.059943498014154606,0.07462038521781347,0.7375155344792871,0.460808899847444,False,not_significant,0.0006249747787932318
2544,LeBron James,1621.0,305.0,2139.989025724368,2169.182378378405,10.15077157299398,500.19900175020894,0.0062620429197988,1.6399967270498654,-0.0635060768560235,2.9237964167483863,2.9262032863365875e-06,0.0007560437256897,0.0007531175224034,Q1,0.006066713497662932,0.07717194063250063,0.0711052271348377,1.9300693768223591,0.05359824220487365,False,not_significant,0.0007560493884796385
2484,Devin Brown,460.0,32.0,1511.55834404826,1518.3573872440843,-7.463270995263047,36.040484828440526,-0.0162245021636153,1.1262651508887664,-1.22795181799665,-1.7079966910425024,-1.073362614648589e-05,0.0007417655160442,0.0007524991421907,Q2,-0.00028569893259495235,0.0779106722422879,0.07819637117488284,0.6678800015334696,0.504210193916584,False,not_significant,0.0007418431717840172
2554,Mickael Pietrus,549.0,69.0,1506.9021947732815,1498.818021662532,-82.38208619060514,66.83510453017958,-0.1500584447916305,0.968624703335936,-1.5566601428523947,-0.3894477435337996,-9.958074605778068e-05,0.0006462590450183,0.0007458397910761,Q2,-0.008568006714413311,0.06176576989864748,0.0703337766130608,1.3263165966540684,0.1847348517264805,False,not_significant,0.0006538861355414942
317,John Starks,865.0,96.0,1645.2502438785843,1727.2526126891878,-98.6942777580355,111.01917761596364,-0.114097430934145,1.1564497668329543,-1.195647937835321,-0.6187492124925298,-6.934959065264554e-05,0.0006695313461025,0.0007388809367552,Q2,-0.005936064849038151,0.07253564433607543,0.07847170918511358,0.9441735697906459,0.3450809590436955,False,not_significant,0.0006731133553403284
1628971,Bruce Brown,538.0,47.0,1527.3026827081903,1611.2757387166832,-0.0005303177275128,55.27034164674168,-9.857206831093495e-07,1.175964715888121,-0.8991773105009297,-0.6198509811599202,-6.453996933741284e-10,0.0007298345575691,0.0007298352029687,Q2,0.0016699331545823352,0.07097358531993112,0.06930365216534877,0.8849987847494275,0.3761572867983683,False,not_significant,0.0007298345575693854
203952,Andrew Wiggins,834.0,50.0,1720.8936064452091,1721.0137170370083,194.5873313776668,73.86069841201507,0.2333181431386891,1.4772139682403014,-0.6375997857760394,0.5506594278678516,0.0001355796443573,0.0008583394505324,0.000722759806175,Q1,0.017573233434757272,0.08616177670165531,0.06858854326689805,0.8729078296126239,0.3827133183109745,False,not_significant,0.0008689812727005768
247,Joe Dumars,1017.0,112.0,1723.8079458829789,1761.6328800162742,72.59317353785113,150.55019390163673,0.0713797183263039,1.3441981598360422,-0.3981003695976202,-0.1621458115039326,4.140816179481145e-05,0.0007630410257917,0.0007216328639969,Q1,0.005928270423721993,0.0873699125304242,0.08144164210670221,1.0052859605001907,0.3147591734430186,False,not_significant,0.0007641637539850181
157,Derek Harper,1173.0,97.0,1708.1877492823553,1648.3209026343138,-10.277147362188227,114.29528827203586,-0.0087614214511408,1.1783019409488231,-0.8590971019041924,-0.136011947157776,-5.129074046352172e-06,0.0007148498445088,0.0007199789185552,Q2,0.0008160383506543444,0.07418188245742358,0.07336584410676923,0.9443035071127504,0.34501457427553045,False,not_significant,0.0007148682449198792
202710,Jimmy Butler III,900.0,132.0,1977.4814265687903,1996.7600340765007,319.37813011034206,235.476567164878,0.3548645890114911,1.7839133876127122,-0.1117807624684545,0.2780874270564749,0.0001794528050901,0.000893403993053,0.0007139511879628,Q1,0.023834009728667758,0.09486465959129019,0.07103064986262242,1.0508442227855335,0.2933301412965162,False,not_significant,0.0009112485961897283
77950,Clint Richardson,578.0,72.0,1414.3528201144536,1398.5648523898044,-51.19718293909264,65.05551679691071,-0.0885764410710945,0.9035488444015376,-0.8956661747345316,-0.3978668826347404,-6.26268352644333e-05,0.0006460543054958,0.0007086811407602,Q2,-0.0056511240523006625,0.06478551954144138,0.07043664359374205,1.4168155630425368,0.15653685831547318,False,not_significant,0.0006490826497025621
77756,Mark Olberding,783.0,47.0,1429.4045592529972,1417.2019218951364,-54.13965828994292,43.63630917648334,-0.0691438803192119,0.9284321101379434,-0.9590955184341337,-1.1757563079585096,-4.837250579034554e-05,0.0006551163216716,0.000703488827462,Q2,-0.0038305858013148813,0.06854710418224233,0.07237768998355722,0.6840528464100318,0.4939417959603137,False,not_significant,0.0006568997596566498
201584,Courtney Lee,811.0,50.0,1567.7696251883654,1582.796753458102,-5.781554865426625,55.30056703316015,-0.007128920919145,1.106011340663203,-1.1687268191717202,-2.256968022036445,-4.547173771330407e-06,0.0006987702863597,0.000703317460131,Q2,0.0008401783543552225,0.07228569339175481,0.07144551503739958,0.6141439357935837,0.539120217237292,False,not_significant,0.0006987850813293911
2772,Trevor Ariza,1115.0,106.0,1626.3682988800608,1619.1668969826528,-40.776185969017575,115.80921574682512,-0.0365705703758005,1.0925397711964635,-0.97925837804514,-1.2004732880779216,-2.248603246938809e-05,0.0006747542660564,0.0006972402985258,Q2,-0.0006843250160412165,0.06551807327211177,0.066202398288153,0.9745985678308026,0.3297594243180766,False,not_significant,0.0006751288330515335
101138,Brandon Bass,755.0,59.0,1576.03835052987,1615.733134634732,10.436274028477682,66.9224224420702,0.0138228795079174,1.1342783464757662,-0.7952096826073575,-0.8862652993404485,8.770649206137754e-06,0.0007020208487165,0.0006932501995104,Q1,0.0019999329931496834,0.07154721397943692,0.06954728098628724,0.9428146385158391,0.3457757228349357,False,not_significant,0.0007020756343301853
78195,Larry Smith,864.0,31.0,1513.0788185441568,1450.294289393991,-108.88214290503164,27.253356906613035,-0.1260209987326755,0.8791405453746141,-0.864269792501212,-0.4769446501038106,-8.328779518170076e-05,0.0006061807950315,0.0006894685902132,Q2,-0.0075939394769125815,0.05045252409377956,0.05804646357069214,0.6159519852473997,0.5379262098760194,False,not_significant,0.0006118758150893451
78151,Paul Silas,326.0,60.0,1320.4041082661895,1314.2289539450885,-66.4779153970411,41.9560139726948,-0.2039199858804941,0.6992668995449133,-0.655090927349973,-0.9063889730172644,-0.0001544375578687,0.000532073880617,0.0006865114384858,Q2,-0.013503306045329214,0.054738750960936514,0.06824205700626572,0.8353597793582382,0.40351516848891905,False,not_significant,0.0005540339102575596
3,Grant Long,1003.0,41.0,1609.570482809764,1643.2163227241765,-89.49537797918317,42.1966983661452,-0.0892276948944996,1.0291877650279315,-1.391879404622237,-2.1105682145089832,-5.543571769453575e-05,0.0006263251836019,0.0006817609012964,Q2,-0.004649654272452432,0.06332049117144815,0.06797014544390058,0.5685394624291072,0.569668717799557,False,not_significant,0.0006287736909335997
201976,Patrick Beverley,665.0,73.0,1570.940839997157,1574.2766301338047,10.371509575104003,79.4003365070949,0.0155962550001563,1.0876758425629438,-0.5621441759836067,-2.246307099935497,9.92797093503828e-06,0.0006909051571644,0.0006809771862294,Q1,0.0019470284474308206,0.07622446844878969,0.07427744000135887,0.6416125850720834,0.521124759537755,False,not_significant,0.0006909764835385146
101127,Jarrett Jack,867.0,24.0,1606.6814860301845,1653.9027472140006,94.1317686529979,29.7038793439841,0.1085718208223736,1.2376616393326707,-1.4159074569449692,-2.1280833773189647,6.757519879726422e-05,0.0007483279421462,0.0006807527433489,Q1,0.008654048448867906,0.0713479831632262,0.0626939347143583,0.4903319810704192,0.6238989999262311,False,not_significant,0.0007513728212340771
128,David Benoit,477.0,57.0,1473.0555373660643,1488.5341735776085,-58.302276795234064,50.5027907655323,-0.1222269953778491,0.8860138730795141,-0.7652461055621015,-0.3932409175497425,-8.297514403048263e-05,0.0005952257521572,0.0006782008961877,Q2,-0.008081380013458957,0.06264028073654004,0.070721660749999,0.9530100424892596,0.3405849825013489,False,not_significant,0.0006009813396087967
2545,Darko Milicic,458.0,18.0,1450.735823741437,1363.7007016776029,4.851588808866998,16.793206165118622,0.0105929886656484,0.9329558980621456,-0.9102891422835728,-0.0188923256428744,7.301804017170561e-06,0.00068413538023,0.0006768335762128,Q1,0.0015980432502976406,0.0554712002841688,0.053873157033871154,0.9889670065059706,0.3226792844799501,False,not_significant,0.0006841743453421445
1114,Jaren Jackson,430.0,37.0,1397.3938191075345,1493.093794366142,-5.818911206327247,36.78907784632765,-0.0135323516426215,0.9942994012520988,-0.7962914393427071,-0.9888169754473988,-9.683992771103092e-06,0.0006659323111541,0.0006756163039252,Q2,-7.647207108994037e-05,0.0650491171207272,0.06512558919181713,0.7081384577407488,0.47885927936462935,False,not_significant,0.0006660027197805065
203143,Pablo Prigioni,269.0,33.0,1474.6093005424016,1448.5072124881908,-42.612585329372,26.985459772324948,-0.1584110978787063,0.8177412052219681,-0.9405366516370488,-1.3257698319052995,-0.0001074258095486,0.0005645406513491,0.0006719664608977,Q2,-0.00978462015281251,0.05443267087680727,0.06421729102961977,0.5512119540736891,0.5814883863641936,False,not_significant,0.000574670733188004
201162,Jared Dudley,902.0,41.0,1512.6147228206823,1503.4623296163077,-130.8788738288673,35.40107725171943,-0.1450985297437553,0.8634409085785226,-1.1990623321196567,-0.7366871139352712,-9.592563628706428e-05,0.0005743016579596,0.0006702272942467,Q2,-0.009494104556107797,0.05649659346606482,0.06599069802217263,0.9586335284836304,0.3377433956517109,False,not_significant,0.0005822577797094888
201588,George Hill,913.0,144.0,1658.3884209931823,1680.5351525114625,-145.78721754425598,137.93057617079668,-0.1596793182302913,0.9578512234083104,-1.1487317992878134,0.0304163227184089,-9.628583762943904e-05,0.0005699679783412,0.0006662538159706,Q2,-0.008619451675110598,0.05915074662501332,0.06777019830012392,1.233896063062961,0.21724163674595506,False,not_significant,0.0005780436478868679
9,Sedale Threatt,944.0,70.0,1526.1409097586668,1483.0912767512773,-26.46545889088629,66.64081991358606,-0.0280354437403456,0.9520117130512292,-0.923216635274628,-1.3959765150025776,-1.8370154132608226e-05,0.000641910398891,0.0006602805530236,Q2,-0.001356261916054972,0.06672498488252994,0.0680812467985849,0.9205354453896656,0.35729301905836425,False,not_significant,0.0006421732030903022
359,Chucky Brown,694.0,40.0,1433.864684824548,1431.7355350249036,-58.86585992528616,34.34820827185344,-0.0848211238116515,0.8587052067963359,-0.9405980565949934,-0.7077960972383589,-5.9155598648439054e-05,0.0005997652400108,0.0006589208386593,Q2,-0.005262123383054924,0.060302275667385684,0.0655643990504406,1.3944457845933582,0.16318303043695495,False,not_significant,0.0006026754748425289
201601,Luc Mbah a Moute,682.0,32.0,1495.1692761601523,1483.5553495711106,8.506412612873394,31.66851599643928,0.0124727457666765,0.9896411248887276,-0.9973409122829012,-1.3312692880835124,8.342029204016718e-06,0.0006670739485215,0.0006587319193175,Q1,0.002060069838419234,0.06754298665794527,0.06548291681952603,0.9239394904999305,0.35551782088386213,False,not_significant,0.0006671261067049508
2217,Brendan Haywood,813.0,54.0,1540.1918222322668,1540.469239952911,-100.75341916636394,48.09409664077503,-0.1239279448540761,0.8906314192736117,-1.168035899593773,-0.5244115917758025,-8.046266904239371e-05,0.0005781559255937,0.0006586185946361,Q2,-0.0072478440970687825,0.05340247773951487,0.06065032183658366,1.0281346512045806,0.3038864928741014,False,not_significant,0.0005837281177128045
2738,Andre Iguodala,1231.0,177.0,1701.3545889750133,1613.3386263313423,-178.93727940473627,163.31472907070403,-0.1453592846504762,0.9226820851452204,-0.9273308641551324,-0.5106348974885564,-8.543738359564918e-05,0.0005719085070462,0.0006573458906419,Q2,-0.00817383740641289,0.059339973596155796,0.06751381100256869,1.607507830190886,0.10794301311708897,False,not_significant,0.0005782550362491308
77163,Reggie Johnson,303.0,19.0,1436.6689007686118,1403.2817295738953,-90.7380579191156,11.93049231199057,-0.2994655376868502,0.6279206479995036,-1.2735698568194225,-1.6306630917210168,-0.0002084443656618,0.000447465847211,0.0006559102128728,Q2,-0.0199678623670984,0.0434460315053319,0.0634138938724303,0.3498982448224128,0.7264150643047718,False,not_significant,0.0004936342147748758
939,Pete Myers,375.0,24.0,1401.0239293932698,1436.2097554375823,-69.03376531131285,17.98118799737065,-0.1840900408301675,0.7492161665571104,-1.0185808815454895,-0.820098956996087,-0.0001313967855708,0.0005216620787601,0.0006530588643309,Q2,-0.012548622884308991,0.05183469832440692,0.06438332120871591,0.6427336195496853,0.5203969621844287,False,not_significant,0.0005379557971382478
1629622,Max Strus,320.0,84.0,1577.2360403780367,1586.1579103899664,53.156599210565325,100.79628698338968,0.1661143725330166,1.1999557974213058,-1.400831132894626,-0.6398109364523462,0.0001053199193274,0.0007565172354915,0.000651197316164,Q1,0.0133778745127603,0.0778631826843901,0.0644853081716298,0.8378753910498464,0.4021006911831795,False,not_significant,0.0007638132055698118
1622,Rodney McCray,751.0,46.0,1685.7450739036185,1672.962590452424,-29.73610795612231,48.061994355962014,-0.039595350141308,1.0448259642600437,-1.071331254803475,-0.9400343739320032,-2.348833803774285e-05,0.000624536358567,0.0006480246966047,Q2,-0.0008458182789178441,0.06246357232397365,0.0633093906028915,0.5919851589836097,0.5538605264932734,False,not_significant,0.0006249778917657037
323,Greg Foster,651.0,67.0,1339.0314222502152,1353.963841815715,-164.70488025807663,41.631649159777226,-0.2530028882612544,0.6213678979071228,-0.5286395484766315,-0.6473790582299919,-0.0001889446984269,0.0004589250308736,0.0006478697293006,Q2,-0.018285453785342857,0.045639432372322056,0.06392488615766491,1.8595007776334962,0.06295618913402347,False,not_significant,0.0004962985825347146
330,Danny Manning,881.0,43.0,1683.4869003378867,1687.47380951105,-33.370457227280966,44.80448902742743,-0.03787793101848,1.0419648611029635,-0.9093933116128964,-2.075699201971187,-2.249968859922685e-05,0.0006174702417484,0.0006399699303476,Q2,-0.0004700250770885703,0.05630233020993408,0.05677235528702265,0.6504338717903972,0.515412003943529,False,not_significant,0.0006178800332037682
105,Dan Majerle,951.0,123.0,1638.1971421838266,1678.5875221300737,-69.21683992146738,122.75415316181544,-0.0727832175830361,0.9980012452180118,-0.890213029919219,-1.678168622162623,-4.4428851515398966e-05,0.0005945482329998,0.0006389770845152,Q2,-0.00316952391721471,0.06525616620682921,0.06842569012404393,0.8884200679057906,0.3743148345787781,False,not_significant,0.0005962059411060592
2223,Samuel Dalembert,880.0,25.0,1585.121714872488,1567.3542186743696,45.96081364317862,26.31415934987714,0.0522281973217938,1.0525663739950857,-1.2372920925058335,-1.5677717672676914,3.294901384023705e-05,0.0006715561558798,0.0006386071420396,Q1,0.004521504905777594,0.06548783866504976,0.060966333759272164,0.4699637352074155,0.6383809271905634,False,not_significant,0.0006723639698950996
202389,Timofey Mozgov,449.0,39.0,1493.9569173196387,1617.8846993993648,-24.926818643458216,37.93436883232368,-0.0555162998740717,0.9726761239057352,-1.2063800126498476,-0.8164048696822819,-3.71605762056884e-05,0.0006012023750931,0.0006383629512988,Q2,-0.002118141138547883,0.05726569135835137,0.059383832496899255,0.7265842309429899,0.4674806911072361,False,not_significant,0.0006023497358192525
78087,Russ Schoene,288.0,21.0,1317.4729168610138,1305.5122510389974,-119.16305257825532,8.869678545920085,-0.4137605992300532,0.4223656450438136,-0.8879741567695506,-1.245291085343628,-0.0003140562465723,0.0003235248422277,0.0006375810888,Q2,-0.029262880493097883,0.03350523616975137,0.06276811666284926,0.8107728654209507,0.41749611982899454,False,not_significant,0.00045088762408114453
202714,Shelvin Mack,452.0,28.0,1483.5919145758685,1476.2240478301003,29.20070575120348,27.896150938317625,0.0646033313079723,0.9962911049399152,-0.9529136914691188,-0.6529196379873651,4.354521662814616e-05,0.0006748915291038,0.0006313463124756,Q1,0.005020609122382498,0.06712233742629034,0.062101728303907845,0.9183222642540927,0.35845017453079053,False,not_significant,0.0006762948779543266
1477,Bruce Bowen,860.0,135.0,1497.53655642564,1517.237421714637,-133.28736304994734,107.34994597460556,-0.1549853058720318,0.7951847849970781,-0.9164632956101968,-0.6199521718120211,-0.0001034935041866,0.0005241004299105,0.0006275939340971,Q2,-0.009737762923816494,0.05469589654531539,0.06443365946913189,1.2926139181338074,0.19614462342131775,False,not_significant,0.0005342210834862217
202709,Cory Joseph,851.0,84.0,1493.283778909906,1498.6526717679203,-92.3732906358669,69.775517208701,-0.1085467575039564,0.8306609191512024,-0.8776523439144078,-0.8518984609994928,-7.268997295557266e-05,0.0005542718034668,0.0006269617764224,Q2,-0.006977180836566182,0.05724048110810225,0.06421766194466844,1.3558310193996492,0.17515293931147133,False,not_significant,0.0005590179463010296
1629684,Grant Williams,415.0,61.0,1470.0384749204402,1509.2823996501436,14.152020688222104,59.82381250342964,0.0341012546704147,0.9807182377611416,-0.6391404176691795,-1.5468686466938368,2.3197525270391515e-05,0.0006497910781895,0.0006265935529191,Q1,0.0032013117638914805,0.066925880873803,0.06372456910991152,0.8365936774876823,0.40282100067994525,False,not_significant,0.0006502050218764413
76082,John Bagley,648.0,19.0,1512.875592233588,1534.333095612156,54.69052367465311,19.80933684750089,0.0843989562880449,1.042596676184257,-1.1432857035428574,-1.5275369160151848,5.578710947635786e-05,0.0006795112998382,0.0006237241903618,Q1,0.006606975321996916,0.073440136217797,0.0668331608958001,0.3708503198842829,0.7107490196436443,False,not_significant,0.0006817974832686956
2411,Bostjan Nachbar,307.0,17.0,1414.9371778036234,1497.302715367771,36.62897089443279,18.02244267984333,0.119312608776654,1.0601436870496077,-0.7912199096986561,-0.882747859322011,8.432360860138005e-05,0.0007080356404678,0.0006237120318664,Q1,0.008924944268424696,0.07294380074881426,0.06401885648038956,0.5572522655081342,0.5773550845804267,False,not_significant,0.0007130392269294912
76686,Mike Evans,576.0,58.0,1387.7592026688342,1411.5158068875728,-37.99581485373095,47.09753526563452,-0.0659649563432829,0.8120264700971469,-0.8653546776698633,-0.8537358154809497,-4.7533431027821e-05,0.0005752868413763,0.0006228202724041,Q2,-0.004436959428108217,0.06107033701878521,0.06550729644689343,1.1042128527372679,0.26950081557583594,False,not_significant,0.0005772472407261872
1629023,P.J. Washington,446.0,26.0,1607.057311641714,1656.38299222072,166.81243416976972,36.83387732263808,0.3740189106945509,1.4166875893322337,-0.96383908807238,0.8861552595651265,0.0002327352658708,0.0008552898671296,0.0006225546012588,Q1,0.02708405548295418,0.0912053630941937,0.06412130761123953,0.436430524449272,0.6625243962732357,False,not_significant,0.0008863895649174355
1515,Anthony Parker,483.0,22.0,1562.4433785888766,1605.8657673471498,8.227770685577967,22.37341839864562,0.0170347219163104,1.016973563574801,-1.3235264112248104,0.7016114126319463,1.0902617112240849e-05,0.0006332867816559,0.0006223841645437,Q1,0.0025292942567061412,0.0720914347748601,0.06956214051815397,0.29152020875820117,0.7706534903727483,False,not_significant,0.0006333806240168574
203552,Seth Curry,556.0,43.0,1572.153664942328,1591.7825027950105,-27.29270585194472,40.01560028672038,-0.0490876004531379,0.9305953555051252,-1.4580169713352045,-0.570213977717835,-3.122315683749571e-05,0.0005846246920487,0.0006158478488862,Q2,-0.0013293870567593585,0.052280132918276406,0.05360951997503576,0.5828260880609484,0.5600103809789196,False,not_significant,0.0005854578687454257
76436,Jeff Cook,492.0,30.0,1382.6389228754383,1361.5162011323691,-162.5789226349392,15.176718776511557,-0.330444964705161,0.5058906258837185,-1.0496917991455506,-1.2056922366599123,-0.0002389958500647,0.0003715641616772,0.0006105600117419,Q2,-0.023854545976624255,0.03954133770864082,0.06339588368526508,0.514652011787166,0.6067962127554263,False,not_significant,0.0004417906094418814
1628401,Derrick White,568.0,90.0,1675.0102412538588,1717.5807558708825,176.041629438756,122.77995981395657,0.3099324461949929,1.3642217757106283,-0.6547967311901466,-1.0789811994876146,0.0001850331649094,0.0007942693646558,0.0006092361997463,Q1,0.02249414355626346,0.07908549199461326,0.05659134843834981,0.6673576248848052,0.5045437263385883,False,not_significant,0.0008155373049389693
170,Joe Kleine,960.0,50.0,1341.903779698452,1332.9955426436827,-176.9477290618198,31.087139164861355,-0.1843205511060622,0.6217427832972271,-0.6666692831779497,-0.739602729725449,-0.0001373575020017,0.0004664252530538,0.0006037827550555,Q2,-0.013339612487335133,0.0474107893051821,0.06075040179251722,1.4242174332104458,0.1543835398944069,False,not_significant,0.00048622998677832325
203584,Troy Daniels,332.0,17.0,1410.4262425114284,1436.0277767438083,-85.18159576632331,10.249122010041892,-0.2565710715853112,0.6028895300024643,-0.8821253049462713,-1.891330648537942,-0.0001819103075737,0.000419831384717,0.0006017416922907,Q2,-0.017121510468682967,0.039794795103645454,0.05691630557232842,0.310929296230798,0.7558543724029141,False,not_significant,0.0004575475402566949
433,Buck Williams,1254.0,108.0,1677.9603600512785,1672.1506991338129,-43.31294804456018,104.02865939489656,-0.0345398309765232,0.9632283277305236,-0.8463741969878499,-2.791337235052711,-2.0584414148775087e-05,0.0005760415782079,0.0005966259923566,Q2,0.00010008388617618782,0.05401877797336172,0.05391869408718553,0.8051765255608929,0.42071782065733204,False,not_significant,0.0005764092451809707
432,Pete Chilcutt,578.0,21.0,1391.6745902763118,1453.9442721824576,-142.4452451732113,12.743204024917636,-0.2464450608533067,0.6068192392817922,-0.9222837995229316,-0.8515979756945685,-0.0001770852630171,0.0004173607275682,0.0005944459905853,Q2,-0.01760924077852303,0.042361830351157995,0.059971071129681024,0.761923051474898,0.44610593113613345,False,not_significant,0.00045337530512158767
2736,Luol Deng,901.0,62.0,1759.9313919150131,1774.806176992095,38.42184402338218,67.9460047261438,0.0426435560747859,1.0959033020345774,-0.7454066360800882,0.1114819228723514,2.423023776420328e-05,0.0006174777371419,0.0005932474993777,Q1,0.00576590605783115,0.05717965633444159,0.05141375027661044,0.4765439030817279,0.6336869374279743,False,not_significant,0.000617952959607761
77487,Cedric Maxwell,826.0,102.0,1647.3857852555889,1620.6733361971255,-58.89820588847334,90.86577202298793,-0.0713053340054156,0.8908409021861562,-1.3887256728909434,-1.6547497546736891,-4.328393181707148e-05,0.0005496733254565,0.0005929572572735,Q2,-0.002049106888896447,0.04904807019339466,0.051097177082291105,0.8609968366830001,0.38923978530318815,False,not_significant,0.0005513748846945717
248,George Lynch,774.0,62.0,1518.5872864430032,1548.0294767793744,-47.33077048859279,52.866314315856535,-0.0611508662643317,0.852682488965428,-1.1588616199244943,-1.0037991044618235,-4.026825906567797e-05,0.0005508179926517,0.0005910862517174,Q2,-0.0031703621574577403,0.05919872176545738,0.062369083922915125,0.9055386792665757,0.36518007822206966,False,not_significant,0.000552287962676201
1630541,Moses Moody,311.0,38.0,1449.7874269937497,1448.0605486155346,93.90214244739556,43.4311302009607,0.3019361493485388,1.14292447897265,-1.0079360291880353,-0.404106092071238,0.0002082623588305,0.0007892794814867,0.0005810171226562,Q1,0.02058962163659036,0.07986660995910548,0.05927698832251513,0.8750966413283107,0.38152132441546827,False,not_significant,0.0008162936420195602
243,Aaron McKie,791.0,75.0,1547.6105283361942,1600.5537010038431,-69.30670455086813,62.24741000845979,-0.0876190955131076,0.8299654667794638,-1.172844360235554,-0.9610213966687038,-5.661572721872422e-05,0.0005185489660602,0.0005751646932789,Q2,-0.004694403439132937,0.05477635308936989,0.05947075652850283,0.8625210402553946,0.3884008599817955,False,not_significant,0.0005216304925621272
1112,Ben Wallace,1081.0,130.0,1633.3617805254903,1819.5003085499784,-126.4021267989608,118.87574377157948,-0.1169307370943208,0.9144287982429192,-0.9676877555335806,-1.5404357327463,-7.158900036016607e-05,0.0005025713894886,0.0005741603898487,Q2,-0.00559735513061845,0.04869009703844883,0.05428745216906728,0.972231688413279,0.33093529927578974,False,not_significant,0.0005076445474001172
77019,Rod Higgins,767.0,33.0,1484.4567026586617,1491.712064373555,-11.28755671453245,27.76367878175645,-0.0147165015834842,0.8413235994471653,-0.951753216353699,-1.957407289361264,-9.913729081573776e-06,0.000563998656001,0.0005739123850825,Q2,0.00029621594379863046,0.049451898457129925,0.0491556825133313,0.5572651052460761,0.5773463132814208,False,not_significant,0.0005640857789336983
696,Travis Best,706.0,63.0,1529.2882363436393,1523.6470924380808,-37.111494803901465,51.231449353010895,-0.0525658566627499,0.8131976087779507,-1.2125231003499768,-1.2793042637876737,-3.437275944031922e-05,0.0005337178227254,0.0005680905821657,Q2,-0.002781933965570957,0.05505535431782471,0.05783728828339567,0.752127671148806,0.45197428475671825,False,not_significant,0.0005348235231235473
1497,Chauncey Billups,1042.0,146.0,1835.5012327532652,1898.0620860446877,7.287692743266147,158.36603079738293,0.0069939469705049,1.0846988410779652,-0.6702407467432547,-0.5093100358703027,3.8103744338073625e-06,0.0005714770075505,0.0005676666331167,Q1,0.003995827133090442,0.05778254691226217,0.05378671977917173,0.9118504096691197,0.3618474696868732,False,not_significant,0.0005714897104167318
76944,Bill Hanzlik,732.0,62.0,1402.7795018519605,1388.9064519059211,-72.21321705471726,42.35345122524482,-0.0986519358671,0.6831201810523357,-0.8198135898880328,-0.2083541217039127,-7.032604606558553e-05,0.0004918403108538,0.0005621663569194,Q2,-0.0066683292064121154,0.05174223539537394,0.05841056460178606,1.240168840316042,0.21491295094838347,False,not_significant,0.000496842675437589
1719,Bonzi Wells,591.0,48.0,1663.92554652555,1604.8154831428528,88.28128324001514,50.219060282864646,0.1493761137732912,1.04623042255968,-1.60941355991383,-2.494177190921804,8.977331593063413e-05,0.000651931909649,0.0005621585937184,Q1,0.012093104716040661,0.059418249011586016,0.04732514429554536,0.4321550295411556,0.6656287414032871,False,not_significant,0.0006580839331512154
467,Jason Kidd,1390.0,158.0,1812.929175527538,1833.663040266354,-64.42643191108962,154.56546563406215,-0.0463499510151723,0.9782624407219124,-0.8914217141317131,-0.5494316116428044,-2.5566333004534045e-05,0.000533501749907,0.0005590680829115,Q2,-2.8331096323358307e-05,0.052205743083113924,0.05223407417943728,0.9432753166478992,0.34554009788739737,False,not_significant,0.0005341139902091406
77326,Sam Lacey,513.0,23.0,1468.6434713720362,1496.9865652728008,-24.283639746413783,18.01816380143144,-0.0473365297201048,0.783398426149193,-1.3400760283412287,1.4789883422150916,-3.223146437023419e-05,0.0005233169383897,0.00055554840276,Q2,-0.001820581759533064,0.05836933711513996,0.06018991887467302,0.3816634925870028,0.7027109824675155,False,not_significant,0.0005243085783210292
1563,Kevin Ollie,651.0,37.0,1389.3567613369091,1404.1892158282924,-135.52617185419592,21.07625471584612,-0.2081815235855544,0.569628505833679,-0.8041454935783554,-1.2700795998696024,-0.0001498402205818,0.0004056636380715,0.0005555038586533,Q2,-0.014618474768215843,0.038812504929103785,0.05343097969731963,0.6667790269375138,0.504913291253737,False,not_significant,0.0004324524007996804
78577,Bill Willoughby,413.0,24.0,1331.3425619439602,1340.7423389778155,-28.668542849279326,16.18154735063038,-0.0694153579885697,0.6742311396095992,-0.8734936445750909,-1.4656489434529507,-5.2139366660983886e-05,0.0005028789798072,0.0005550183464682,Q2,-0.004183949989267133,0.051108337361153444,0.05529228735042058,0.586736206243018,0.5573808872418137,False,not_significant,0.0005055747045568427
458,Howard Eisley,783.0,88.0,1487.6815886408715,1475.2928444791996,-78.89569560958851,63.15955482743086,-0.1007607862191424,0.717722213948078,-0.8275524404786792,-0.1781160677802239,-6.773007543314178e-05,0.0004864947434903,0.0005542248189235,Q2,-0.00663647547956291,0.05175665048937832,0.05839312596894122,1.2121164852876773,0.22546779413824183,False,not_significant,0.000491186826535354
1533,Anthony Johnson,781.0,99.0,1458.1730861056556,1430.9667731852182,-59.92623995955996,70.80482272215157,-0.0767301407932906,0.7152002295166825,-0.9871630499398883,-0.4777470233508504,-5.262073585394027e-05,0.0004998021218373,0.0005524228576912,Q2,-0.003606714937702497,0.04460859104596289,0.04821530598366539,1.0626735500145075,0.2879300197471717,False,not_significant,0.0005025645260410622
2581,Steve Blake,870.0,52.0,1493.071288764821,1454.8521423644638,-72.34163937217751,37.54541874545655,-0.0831513096231925,0.7220272835664722,-0.91538241970517,-1.0923061993745742,-5.569145307990046e-05,0.0004962891159461,0.000551980569026,Q2,-0.004674236308047078,0.04278822981729506,0.047462466125342134,0.6738096638231484,0.5004323301498961,False,not_significant,0.0004994040694194554
76993,Gerald Henderson,859.0,88.0,1499.679498887661,1427.3807518757612,-116.78961377264928,57.92164463729675,-0.1359599694675777,0.6582005072420085,-0.9956356959567196,-0.9568845118723924,-9.06593505935246e-05,0.0004611246903652,0.0005517840409587,Q2,-0.008631890386924185,0.041801579326552436,0.05043346971347662,1.185433634059937,0.23584604001861048,False,not_significant,0.00046995222939618146
203920,Khem Birch,280.0,16.0,1478.7786076570003,1463.913110282775,-15.961208717842368,11.914918282408856,-0.057004316849437,0.7446823926505536,-1.2035660277892744,-1.4672672462655243,-3.854824282301158e-05,0.0005086930278988,0.0005472412707218,Q2,-0.002915549980772609,0.04921145785914562,0.052127007839918235,0.3644768341106372,0.7155019695956057,False,not_significant,0.0005101515104923155
428,Sherman Douglas,764.0,17.0,1629.1808872678978,1634.7408068935308,21.14493032785025,15.615782034172014,0.0276766103767673,0.9185754137748244,-1.383302067973217,-4.40028682782957,1.698805245817758e-05,0.0005619089031736,0.0005449208507155,Q1,0.0031340019623496197,0.07189183593587409,0.06875783397352446,0.3503914625521116,0.7260449326936522,False,not_significant,0.000562165642308457
201166,Aaron Brooks,634.0,39.0,1525.727204345981,1548.8737752222175,-62.08952360530918,28.961661655682484,-0.0979330025320334,0.7426067091200637,-1.2760957721030506,-2.4100784073121053,-6.418775404480872e-05,0.0004794494690269,0.0005436372230717,Q2,-0.0051122448828305,0.040996785992488474,0.04610903087531897,0.31572491468426794,0.7522113140907939,False,not_significant,0.0004837270522923989
101109,Raymond Felton,970.0,47.0,1677.691338830762,1588.8918563322538,-40.27408481619892,38.62681861578644,-0.0415196750682463,0.8218472045912009,-0.8544709104334735,-0.9801807688547848,-2.474810121937133e-05,0.000517245526381,0.0005419936276004,Q2,-0.0013593911547338418,0.048414083574390886,0.049773474729124724,0.6385138328266795,0.5231392524039806,False,not_significant,0.0005178372360840055
181,Kenny Smith,734.0,68.0,1680.0535432174088,1682.9372022061752,-1.4865987681313348,61.86500463134922,-0.0020253389211598,0.9097794798727828,-1.3961675403841394,-2.0330746233394503,-1.2055204605450876e-06,0.000540590271984,0.0005417957924446,Q2,0.002238360272099946,0.05874825054679924,0.05650989027469929,0.6251757824498283,0.5318556945572833,False,not_significant,0.0005405916161422741
201952,Jeff Teague,825.0,85.0,1729.6034351302994,1753.511658448271,-13.917975093884454,79.06555112483234,-0.016870272841072,0.9301829544097924,-0.9605758132345092,-1.5945911832390076,-9.753838653657128e-06,0.000530468645548,0.0005402224842017,Q2,0.0001440368045274587,0.06169762073973381,0.06155358393520635,0.7540214037535403,0.4508363696231997,False,not_significant,0.0005305583109122043
786,Gerald Wilkins,900.0,55.0,1606.6986983366814,1610.8141552162183,-80.20954193944208,42.810529968361145,-0.0891217132660467,0.7783732721520208,-1.0727238876125678,-2.08107144180754,-5.546884014925082e-05,0.0004832173032695,0.0005386861434188,Q2,-0.00463108472321583,0.04830083609896084,0.05293192082217667,0.556672173704933,0.577751432160227,False,not_significant,0.00048639053692125947
77395,Lewis Lloyd,371.0,25.0,1636.1697372355789,1688.3117423181127,137.652143404743,32.23802237253175,0.3710300361313827,1.28952089490127,-1.650927826696624,-0.7727762432125567,0.0002267674481978,0.0007637931210089,0.0005370256728111,Q1,0.02684128953228495,0.08020926904419537,0.05336797951191043,0.33882402185074423,0.7347423037424116,False,not_significant,0.0007967455097223064
76195,Manute Bol,621.0,29.0,1357.403598283786,1360.525760621584,-142.8919498072441,14.42532770018684,-0.2300997581437102,0.4974250931098911,-0.7823609286105248,-0.9001629756376273,-0.0001695146222056,0.0003656124033128,0.0005351270255185,Q2,-0.01599811754930359,0.03226942609906719,0.048267543648370784,0.45696928320823454,0.6476931239224637,False,not_significant,0.00040299830843028213
1630167,Obi Toppin,385.0,56.0,1536.8418733592064,1544.6374195806172,71.23513685099354,56.409869108849335,0.1850263294831001,1.0073190912294523,-0.9914431504931284,-0.2136649994034989,0.0001203938626936,0.0006521395108393,0.0005317456481456,Q1,0.012909877896244046,0.06963300252496012,0.056723124628716065,0.9951858652286983,0.3196458750860862,False,not_significant,0.0006631595764007385
1628404,Josh Hart,596.0,61.0,1627.2373917077034,1733.5999538921824,239.9047602286252,82.2920492450392,0.4025247654842704,1.3490499876235933,-0.6353994417503752,0.8230426697911779,0.0002473669592006,0.0007781783707335,0.0005308114115329,Q1,0.027260548153479194,0.08049310031092628,0.053232552157447086,0.6776120610264413,0.49801769681833724,False,not_significant,0.0008165488284123588
1626204,Larry Nance Jr.,580.0,36.0,1562.1484549529357,1578.4812164384448,6.995054873051236,30.492499054784965,0.0120604394362952,0.8470138626329157,-1.1288084350015266,-0.5840246771642874,7.720418247098412e-06,0.0005366005333557,0.0005288801151086,Q1,0.0019263493009822061,0.05495769630007029,0.05303134699908809,0.9116324594616346,0.3619622292352735,False,not_significant,0.0005366560698021889
2365,Chris Andersen,694.0,73.0,1492.6889927950208,1528.9092777512174,0.1710158937301145,58.59958769920946,0.0002464205961529,0.8027340780713624,-0.7226498511351862,0.0286269406938697,1.6508502262851597e-07,0.0005250370900044,0.0005248720049818,Q1,0.0007185340188089474,0.05338570409281072,0.05266717007400177,1.347661421743592,0.17776730548353267,False,not_significant,0.0005250371159578655
1453,Walter Davis,1008.0,78.0,1749.6661158918691,1779.1752007883706,-37.31432686869436,69.86575905043196,-0.0370181814173555,0.8957148596209226,-0.8080123773106667,-0.6532528931716229,-2.1157283141695857e-05,0.0005034438762545,0.0005246011593962,Q2,-0.00010319657642642429,0.047238104636369446,0.047341301212795873,0.6753175187368853,0.49947405599688427,False,not_significant,0.0005038882486902172
77420,Maurice Lucas,798.0,81.0,1619.9909082652075,1658.7738151303224,-72.2416656259548,62.45475282964475,-0.0905284030400436,0.7710463312301821,-0.9704088635319712,-1.7590844448420988,-5.5882043891831065e-05,0.0004648290949598,0.0005207111388517,Q2,-0.003041372481762035,0.04468231101776116,0.047723683499523196,0.4783206372438692,0.6324220100671668,False,not_significant,0.0004681761317609808
1630194,Paul Reed,320.0,47.0,1487.120321676442,1493.1575508888998,68.04946449789237,46.29944265625756,0.2126545765559136,0.9850945246012248,-0.7080871408001357,-1.013191087424051,0.0001429975594148,0.0006597391708696,0.0005167416114548,Q1,0.014645462071075078,0.06848896884158065,0.053843506770505575,0.8981383804287361,0.36911177953904845,False,not_significant,0.0006750585719612015
124,Vlade Divac,1132.0,121.0,1723.912159239986,1727.6625185095284,52.39585803520259,113.53302598150066,0.0462860936706736,0.9382894709214932,-1.174949359790698,-0.8682357727522934,2.684945020115156e-05,0.0005430976599127,0.0005162482097115,Q1,0.004588446450591356,0.056397169489241866,0.05180872303865051,0.9330650532245404,0.35078638133528484,False,not_significant,0.0005437609412037195
1450,Kevin McHale,956.0,168.0,1758.4533953065238,1820.1345547306296,32.13702523180936,162.9697728977325,0.0336161351797169,0.9700581720103124,-0.6820777278130699,0.335202690207232,1.911687581225724e-05,0.0005329595932834,0.0005138427174711,Q1,0.004409825760982164,0.057112686524942335,0.05270286076396018,1.0757841730363944,0.282023792184087,False,not_significant,0.0005333023373412387
781,Will Perdue,791.0,106.0,1423.973655771013,1437.3793005694756,-127.9203936179138,60.795149027196096,-0.1617198402249226,0.573539141766001,-0.7306515864829897,-0.6804010696972129,-0.0001135694045809,0.0003990172542061,0.0005125866587871,Q2,-0.01134643626255298,0.04129490288511681,0.052641339147669795,1.7322191522298016,0.08323455027756294,False,not_significant,0.0004148647717160805
291,Ed Pinckney,789.0,30.0,1489.5640807892908,1466.8541472973234,-33.418858147671955,21.29171768916056,-0.0423559672340582,0.7097239229720186,-1.132383492232168,-1.423315508785644,-2.8435142724181863e-05,0.0004838408264923,0.0005122759692164,Q2,-0.0021455719044932353,0.04570981482553994,0.04785538673003317,0.600583753284041,0.5481172617331087,False,not_significant,0.00048467566755769424
201609,Goran Dragic,946.0,63.0,1706.8846165503685,1694.766104164126,12.914243787585193,54.810417808198295,0.0136514204942761,0.8700066318761634,-0.9121271987592948,-1.357911007999236,7.997857829350976e-06,0.0005133490867787,0.0005053512289493,Q1,0.0020110125082415807,0.05430862861114681,0.052297616102905224,0.7141216162251585,0.4751519804781891,False,not_significant,0.0005134113853688713
156,Antoine Carr,978.0,107.0,1495.281484413232,1477.0892772752748,-120.0025448569702,66.518347945158,-0.122701988606309,0.6216668032257757,-1.0350898104891813,-0.862354356994063,-8.205945829287043e-05,0.0004208728699002,0.0005029323281931,Q2,-0.007870801698322548,0.040743637582622734,0.04861443928094528,1.3706594089739734,0.17048115390428106,False,not_significant,0.0004287980029260281
78482,Scott Wedman,725.0,79.0,1550.227012300304,1477.6147090841473,-57.49146337382797,52.423243986434045,-0.0792985701707972,0.6635853669168866,-1.050804328586668,-0.8567334404641801,-5.1152876024995865e-05,0.0004490922855851,0.0005002451616101,Q2,-0.0033146695368254037,0.042490248941779815,0.045804918478605225,0.7550501512728375,0.450218891370734,False,not_significant,0.0004519961257551635
2548,Dwyane Wade,1054.0,177.0,1988.2969843312767,1996.262809217705,58.979038451585474,186.543176298315,0.0559573419844264,1.053916250272966,-0.1099760315509121,0.0178454522617226,2.814335203714376e-05,0.0005279446400576,0.0004998012880205,Q1,0.007538144546987146,0.05832778909457564,0.0507896445475885,0.7208023861628996,0.4710311071061121,False,not_significant,0.0005286942322642034
53,Mario Elie,731.0,116.0,1556.7285014608497,1574.702594975353,-8.969418655035732,89.75093934404407,-0.0122700665595564,0.7737149943452075,-0.941262210436674,-1.2916304263355345,-7.881956646931081e-06,0.0004913403945697,0.0004992223512166,Q2,1.630496959163244e-05,0.052604780712447126,0.0525884757428555,0.9851444766002235,0.3245531091038939,False,not_significant,0.0004914036106669268
1628467,Maxi Kleber,481.0,48.0,1493.086892564433,1509.6492953518648,-93.42721756127034,26.70906728887713,-0.1942353795452605,0.5564389018516068,-1.2472719484184245,-0.5741615703835805,-0.0001300898028859,0.0003685881903597,0.0004986779932456,Q2,-0.012583787001134786,0.03678626275792933,0.049370049759064116,0.7498594409576154,0.4533393643939381,False,not_significant,0.00039087160409465764
2555,Nick Collison,909.0,90.0,1494.185646409373,1487.012754232519,-125.49875931353446,53.98360074492309,-0.1380624414890368,0.5998177860547009,-0.8125066065020474,-0.8999899756333489,-9.239979103052555e-05,0.0004033709760373,0.0004957707670678,Q2,-0.009041408875044895,0.03905415254887555,0.04809556142392044,1.2857646931752131,0.19852519569424262,False,not_significant,0.00041381863864713587
1740,Rashard Lewis,1047.0,93.0,1767.097895682918,1774.3534303911251,-6.441191740242303,81.23222033891115,-0.006152045597175,0.8734647348270016,-0.8726429681288618,-0.7720439545634432,-3.4814401693334232e-06,0.0004922721256466,0.0004957535658159,Q2,0.0010324665909840856,0.054603072810259036,0.053570606219274945,0.8046175042274873,0.4210404379203551,False,not_significant,0.0004922844361893585
1626153,Delon Wright,547.0,51.0,1554.5730804430889,1521.714424610483,19.4521009786734,39.77497877039386,0.0355614277489458,0.7799015445175266,-1.2590672628375874,-1.7172892274470408,2.287536571700448e-05,0.0005125150500674,0.0004896396843503,Q1,0.0034380663972527537,0.05100884601339109,0.047570779616138335,0.6864470779688928,0.49243122591588867,False,not_significant,0.0005130253004504517
1628415,Dillon Brooks,547.0,38.0,1553.933434631586,1609.1024545524165,225.9984096667171,45.86067908698735,0.4131597982938155,1.2068599759733514,-0.1435172269294877,0.1110601110127859,0.0002658799850019,0.0007500205922618,0.0004841406072599,Q1,0.028596262249233888,0.07326315686803311,0.04466689461879922,0.36550945337713125,0.7147311514774908,False,not_significant,0.0007957531371231608
87,Dikembe Mutombo,1194.0,101.0,1781.6892706879848,1813.1031617482004,-34.76229563841867,85.04569070413712,-0.0291141504509369,0.84203654162512,-0.8810459883574543,-1.2193959365914109,-1.6340756455077444e-05,0.0004644173367461,0.0004807580932012,Q2,0.0008516918950223808,0.042408018456005656,0.04155632656098327,0.7023331886781927,0.4824714003218006,False,not_significant,0.0004647047266726094
1630532,Franz Wagner,323.0,19.0,1755.440205905251,1878.7066819560537,419.72108418307056,43.57430387238367,1.299446081062138,2.293384414335983,0.5374017083951279,0.4457958809082097,0.0007402394434688,0.0012207251064589,0.0004804856629901,Q1,0.08239736713723475,0.12801867075283194,0.045621303615597186,0.24033212820475894,0.8100727900496744,False,not_significant,0.0014276288800686584
183,Bison Dele,413.0,39.0,1576.254347698206,1642.9220518805837,201.35980194014783,49.97440294845303,0.4875539998550795,1.2813949473962314,-1.6240567500515324,-1.2213577577421768,0.000309311755788,0.0007799487175483,0.0004706369617603,Q1,0.03283532432619551,0.0834380771316941,0.05060275280549859,0.5332435636361955,0.5938649890013221,False,not_significant,0.0008390433625706679
2416,Kareem Rush,346.0,31.0,1429.6120074316216,1464.589133912033,-51.15465262059543,16.389619378910115,-0.1478458168225301,0.5286973993196812,-1.1121224301728856,-0.3985867842916251,-0.0001034167424825,0.0003609868372486,0.0004644035797312,Q2,-0.009899706508890058,0.0373754365658223,0.04727514307471235,0.6674000528302948,0.5045166321671978,False,not_significant,0.00037550834783322586
2756,Sasha Vujacic,567.0,64.0,1413.247811605284,1422.8703739983991,-46.68735964805162,35.87346736546257,-0.0823410223069693,0.5605229275853526,-0.6936714332388043,-0.8690949838178648,-5.826368286637542e-05,0.0003939381533471,0.0004522018362135,Q2,-0.0053674961654951205,0.03963216512252373,0.044999661288018855,0.9337490470846171,0.3504333583301044,False,not_significant,0.0003982234616439328
76091,Greg Ballard,789.0,65.0,1573.578030193387,1383.16196193539,-30.684370370275445,37.70803391701848,-0.0388902032576368,0.5801235987233612,-1.415387399001741,-1.8129674238388047,-2.4714505738782684e-05,0.0004194184156941,0.0004441329214329,Q2,-0.002814827739782185,0.05400705293189659,0.056821880671678766,0.5856497463643634,0.5581109112227541,False,not_significant,0.0004201459439495533
201566,Russell Westbrook,1301.0,137.0,1924.0108497710016,1943.136606725844,78.98007599007369,125.68154370564118,0.0607072067563979,0.9173835306981108,-0.1754601425336845,1.4008937325717712,3.155242433462543e-05,0.0004721147898314,0.0004405623654967,Q1,0.006585549787639351,0.04647202088109113,0.03988647109345178,0.7078803732507558,0.4790195488996315,False,not_significant,0.00047316797256253434
1938,Manu Ginobili,1056.0,218.0,1780.2768511965703,1748.7755749983976,-53.77897086255817,156.85267634845218,-0.0509270557410588,0.719507689671799,-0.8479371075131192,0.1733330576983865,-2.860625621617754e-05,0.00041143512064,0.0004400413768562,Q2,-0.0011697174095334566,0.042740248343842616,0.04390996575337608,0.9741000261011941,0.3300068765761746,False,not_significant,0.0004124283894093093
2124,Malik Allen,472.0,27.0,1400.9637678231152,1406.1207290717143,-144.1646256371422,8.279142080696772,-0.3054335288922504,0.3066348918776582,-0.9216215482243276,-0.9792770253565636,-0.0002180167224216,0.0002180715251101,0.0004360882475317,Q2,-0.021095534025327402,0.018460451097635534,0.03955598512296294,0.599100968557798,0.54910555583787,False,not_significant,0.0003083609594603408
787,Charles Barkley,1065.0,123.0,2017.953589238133,2012.6446752540205,276.74675325515324,139.34101044275295,0.2598561063428669,1.132853743437016,-0.011329734321628,0.6189480623222945,0.0001287720925439,0.0005628682287369,0.0004340961361929,Q1,0.018123696763134158,0.06283243028671695,0.04470873352358279,0.6510833550729452,0.5149926805906397,False,not_significant,0.0005774105079919743
1630162,Anthony Edwards,442.0,55.0,1909.6773478232424,1996.0108028415848,423.964655470647,102.79539098580484,0.9591960531010112,1.869007108832815,0.3851084100991102,1.8554532087540725,0.0005022817358096,0.0009363712391596,0.00043408950335,Q1,0.061082702926528364,0.10219403411828001,0.04111133119175165,0.39548242768599173,0.6924868875682685,False,not_significant,0.0010625808391144598
204456,T.J. McConnell,762.0,64.0,1550.53289039908,1558.1979046228796,79.38810996531936,49.59811831561114,0.1041838713455634,0.774970598681424,-0.7353681291851555,-0.986697472135004,6.719230013801794e-05,0.0004973505588617,0.0004301582587237,Q1,0.007983647141260734,0.049955414851096995,0.041971767709836266,0.7372579113499623,0.46096552209419844,False,not_significant,0.0005018688908448927
1495,Tim Duncan,1392.0,251.0,2010.5525663661876,2030.0852054959769,62.27947284759027,229.05897372769664,0.044741000608901,0.9125855526999866,-0.4213235292911499,0.9633049014720968,2.225308671723247e-05,0.0004495306651313,0.0004272775784141,Q1,0.006553135586300254,0.04556455018787697,0.03901141460157672,0.9331405964261481,0.3507473808961549,False,not_significant,0.0004500811246451395
203914,Gary Harris,663.0,40.0,1503.582468773095,1573.2297172494473,-118.892839081271,19.14359052786213,-0.1793255491421885,0.4785897631965533,-0.9671615855546798,-1.727363499490293,-0.0001192655227541,0.0003042084432738,0.0004234739660279,Q2,-0.011848207894226942,0.02903393832027478,0.04088214621450172,0.47567875804287235,0.6343032564926337,False,not_significant,0.0003267522637670281
369,Charlie Ward,628.0,71.0,1544.5540179061918,1622.7995667621904,27.20690819490404,51.61248843407254,0.0433231022211847,0.7269364568179231,-1.0452486654900612,-1.4677568725937098,2.804893951194655e-05,0.000447952089529,0.000419903150017,Q1,0.0040774552820630056,0.045805113226862926,0.04172765794479992,0.6621984380680689,0.5078440550937249,False,not_significant,0.00044882938575937966
2137,Ime Udoka,302.0,21.0,1490.4599994461782,1525.38720545545,-63.28592211911798,8.922697977264969,-0.2095560335070131,0.4248903798697604,-1.3362934051899271,-1.38534747532248,-0.0001405982271143,0.0002785459182758,0.0004191441453901,Q2,-0.013439660391879438,0.02665720401845977,0.04009686441033921,0.4820047770839476,0.6298025527224975,False,not_significant,0.0003120187335013604
203999,Nikola Jokic,809.0,100.0,2078.133117160411,2162.5923782539758,565.3570173905355,163.19253297020728,0.6988343849079548,1.6319253297020728,0.5050804023346835,1.2882244134294043,0.0003362798942653,0.0007546153154482,0.0004183354211829,Q1,0.04214343516073573,0.08099663252179705,0.03885319736106131,0.7365966973634631,0.4613676439763131,False,not_significant,0.0008261527955505978
2592,James Jones,694.0,146.0,1447.8348309032658,1451.1533445610671,-146.47926322333353,57.21022075536436,-0.2110652207829013,0.3918508270915367,-0.6684865437939407,-0.5820751114965239,-0.0001457799027056,0.0002700271673977,0.0004158070701033,Q2,-0.013941658134089194,0.027252169283170726,0.04119382741725992,1.2633691002660203,0.20645656349823224,False,not_significant,0.00030686552619295593
202322,John Wall,647.0,37.0,1912.138840286548,1936.9704203444364,248.88382926260624,43.79084413273296,0.3846736155527144,1.1835363279117015,-0.5752689115841862,0.2811848479681211,0.0002011745211425,0.000611024471763,0.0004098499506205,Q1,0.02821077546557687,0.05886323639879733,0.030652460933220462,0.3039676910286983,0.7611525060210849,False,not_significant,0.0006432900535918206
952,Antoine Walker,893.0,64.0,1760.2463790556153,1682.3759875195983,13.319360641370627,44.80026904536095,0.0149152974707397,0.7000042038337648,-0.8629231789068892,0.3371570675858739,8.473414658430912e-06,0.0004160807150283,0.0004076073003699,Q1,0.002854535138802607,0.0456107618811134,0.04275622674231079,0.5869561133763963,0.5572331818380983,False,not_significant,0.0004161669859256439
1913,Michael Ruffin,408.0,19.0,1345.3642439541231,1331.2750477176746,-135.25898287293126,4.040028613200625,-0.3315171148846354,0.212633084905296,-0.691252617469533,-0.2662886066115374,-0.000246414394001,0.0001597213778398,0.0004061357718409,Q2,-0.02394030524724989,0.015860696600260422,0.039801001847510314,0.7145507482396366,0.4748866874052204,False,not_significant,0.00029365110609347995
922,Elden Campbell,1039.0,106.0,1624.9141820388124,1595.480581584919,-49.63910943011673,63.3304814889455,-0.0477758512320661,0.5974573725372218,-1.0917888005772185,-1.2152622636663502,-2.9402076589743856e-05,0.0003744685955022,0.0004038706720919,Q2,-0.0026767810263294,0.04167891704933721,0.04435569807566661,0.829063882867417,0.40706825954341125,False,not_significant,0.0003756211004791656
2501,Reggie Evans,807.0,45.0,1436.419162466891,1452.653892901924,-7.372938722319439,25.852850737921425,-0.0091362313783388,0.5745077941760317,-0.7411334092963305,-0.7050424015435761,-6.360421537852758e-06,0.000395488420871,0.0004018488424089,Q2,-0.00023987093000152983,0.040680178576571246,0.04092004950657278,0.7698797758337005,0.441371211700466,False,not_significant,0.0003955395631351893
146,Jud Buechler,699.0,63.0,1359.0613814325488,1361.901235252315,-158.37019667854557,19.155516976239408,-0.22656680497646,0.3040558250196731,-0.5922237290227582,-0.1410301756113442,-0.0001667082944683,0.0002232583517433,0.0003899666462117,Q2,-0.016452781484419875,0.022361702560581478,0.03881448404500135,2.0633292701503665,0.03908135493070019,True,significant,0.0002786322792995537
770,Mark West,1067.0,94.0,1421.9071067530122,1436.2016395072892,-157.29937773842946,38.36653822948728,-0.147422097224395,0.4081546620158222,-0.7674112297487343,-1.0593251184092152,-0.0001036791338366,0.0002841903607322,0.0003878694945689,Q2,-0.009970917696429124,0.02522410114076564,0.03519501883719476,0.7621058956148745,0.44599680442291295,False,not_significant,0.0003025120227796006
2406,Caron Butler,881.0,65.0,1715.2607110893084,1625.1781552559075,-25.54626870053153,39.124922685965856,-0.0289968997735885,0.6019218874763977,-1.1224669956531683,-1.0316555858016028,-1.6905243375611132e-05,0.0003703728637563,0.0003872781071319,Q2,0.0007722870974620545,0.03211196331293767,0.03133967621547561,0.30830495014713316,0.7578502997150047,False,not_significant,0.0003707584732148834
345,Terry Porter,1271.0,124.0,1653.0621961971888,1826.8581196247364,-8.237403759134677,86.29553257705517,-0.0064810415099407,0.69593171433109,-0.8603391066574186,-1.5760704694117655,-3.920627744588282e-06,0.0003809445883372,0.0003848652160818,Q2,0.001605171190347066,0.034928655770526576,0.03332348458017951,0.5711187308506092,0.5679191624640608,False,not_significant,0.00038096476307568187
2052,DeShawn Stevenson,810.0,38.0,1445.6006424810114,1401.1794781109868,-87.30628265591618,16.429367227388575,-0.1077855341431063,0.4323517691418046,-0.911104927382435,-0.8044595445029543,-7.45610723845e-05,0.000308562732966,0.0003831238053505,Q2,-0.0073114314941021994,0.03335974232708926,0.04067117382119147,0.48965645808795677,0.6243770180487574,False,not_significant,0.00031744340234217134
1631097,Bennedict Mathurin,263.0,23.0,1639.302912063415,1635.664539211849,229.99711095528312,34.41988592384293,0.8745137298679967,1.496516779297519,-0.7358239768188346,-2.583871974427691,0.0005334668311954,0.0009149289132468,0.0003814620820513,Q1,0.059392509707589206,0.09151426471725363,0.03212175500966442,0.25615842929176424,0.7978285065272721,False,not_significant,0.0010590947909798404
76583,James Donaldson,926.0,51.0,1572.485476266664,1558.7398458789714,-30.23203642192413,28.50503659727324,-0.0326479874966783,0.5589222862210439,-1.0203051178659197,-0.194679053997907,-2.0762028005619456e-05,0.0003585731690241,0.0003793351970297,Q2,-0.0013773292080378479,0.03579836823756316,0.03717569744560101,0.5218465124788344,0.6017772019558185,False,not_significant,0.00035917374535298643
201144,Mike Conley,1225.0,122.0,1761.525195237287,1746.7952822569373,-4.836162272569088,80.15857491439309,-0.0039478875694441,0.657037499298304,-0.4395581755293124,-0.1045199592007746,-2.2411757607090894e-06,0.0003761388102957,0.0003783799860564,Q2,0.0015908253416331807,0.035017589472919976,0.0334267641312868,0.6872571209086898,0.4919207145058752,False,not_significant,0.0003761454871182891
216,Brian Shaw,941.0,126.0,1477.1695106013217,1474.3328649836344,-59.438980006321856,62.32212723354212,-0.0631657598366863,0.4946200574090644,-0.9107539160989812,-0.7521755734332216,-4.276134822940735e-05,0.0003354873713776,0.000378248719607,Q2,-0.0031737607922071283,0.03231216296988532,0.035485923762092454,0.8354662145921425,0.4034552618173562,False,not_significant,0.0003382015808009305
202694,Marcus Morris Sr.,832.0,78.0,1624.2332816204234,1619.1680934945562,15.712526021013772,48.68760385962461,0.0188852476214107,0.6242000494823667,-1.0964279583614729,-0.929744755150292,1.1627176856374864e-05,0.0003855066388661,0.0003738794620097,Q1,0.0026496622428441655,0.038776811958061104,0.03612714971521694,0.5287325701060779,0.5969909798332025,False,not_significant,0.00038568194130849195
951,Ray Allen,1300.0,171.0,1845.9950833377325,1794.3640721461156,54.84266836405234,121.53447805102742,0.0421866679723479,0.7107279418188738,-0.449581372479892,-0.0050068764712074,2.285307710358063e-05,0.0003960890394828,0.0003732359623792,Q1,0.0053358464521268585,0.03885236121587956,0.0335165147637527,0.5920051538144315,0.5538471372278785,False,not_significant,0.000396747766637078
2243,Brian Scalabrine,490.0,35.0,1361.2614394769637,1403.8219664301507,-129.45398332248715,8.693787747493467,-0.2641918026989533,0.2483939356426704,-0.7629861272598223,-0.8581682674104756,-0.0001940786648598,0.0001769411945264,0.0003710198593863,Q2,-0.019122123669308322,0.02192062149169796,0.04104274516100628,0.7118949632197539,0.47652982136442673,False,not_significant,0.0002626303761452431
1629130,Duncan Robinson,499.0,85.0,1538.4516800006538,1548.297515042106,111.41871209070422,67.58954354961409,0.2232839921657399,0.7951711005836952,-0.8023346836582037,-1.7442718786838676,0.0001451355249361,0.0005135777154315,0.0003684421904954,Q1,0.01651832574314697,0.05443371958148937,0.0379153938383424,0.43920567557983303,0.6605125129687432,False,not_significant,0.000533691287530831
201980,Danny Green,829.0,166.0,1550.1942038648613,1565.116335547886,-35.19254637911775,88.30943988710736,-0.0424518050411553,0.5319845776331769,-1.2082805932152954,-1.1944984686850133,-2.7384830194382577e-05,0.000339900980873,0.0003672858110674,Q2,-0.001362813315300314,0.03414675422301672,0.03550956753831703,0.7863407010473312,0.43166791372882085,False,not_significant,0.00034100235442472045
200756,Hilton Armstrong,280.0,22.0,1373.8369070911187,1358.148838188465,-103.96277724393975,2.688112886960969,-0.3712956330140706,0.1221869494073167,-0.8093590681010996,-0.7782794279729754,-0.000270261798251,8.996580195900544e-05,0.00036022760021,Q2,-0.02656300891710358,0.009159144692761002,0.03572215360986458,0.723695432630608,0.4692527377987421,False,not_significant,0.00028484256198116044
101114,Deron Williams,845.0,90.0,1854.0389807544489,1829.7496282239408,91.98578526956194,68.50720563611227,0.1088589174787715,0.7611911737345808,-1.0386142692465796,-0.556589474461002,5.871447073592513e-05,0.0004160083773174,0.0003572939065814,Q1,0.010906671017452109,0.03499718794812532,0.02409051693067321,0.28636005764191386,0.7746023636635793,False,not_significant,0.00042013135930570104
201596,Mario Chalmers,646.0,99.0,1595.802879447751,1624.1921623164703,4.525791726758763,57.92358145637648,0.0070058695460661,0.5850866813775403,-1.3212541541508305,-1.7815093424623825,4.39018480057554e-06,0.0003602324250494,0.0003558422402488,Q1,0.002602941119794162,0.03987896622515009,0.03727602510535593,0.5230919308512053,0.600910280524732,False,not_significant,0.0003602591758436623
78304,Terry Teagle,678.0,45.0,1474.3948977560983,1507.5528403368412,50.253503202842495,27.498362129956234,0.0741202112136319,0.6110747139990275,-1.0141530714581473,-1.260431217780114,5.027161402039341e-05,0.0004053421529572,0.0003550705389369,Q1,0.0069714588621876015,0.04085442485568771,0.0338829659935001,0.4690113943751215,0.6390614914987363,False,not_significant,0.00040844766634196055
1800,Damon Jones,648.0,57.0,1473.6859505074394,1494.9183104182418,-37.51552729432515,26.895554324029444,-0.0578943322443289,0.4718518302461306,-1.074332479181556,-1.16215766643142,-3.9285393352901264e-05,0.0003156372003458,0.0003549225936987,Q2,-0.0029437042138521752,0.028493401854604333,0.031437106068456504,0.49640571012267565,0.6196081971904044,False,not_significant,0.0003180726086493882
77905,Kurt Rambis,858.0,138.0,1439.1335111689814,1441.3017049376808,-160.5571939982358,44.481802870977184,-0.1871295967345405,0.3223319048621535,-0.8497777825262602,-0.7669357269065532,-0.000130029351191,0.0002236394390972,0.0003536687902882,Q2,-0.01312251489176157,0.023128553358702206,0.03625106825046377,1.0966717237188437,0.2727849214826305,False,not_significant,0.00025869331435285033
1479,Mike Brown,614.0,43.0,1420.26006891084,1452.4687484807732,-102.90425930223472,14.6412476785205,-0.1675965135215549,0.3404941320586163,-0.7591711304672435,-0.7155826982165342,-0.0001180041016361,0.0002344244118262,0.0003524285134624,Q2,-0.011788483832988316,0.024623924667142062,0.03641240850013038,0.772814363888043,0.43963225134449035,False,not_significant,0.00026244956251250033
203109,Jae Crowder,809.0,114.0,1571.8851937677343,1583.3091167745642,-20.26672135500408,60.64815323461035,-0.0250515715142201,0.5320013441632486,-0.813387219447331,-0.5776754830867816,-1.593727812536531e-05,0.0003360059880454,0.0003519432661708,Q2,-0.0005014272244033248,0.033928120824526835,0.03442954804893016,0.6787910016810769,0.4972702960676521,False,not_significant,0.0003363837404459537
78623,Larry Wright,343.0,49.0,1419.061182066425,1438.3027980061718,-36.59727573808018,19.113913387203137,-0.1066975969040238,0.390079865044962,-1.637010675645305,-2.4582911975803383,-7.518886306836446e-05,0.0002712084448321,0.0003463973079004,Q2,-0.005283859530400307,0.02974843392698989,0.035032293457390194,0.3421685613387739,0.7322240432424514,False,not_significant,0.0002814380672150793
78600,Brian Winters,501.0,38.0,1624.913687492319,1620.698851383626,-37.71672093383269,18.442605345423164,-0.0752828761154345,0.485331719616399,-1.3421763780865432,-1.0462345897650978,-4.6330384619761765e-05,0.0002994582980064,0.0003457886826262,Q2,-0.0014474100723263043,0.031289003644056214,0.03273641371638252,0.2429464134849478,0.8080469096824087,False,not_significant,0.00030302108306833194
1627759,Jaylen Brown,674.0,141.0,1840.0707211657823,1861.4349765743364,361.4476760157867,167.19593851652485,0.5362725163438972,1.185786797989538,-0.0014793763813313,0.0874045107522499,0.0002914412528688,0.0006370283211137,0.0003455870682448,Q1,0.0332630290150532,0.07091245125842921,0.03764942224337601,0.6353995299230834,0.5251678745979725,False,not_significant,0.0007005305744752867
1713,Vince Carter,1540.0,88.0,1808.2170366867715,1824.266509337628,-152.91710589550118,46.62645176596884,-0.0992968220100657,0.5298460427951004,-1.0233416936556048,0.2946550839961729,-5.491421659869385e-05,0.000290443331653,0.0003453575482517,Q2,-0.005337017580124155,0.03335504019904663,0.038692057779170785,0.48330019494723797,0.6288826016569236,False,not_significant,0.0002955890730158049
22,Rik Smits,866.0,104.0,1668.298071579129,1724.8838069129,108.41535773145462,75.15145816201385,0.1251909442626496,0.7226101746347486,-1.2038027502215556,-2.291447872130737,7.504111309326761e-05,0.0004189326676606,0.0003438915545674,Q1,0.010069841680735709,0.0423154810792602,0.032245639398524484,0.49326084803751435,0.62182828863484,False,not_significant,0.0004256004566345098
686,Antonio McDyess,1013.0,100.0,1662.420512718854,1615.526455974919,13.789441990208616,56.24194815254664,0.0136124797534142,0.5624194815254664,-1.128952251162501,-1.2499736046863674,8.188349246937109e-06,0.0003481338726737,0.0003399455234268,Q1,0.0027270881375283046,0.034116229709681783,0.03138914157215348,0.6812552175277706,0.49571001427931566,False,not_significant,0.00034823015717507546
1897,Metta World Peace,986.0,85.0,1681.336600031586,1656.2732308102666,-29.866730869956303,44.66773975311969,-0.0302908020993471,0.5255028206249376,-1.0741828528037989,-0.1251269065374396,-1.80159059755067e-05,0.0003172802716662,0.0003352961776417,Q2,-0.00028056520396033954,0.03606996516624501,0.03635053037020535,0.4331820997509227,0.6648824820937307,False,not_significant,0.0003177913523944539
76673,Alex English,1176.0,68.0,1817.8707436915936,1898.047857619977,-37.727550803024016,40.69333534462936,-0.0320812506828435,0.5984314021269024,-0.4951945808441614,0.6161967730199992,-1.764770723890709e-05,0.0003152878362494,0.0003329355434883,Q2,-0.0020321041191567347,0.054044951567261676,0.0560770556864184,0.663088354421357,0.5072739686717742,False,not_significant,0.00031578135039552076
64,Sam Perkins,1263.0,167.0,1665.036998183322,1665.189350368,-101.0126424147995,79.0606125610152,-0.0799783392041167,0.4734168416827258,-0.8332976937902761,-0.6938476558021457,-4.8033971191858826e-05,0.0002843021074919,0.0003323360786837,Q2,-0.003448492212809432,0.024821970506785924,0.02827046271959535,0.6236757491544724,0.5328405524952988,False,not_significant,0.00028833132107489845
203932,Aaron Gordon,756.0,69.0,1704.442734743645,1737.9941216359146,245.4036093949445,62.597031715376765,0.3246079489351118,0.9072033581938662,-0.6817659023521936,-1.3165840325132194,0.0001904481402151,0.0005219829842346,0.0003315348440195,Q1,0.02216831249078952,0.05175928958817523,0.029590977097385715,0.40743033531637396,0.6836919505753225,False,not_significant,0.0005556408281811633
78531,Bob Wilkerson,530.0,22.0,1428.8028386092442,1393.148998872518,-21.846134823265142,9.261295044010096,-0.0412191223080474,0.4209679565459135,-1.2462366159579612,-0.3754538197009214,-2.884871249847807e-05,0.0003021700886887,0.0003310188011872,Q2,-0.0016566034982850265,0.034519168395192534,0.03617577189347756,0.23251894614084934,0.816134973521567,False,not_significant,0.0003035440836368857
2222,Gerald Wallace,827.0,30.0,1732.9525816866417,1592.776303027003,15.669287021475547,16.267968963236402,0.0189471427103694,0.54226563210788,-1.310375099965466,-1.2426650301112303,1.093344556025224e-05,0.0003404531013409,0.0003295196557806,Q1,0.0028353377232219405,0.02398307358521914,0.021147735861997204,0.22655037834792163,0.8207733813113254,False,not_significant,0.0003406286165965157
78035,Delaney Rudd,238.0,24.0,1399.8310806468826,1383.9447960676252,-79.47725667596558,2.9913247067278697,-0.3339380532603596,0.1246385294469945,-0.7388148470129573,-0.3859571658834583,-0.000238555964271,9.006033318752709e-05,0.0003286162974586,Q2,-0.023228781405056752,0.010158226672309917,0.03338700807736667,0.6757045561673811,0.4992282426559852,False,not_significant,0.00025498982666591824
977,Kobe Bryant,1345.0,219.0,2025.0104556814915,2021.0027073924616,121.21320895829142,164.77972535636076,0.0901213449504025,0.7524188372436564,-0.0267612827671405,1.2240678152052409,4.450413808854797e-05,0.0003722997670866,0.000327795628998,Q1,0.008553797474177583,0.03841476001018864,0.029860962536011063,0.6110151964965739,0.5411895199008508,False,not_significant,0.00037495030988084427
76826,Mike Gminski,887.0,35.0,1583.9147479685505,1564.4745070074453,-46.09556105360546,16.146284802637144,-0.0519679380536701,0.4613224229324898,-0.974503603557214,-0.8524511808344426,-3.280980754824188e-05,0.0002948737233276,0.0003276835308759,Q2,-0.002723913325899859,0.03843895232294744,0.0411628656488473,0.4227013509502028,0.6725131698164436,False,not_significant,0.0002966934380474813
1506,Austin Croshere,656.0,67.0,1510.8602979117982,1525.0279135093272,-38.640050255265976,29.37660785821263,-0.0589025156330274,0.4384568337046661,-0.9989950205299084,-1.5440839076628876,-3.898607681626038e-05,0.0002875074153204,0.0003264934921367,Q2,-0.003361295604160283,0.02913712912465459,0.032498424728814874,0.4834524511899839,0.6287745134936443,False,not_significant,0.00029013863591348935
2058,Mark Madsen,439.0,41.0,1405.805250445509,1414.979383065319,-180.72097741777415,1.9184710465731727,-0.4116650966236314,0.0467919767456871,-0.7814733698011533,-0.9240163818997428,-0.0002928322372484,3.306901662716814e-05,0.0003259012538756,Q2,-0.030556883201980713,0.0034614470958005366,0.03401833029778125,0.9935352085689075,0.32044920113558517,False,not_significant,0.0002946935340868393
270,Horace Grant,1165.0,170.0,1714.2730276104348,1772.7995574073134,-1.8460875456544803,96.71806981559897,-0.0015846245027077,0.5689298224446997,-0.6592214196387702,-0.9110835661833944,-9.243711341107392e-07,0.0003209216857413,0.0003218460568754,Q2,0.0013185640601619665,0.03603274643005041,0.03471418236988844,0.6586585602302489,0.5101150492028987,False,not_significant,0.00032092301700101114
1548,Mark Blount,604.0,22.0,1518.8121465914344,1413.243331782809,20.8785904344638,10.657143757907273,0.0345672027060658,0.4844156253594214,-0.8767705772411954,-0.6248258352173577,2.275936677464865e-05,0.0003427687323656,0.000320009365591,Q1,0.003299613107682597,0.02696403653897023,0.023664423431287634,0.236466332212476,0.8130708295443251,False,not_significant,0.0003435234965231684
111,LaPhonso Ellis,623.0,16.0,1636.8891472228615,1786.9606850169812,2.680745754553733,9.09639968279555,0.0043029626878872,0.5685249801747219,-1.3486118629018036,-3.691092050503985,2.6287440998601517e-06,0.0003181519240695,0.0003155231799696,Q1,0.002147094076670823,0.03661214735139728,0.03446505327472645,0.1511970333688206,0.879820290421893,False,not_significant,0.0003181627839403399
402,Jon Koncak,782.0,53.0,1430.3048103316685,1438.2396246623784,-79.39163498102835,18.46723102840348,-0.1015238298990132,0.3484383212906317,-0.841814455525792,-1.1689678314873322,-7.098055544920612e-05,0.0002422672239839,0.0003132477794331,Q2,-0.006488767984951977,0.02328059938802939,0.029769367372981366,0.3718827107250217,0.7099801782787389,False,not_significant,0.00025245127662331795
1630214,Xavier Tillman,289.0,30.0,1469.5662992058658,1488.0849019534814,-29.64335035086733,10.731346768653188,-0.1025721465427935,0.3577115589551062,-1.0129794165566133,-1.8960209022938772,-6.979756313017125e-05,0.0002403838372968,0.000310181400427,Q2,-0.005855796687702589,0.021355103113357535,0.027210899801060125,0.2193105163943863,0.8264081704043422,False,not_significant,0.0002503119834375587
1908,Jumaine Jones,466.0,28.0,1465.9459770208057,1482.7684499927882,38.88359759380328,15.137266308084916,0.0834411965532259,0.5406166538601755,-1.1120605998260884,-2.154097256597379,5.691969408231588e-05,0.0003645995123937,0.0003076798183114,Q1,0.006642838004293341,0.03523386013182531,0.02859102212753197,0.23337653490763705,0.8154690325833391,False,not_significant,0.0003690157937164048
1628386,Jarrett Allen,624.0,46.0,1769.4516454380755,1813.6679647990245,347.16770342363213,51.19558468327303,0.5563584990763335,1.112947493114631,-0.2517919602110704,0.6406173184174708,0.0003144242457886,0.0006136445670958,0.0002992203213071,Q1,0.035685381377687855,0.06348662685500775,0.027801245477319905,0.35094948306968443,0.7256262474298536,False,not_significant,0.0006895087099275264
201155,Rodney Stuckey,651.0,28.0,1637.6554339628592,1599.398637745871,77.97606111132521,16.615799960719034,0.1197788957163213,0.593421427168537,-1.2089460512882124,-0.9643097450397148,7.314047462748373e-05,0.0003710278433179,0.0002978873686904,Q1,0.00939001758065358,0.039062345805074276,0.0296723282244207,0.1629301392598531,0.8705734401981349,False,not_significant,0.00037816820271655016
200826,J.J. Barea,827.0,50.0,1524.2116581431933,1532.321680993562,69.34544767973875,27.005909982537613,0.0838518109791278,0.5401181996507523,-0.90353075077796,-1.5709134722642977,5.501323292676872e-05,0.0003524835590008,0.000297470326074,Q1,0.006153729754401979,0.037194617844061396,0.031040888089659414,0.4364302121319298,0.6625246228293609,False,not_significant,0.00035675077457929277
1628470,Torrey Craig,456.0,79.0,1445.967447021363,1452.6284152307287,-34.76903540600266,27.53211930209124,-0.0762478846622865,0.3485078392669777,-0.9571663951094052,-0.9599929770153746,-5.273139780522324e-05,0.0002399153394033,0.0002926467372085,Q2,-0.0043315161618815295,0.02350578269780376,0.027837298859685285,0.5344673212393551,0.5930182528022543,False,not_significant,0.00024564195569058093
203496,Robert Covington,611.0,32.0,1601.5852988549807,1614.5251098384977,47.74313071107205,17.604915799835545,0.0781393301326874,0.5501536187448608,-0.9939881785603906,-1.1909148320645295,4.8788740873527954e-05,0.0003407525936836,0.0002919638528101,Q1,0.007267933031715605,0.03565108119703614,0.028383148165320535,0.2388851304716616,0.8111946559690605,False,not_significant,0.0003442276446454074
1630178,Tyrese Maxey,386.0,54.0,1838.6117811373972,1830.4319254232853,476.7898104873394,95.14658214894266,1.2352067629205683,1.761973743498938,0.044457036602582,-2.347063895576805,0.000671814885335,0.0009625999847503,0.0002907850994152,Q1,0.07655262063783308,0.09715280450679688,0.020600183868963784,0.1678639984316957,0.8666902732636762,False,not_significant,0.0011738543226478136
78055,Ralph Sampson,439.0,38.0,1762.720093724017,1831.6129504055737,-66.41990203847936,14.251962856842171,-0.1512981823199985,0.3750516541274256,-1.6916002727596755,-1.7271140249911,-8.58322219498604e-05,0.000204765779825,0.0002905980017748,Q2,-0.007315545263058641,0.019895763677015503,0.027211308940074147,0.2265462316058302,0.8207766061069237,False,not_significant,0.00022202746431959825
1000,Shandon Anderson,718.0,74.0,1494.535876648859,1484.3446270851712,-73.49854875580479,24.287608419871283,-0.1023656667908144,0.3282109245928551,-1.083832029474313,-1.6231450647050756,-6.849328168711823e-05,0.0002211150420218,0.0002896083237089,Q2,-0.006332100146936549,0.020622261721386845,0.026954361868323395,0.4902494647312315,0.6239573822095014,False,not_significant,0.00023148043425865025
2755,Kevin Martin,712.0,21.0,1785.8904990412602,1668.9637999070958,123.44662318896548,13.53150909686687,0.173380088748547,0.6443575760412795,-1.0577730025863492,-1.3668570291039916,9.70832695742682e-05,0.000386082415974,0.0002889991463997,Q1,0.0129024383331186,0.03820153090641462,0.02529909257329602,0.17900281596243695,0.8579354905893605,False,not_significant,0.0003981014860001791
77149,George Johnson,540.0,20.0,1323.26703240376,1327.036043220411,-21.64425902238771,6.859272790793543,-0.0400819611525698,0.3429636395396772,-0.8781427164069306,-1.25806569278208,-3.0290153212507368e-05,0.0002584433492155,0.000288733502428,Q2,-0.0017965689946006546,0.02753974757620764,0.029336316570808294,0.23043529476361121,0.8177535377410698,False,not_significant,0.00026021233278874785
202685,Jonas Valanciunas,1002.0,71.0,1715.3978816527238,1726.7216368342886,87.25167108568351,41.43347573921858,0.0870775160535763,0.5835700808340645,-0.9464483703076514,-1.7584065076958946,5.076228493979503e-05,0.0003379641908605,0.0002872019059207,Q1,0.007214954934865541,0.03328925702719707,0.02607430209233153,0.40492130730319237,0.6855353556801521,False,not_significant,0.00034175518119891233
101108,Chris Paul,1368.0,150.0,1993.635820230539,1990.1501952273427,39.51447871347323,89.94272373518233,0.028884852860726,0.5996181582345489,-0.2443965975365395,-0.5766334539216562,1.4488530235871202e-05,0.0003012929173247,0.0002868043870889,Q1,0.004254210030679413,0.03202599792632115,0.027771787895641737,0.4659894618023969,0.6412230437022328,False,not_significant,0.00030164107733931774
1710,Mike Bibby,1000.0,105.0,1767.6958622984755,1730.8259206826756,2.335758340132416,52.14894654466143,0.0023357583401324,0.4966566337586802,-0.9889687348956008,-0.3527639621946628,1.3213575875520285e-06,0.000286947767435,0.0002856264098475,Q1,0.002427146552264464,0.028118891018423575,0.025691744466159107,0.3899470296193585,0.6965757165649297,False,not_significant,0.0002869508097598002
77419,John Lucas,912.0,45.0,1625.6991441839864,1617.8116575827291,-27.63732024762727,19.164462048220955,-0.0303040792188895,0.4258769344049101,-1.2674047356959124,-2.2273244349342742,-1.8640644135973e-05,0.0002632425921823,0.0002818832363183,Q2,-0.00032198352775228596,0.02924936304461451,0.029571346572366798,0.23825469232249696,0.8116835598379176,False,not_significant,0.00026390175435692104
1891,Jason Terry,1407.0,124.0,1736.087352474466,1748.3959781107565,-95.15970202115597,50.77264293177952,-0.067633050477012,0.4094567978369316,-0.9140013714742188,-1.1673477058730335,-3.895717020264784e-05,0.0002341899678123,0.0002731471380149,Q2,-0.0035597039405894167,0.02722566013750218,0.030785364078091598,0.5634752979087373,0.5731112762014801,False,not_significant,0.00023740809197271304
201143,Al Horford,1183.0,199.0,1772.955206211428,1778.3491598705289,32.12827897751585,101.83633483376305,0.0271583085186101,0.5117403760490605,-0.6081853821646429,-1.4681468685635235,1.5318101903230772e-05,0.0002877614742913,0.000272443372388,Q1,0.003404572387194416,0.03168658865470904,0.02828201626751462,0.5705526297159287,0.5683029367937885,False,not_significant,0.00028816889202726287
271,Johnny Newman,1156.0,39.0,1524.233435759505,1569.431597854719,14.372666043557192,16.814969049999377,0.0124331021138038,0.4311530525640866,-1.1980409763571265,-2.1350679802894432,8.156954061048105e-06,0.0002747192379415,0.0002665622838805,Q1,0.0016074262724074604,0.030448722133742,0.028841295861334538,0.22321927358824392,0.8233648521983337,False,not_significant,0.00027484030926105534
77043,Lionel Hollins,584.0,77.0,1520.7753974462703,1524.076755552783,-42.9313999840934,25.452325144877797,-0.0735126712056393,0.3305496772062051,-1.1462596327244885,-2.321374472300596,-4.833894033864828e-05,0.0002168851903304,0.000265224130669,Q2,-0.0029105856843320674,0.02590286958899097,0.028813455273323033,0.2564650132334748,0.7975917925928915,False,not_significant,0.00022220674818222157
1628378,Donovan Mitchell,609.0,81.0,1948.1884686175767,1949.1923649117623,434.248544210253,99.57687586308316,0.7130517967327635,1.229344146457817,0.5157665155969535,4.2776842641426045,0.0003660076056392,0.00063069411136,0.0002646865057207,Q1,0.04602612343960139,0.06694803195593937,0.020921908516337982,0.18664502956650372,0.8519389585911923,False,not_significant,0.0007292027355200474
77820,John Paxson,744.0,119.0,1500.9625605349947,1492.4587053530588,-41.91369267071884,39.93224525642925,-0.0563356084283855,0.3355650861884811,-0.8344588626057119,-1.4100444044575668,-3.753298710415907e-05,0.0002248404495111,0.0002623734366153,Q2,-0.0032875394585769263,0.022559344861069388,0.025846884319646317,0.7106262685852306,0.4773158605034419,False,not_significant,0.00022795164587542348
78633,Danny Young,573.0,52.0,1410.096317857301,1421.2128552488507,-89.40028720703202,11.142278648415004,-0.1560214436422897,0.2142745893925962,-0.7936649640096632,-0.7992275440608911,-0.0001106459478451,0.0001507688229818,0.000261414770827,Q2,-0.01059081762190107,0.01490812818111673,0.025498945803017797,0.618487669281731,0.5362539235282946,False,not_significant,0.0001870127368867103
959,Steve Nash,1209.0,119.0,1823.847955322548,1843.8432514271524,194.9526041698114,76.50580259368822,0.1612511200742857,0.6429059041486405,-0.3741400341485967,-1.147975877061338,8.841258922033793e-05,0.0003486770926167,0.0002602645033964,Q1,0.011909893113103493,0.03409583259389104,0.022185939480787547,0.40125966400013463,0.6882289574507976,False,not_significant,0.00035971169128661776
769,B.J. Armstrong,744.0,105.0,1568.125630149013,1554.0118049301,-14.9020725742544,39.649227938321175,-0.0200296674385139,0.3776116946506778,-0.8674746790802089,-1.5627422917898892,-1.2772999212193629e-05,0.0002429915226208,0.000255764521833,Q2,-0.00014565076920368953,0.02204220619270513,0.02218785696190882,0.4583802562629993,0.646679273825888,False,not_significant,0.00024332700132630053
78331,Mychal Thompson,911.0,102.0,1622.8744760496268,1554.1073584735177,-18.925939056525877,38.15958673814474,-0.0207749056602918,0.3741135954720072,-0.9891389311754212,-1.266531296175885,-1.280130162060455e-05,0.0002407257088335,0.0002535270104541,Q2,0.0010887914554803405,0.02192762198532905,0.02083883052984871,0.37010047967623677,0.7113076247216785,False,not_significant,0.00024106584207757994
187,Terry Cummings,1172.0,109.0,1787.1143980216502,1783.4440807342023,-39.20266263630498,45.2961310060133,-0.0334493708500895,0.4155608349175532,-0.923931942900031,-1.2118417430428825,-1.8716972392544257e-05,0.0002330102969903,0.0002517272693828,Q2,-0.0002650715047488884,0.021977824534117476,0.022242896038866367,0.47532996972701935,0.6345518009262201,False,not_significant,0.0002337608255440827
173,Keith Askins,486.0,25.0,1370.81274879357,1426.529437697876,-70.81657328622087,5.036802067055715,-0.1457131137576561,0.2014720826822286,-0.8523099524043257,-0.3443448167534906,-0.0001062968767148,0.0001412323344741,0.000247529211189,Q2,-0.010042402315354422,0.015309973300804514,0.025352375616158936,0.6262462289234838,0.5311534493841652,False,not_significant,0.0001767642449714462
201587,Nicolas Batum,1203.0,79.0,1615.985691874512,1585.388067183854,-64.40315026451852,26.4991140634231,-0.0535354532539638,0.3354318235876342,-0.9485181067989752,-0.5309352098274671,-3.312866786082974e-05,0.0002115771088043,0.0002447057766651,Q2,-0.0031112737274594745,0.025881475076215747,0.028992748803675222,0.4819664036376139,0.629829812692104,False,not_significant,0.0002141550410432119
77547,Billy McKinney,471.0,19.0,1436.9365432405043,1459.032572162245,-87.22525996607209,3.1963244692905786,-0.1851916347474991,0.1682276036468725,-1.1656574686778722,-2.034306521755737,-0.000128879480182,0.0001153007868752,0.0002441802670573,Q2,-0.011644458022503528,0.013484762016076547,0.025129220038580074,0.14589112741612745,0.8840073359436856,False,not_significant,0.00017292828532667183
251,Sean Elliott,740.0,85.0,1674.5696379404612,1673.438027767187,79.27079383528795,43.697377180352426,0.1071226943720107,0.5140867903570874,-0.781949683463339,0.2520815897562658,6.397028343578474e-05,0.000307203960844,0.0002432336774082,Q1,0.008678994074303762,0.0323589742501935,0.02367998017588974,0.36517849099363486,0.7149781729480738,False,not_significant,0.00031379367540008914
200757,Thabo Sefolosha,867.0,94.0,1499.920903121996,1496.10702214583,-50.36237994244091,28.714103739774878,-0.0580880968194243,0.3054691887210093,-0.8646209999307402,-1.595295242290574,-3.872744002601566e-05,0.00020417602765,0.000242903467676,Q2,-0.0035770576421394994,0.021889796244957887,0.025466853887097386,0.5355395884965911,0.5922767900832662,False,not_significant,0.00020781642109780977
77721,Norm Nixon,742.0,58.0,1686.2300822401926,1700.4540319898986,45.54293615885525,27.39584044955315,0.0613786201601822,0.4723420767164336,-0.4407026641689635,2.2698970455845693,3.639990817779711e-05,0.0002777740931718,0.000241374184994,Q1,0.006916305962099993,0.030569113550118213,0.02365280758801822,0.21385676419716568,0.8306587573484523,False,not_significant,0.00028014888925849386
2575,Luke Walton,558.0,87.0,1449.7073753543343,1474.3847282170832,-95.13308603590404,15.643739990637156,-0.1704894014980359,0.1798131033406569,-0.9242215121441668,-1.277213269211027,-0.0001176026309836,0.0001219580614878,0.0002395606924714,Q2,-0.011980649050242834,0.01375863193252554,0.02573928098276837,0.5246940748558697,0.5997958769338925,False,not_significant,0.00016942298420263645
1627884,Derrick Jones Jr.,541.0,50.0,1486.6527243809362,1510.3244479711093,87.46270007384243,25.67611541655407,0.1616685768462891,0.5135223083310814,-0.7148075012632287,-1.5918951867188256,0.0001087466993433,0.000340007942678,0.0002312612433346,Q1,0.011649032587773842,0.03415730424060734,0.0225082716528335,0.38132933585317047,0.7029588883163351,False,not_significant,0.00035697513317062887
203145,Kent Bazemore,626.0,39.0,1470.9051327975085,1454.6613031179236,-27.821442176951457,11.360484545258242,-0.0444431983657371,0.2912944755194421,-0.89443001724765,-1.9639707618735485,-3.021486387854995e-05,0.0002002490029088,0.0002304638667873,Q2,-0.0023158188781125097,0.017233940200377225,0.019549759078489735,0.2458301632054533,0.8058137065493589,False,not_significant,0.0002025156812821365
77449,Moses Malone,1288.0,94.0,1885.37245004933,1914.5929054057365,-39.404238945208974,38.38303526304637,-0.0305933532183299,0.4083301623728337,-0.9407394141126156,0.8637887453592764,-1.622668943610027e-05,0.000213272576755,0.0002294992661911,Q2,0.0001838799630022884,0.02216743670528372,0.02198355674228143,0.1677844723818333,0.8667528385629253,False,not_significant,0.00021388898392804854
95,Mark Bryant,793.0,79.0,1396.0220501629049,1381.710859787439,-75.31853422929353,16.765684483456027,-0.0949792361025139,0.2122238542209623,-0.6553392126330371,-0.8102779986600633,-6.803562743971743e-05,0.0001535949816979,0.0002216306091377,Q2,-0.006448958240880041,0.015030967984890184,0.021479926225770225,0.6291442455248613,0.5292546261339245,False,not_significant,0.00016798888357237888
754,Jim Jackson,884.0,48.0,1655.0937865282172,1612.6396375309878,49.66112064124504,19.731341186469315,0.0561777382819514,0.411069608051444,-1.1183819817087624,-1.7559149102276783,3.39423292741566e-05,0.0002549048147426,0.0002209624854684,Q1,0.005663815519442588,0.02570362766091171,0.020039812141469122,0.2828869097709339,0.7772635293955112,False,not_significant,0.00025715471276162625
201150,Spencer Hawes,683.0,33.0,1546.213163121952,1507.6115581336962,26.88095422664952,12.201279696683324,0.0393571804196918,0.3697357483843431,-0.9443010127876994,-1.4593967310388116,2.545391628941117e-05,0.0002452460293167,0.0002197921130273,Q1,0.0035469071381406523,0.022932229114966896,0.019385321976826242,0.19988407123870952,0.8415712483629294,False,not_significant,0.00024656341324307636
1628379,Luke Kennard,538.0,39.0,1525.2578099204695,1535.7411609467235,102.76792279711438,20.44616562581677,0.1910184438608074,0.524260657072225,-1.1079827201765018,-2.455243510865577,0.0001252368239771,0.0003413730584319,0.0002161362344547,Q1,0.013994045791955291,0.034388434754129116,0.020394388962173826,0.2233027033432076,0.8232999234212167,False,not_significant,0.00036362044373635066
2570,Kendrick Perkins,776.0,141.0,1466.2659101085464,1517.4742281108292,-141.1856706597875,19.6172414822666,-0.1819402972419941,0.1391293722146567,-0.7876516938902887,-0.969156429986158,-0.0001240841077922,9.168483367777852e-05,0.00021576894147,Q2,-0.012417606531875484,0.00796065080858875,0.020378257340464234,0.5501940898466608,0.5821862568422538,False,not_significant,0.00015428212642139795
673,Alan Henderson,652.0,34.0,1487.2607936912984,1481.733428460468,-69.38055505605,7.244305193319474,-0.1064118942577454,0.2130677998035139,-0.8839314343857685,-1.3538656151551465,-7.154891375414867e-05,0.0001437963102613,0.0002153452240154,Q2,-0.006883713013400154,0.012683641647608424,0.019567354661008576,0.25965483855795024,0.7951300315940426,False,not_significant,0.00016061328059709963
703,Kurt Thomas,1107.0,95.0,1552.8001861999585,1523.7861379435635,-62.65361921034586,25.356411719932392,-0.0565976686633657,0.2669095970519199,-0.9359456953732956,-1.5484066671383012,-3.644877761244516e-05,0.0001751621112737,0.0002116108888862,Q2,-0.003004828371799585,0.017460469737113835,0.02046529810891342,0.40904335761941574,0.6825078428438884,False,not_significant,0.0001789141654964792
201953,Eric Maynor,267.0,23.0,1435.5682781740977,1433.8648602478188,-58.46237462081366,1.8146320189998637,-0.2189602045723358,0.0788970443043418,-1.2079986449595703,-1.0790997938960705,-0.0001525251065388,5.502404479785208e-05,0.0002075491513367,Q2,-0.014523130971462114,0.006496436881234261,0.021019567852696378,0.25235084790600015,0.8007698885668582,False,not_significant,0.00016214670403862154
1717,Dirk Nowitzki,1522.0,145.0,1971.7251452422245,2036.265084927272,38.09429142303215,63.88356106231794,0.025029100803569,0.4405762831883996,-0.3816947309632279,1.2008602730875677,1.269401106131062e-05,0.000216364895931,0.0002036708848697,Q1,0.003281874508608819,0.025265438586077264,0.021983564077468445,0.3569321615097076,0.7211425920024388,False,not_significant,0.0002167369514135906
77167,Vinnie Johnson,970.0,116.0,1591.2817284479463,1606.1232256478288,74.94639781398809,46.93551888286915,0.0772643276432866,0.4046165420936995,-0.9658423400409978,-0.8985866693904903,4.855477585269976e-05,0.0002519212322146,0.0002033664563619,Q1,0.006449812447529378,0.024788533494537694,0.018338721047008316,0.3745375130632384,0.7080044527171928,False,not_significant,0.0002565577391127158
201973,Jonas Jerebko,632.0,48.0,1440.8988028012627,1406.7778783575272,-32.75056309011468,11.275054770128673,-0.0518205112185358,0.2348969743776806,-0.8701301498840057,-1.077781695474198,-3.596401851246682e-05,0.0001669751692796,0.0002029391877921,Q2,-0.002794629290813101,0.016897055586925096,0.0196916848777382,0.4643376454930215,0.6424058566651938,False,not_significant,0.00017080432600937289
1474,Larry Krystkowiak,416.0,20.0,1478.0277460080133,1569.7124122322575,5.484861754851768,6.598749488195423,0.0131847638337782,0.3299374744097711,-1.222554843806513,-3.093181537905433,8.920511722049098e-06,0.000210189759499,0.000201269247777,Q1,0.00141277802194827,0.03116802593645187,0.029755247914503596,0.1863282249011282,0.8521873747497868,False,not_significant,0.0002103789688339371
1559,Adrian Griffin,459.0,46.0,1458.2630791162017,1465.7906870521854,-53.63653517450286,8.04823158191379,-0.1168551964586118,0.1749615561285606,-1.177228644458913,-0.8643876566140922,-8.013313793107443e-05,0.0001193632608489,0.00019949639878,Q2,-0.006953624929582715,0.013850039008671638,0.020803663938254353,0.455601250543891,0.6486767437207861,False,not_significant,0.00014376685235186566
203085,Austin Rivers,702.0,65.0,1472.0001260121066,1479.1195396896069,-48.980092607505206,14.313615881553906,-0.0697722116916028,0.2202094751008293,-1.0771079267112342,-1.4826441627484397,-4.739959627627709e-05,0.000148878754686,0.0001962783509623,Q2,-0.0039882247345721985,0.015730655480760695,0.019718880215332895,0.3487078097374111,0.7273086805525837,False,not_significant,0.00015624213683897257
1904,Devean George,620.0,84.0,1455.8532716613286,1483.5323450699602,-82.30731666450868,12.741469646049646,-0.1327537365556591,0.1516841624529719,-0.8984322370960603,-0.6054617982569612,-9.118620615123451e-05,0.0001022452681648,0.0001934314743161,Q2,-0.008952526573300671,0.009419195282628273,0.018371721855928943,0.46538403611704954,0.6416564642003578,False,not_significant,0.00013700006954139589
1737,Nazr Mohammed,994.0,83.0,1493.1708884046209,1483.2221646814785,-122.97477690345148,13.565316941105364,-0.1237170793797298,0.1634375535072935,-0.9903502958284454,-1.1155198624334748,-8.285527151678898e-05,0.0001101908786148,0.0001930461501316,Q2,-0.008286213920368464,0.008699667203883488,0.016985881124251954,0.3872673818770688,0.6985582706583435,False,not_significant,0.00013786597023204245
201153,Julian Wright,225.0,15.0,1438.1517459211102,1501.525597038352,-50.43243819906578,0.8129057375800404,-0.2241441697736257,0.0541937158386693,-1.182237930168878,-1.621979101944834,-0.0001558557157889,3.6092435550590975e-05,0.0001919481513395,Q2,-0.015324708257852336,0.00433019921794973,0.019654907475802064,0.1755290194850841,0.8606639704844571,False,not_significant,0.00015998021142642592
1889,Andre Miller,1303.0,67.0,1765.9697464510975,1765.1366652881768,-26.26502541757377,21.269974749171343,-0.0201573487471786,0.3174623096891245,-0.6278730986667989,-0.7010524696028617,-1.1414322803483448e-05,0.0001798514052379,0.0001912657280414,Q2,-0.0001539110053473481,0.01701935378892751,0.01717326479427486,0.23814551785275806,0.8117682319459372,False,not_significant,0.00018021324793452185
202708,Norris Cole,358.0,67.0,1479.2885324618678,1482.7721452240307,49.65718710785005,28.00798846627445,0.1387072265582403,0.4180296786011112,-0.8251478054436727,-0.8648930689311236,9.376617442399856e-05,0.0002819244210565,0.0001881582466325,Q1,0.010453203579860555,0.02853304672094721,0.018079843141086654,0.35145696943612537,0.7252455493455717,False,not_significant,0.00029710852336167407
1629162,Jordan McLaughlin,330.0,25.0,1418.295250120449,1412.8785393222656,-102.26012654633666,-1.184467497064373,-0.3098791713525353,-0.0473786998825749,-0.8450483394476332,-0.6824904088445092,-0.0002184870684197,-3.353345568211525e-05,0.0001849536127376,Q3,-0.021283004003259522,-0.0038712442559407784,0.017411759747318744,0.3199459416376277,0.7490093104468538,False,not_significant,0.0002210454516985569
702,Voshon Lenard,563.0,31.0,1600.632236989786,1661.9451127244056,122.84380308582112,16.364278407579764,0.2181950321240162,0.5278799486316053,-1.0948264103461436,0.3013220132294546,0.0001363180292647,0.0003176277872175,0.0001813097579527,Q1,0.015913842298386036,0.041265765044574965,0.02535192274618893,0.11685714101001367,0.9069732619037292,False,not_significant,0.00034564434946241646
365,Derrick McKey,934.0,141.0,1675.9279369023466,1639.147650648412,-84.41830672244875,29.031212464421728,-0.0903836260411656,0.205895123861147,-0.9326864472497264,-0.8682135778684086,-5.393049668246695e-05,0.0001256110904833,0.0001795415871658,Q2,-0.004447598057324741,0.00971218815583821,0.014159786213162951,0.2604662148075099,0.7945041728091491,False,not_significant,0.00013669910213611996
77986,Cliff T. Robinson,613.0,17.0,1684.242514023456,1685.1591010374034,200.0706490098888,10.62801125211693,0.326379525301613,0.6251771324774665,-0.8091594690568173,-2.180743655991561,0.000193784162663,0.0003709899748294,0.0001772058121663,Q1,0.022903887029999896,0.03816990018729491,0.015266013157295014,0.10276556965299133,0.9181490319824217,False,not_significant,0.00041855210323556955
203521,Matthew Dellavedova,473.0,52.0,1456.028136304502,1486.7286954032124,-134.7942838647994,-1.491732704468906,-0.2849773443230431,-0.0286871673936328,-1.1426675935327346,-1.589913825050946,-0.0001957224158087,-1.9295495864396846e-05,0.0001764269199443,Q3,-0.02006597382940496,-0.0008004768273402152,0.01926549700206474,0.26350794892273627,0.7921590976359149,False,not_significant,0.00019667124906972707
280,Felton Spencer,629.0,35.0,1441.4681403016702,1478.3291247391858,-159.1638874189587,-0.1341760535971268,-0.253042746294052,-0.0038336015313464,-1.0732511538399825,-1.6967007921281034,-0.0001755451537354,-2.5931989481860635e-06,0.0001729519547872,Q3,-0.017518428952542197,-0.001780363548671789,0.01573806540387041,0.1961073201510655,0.844526166856697,False,not_significant,0.0001755643063973144
200770,Jordan Farmar,502.0,73.0,1491.4801569066076,1471.6585377983752,18.1970934373504,20.85135317463419,0.0362491901142438,0.2856349749949889,-0.94517906619977,-1.351587485846312,2.4304171896880048e-05,0.0001940905228072,0.0001697863509103,Q1,0.0029630716715083635,0.022049981517007464,0.0190869098454991,0.3444338867600788,0.7305200081608356,False,not_significant,0.0001956062979946334
78423,Danny Vranes,498.0,15.0,1399.9070484722731,1386.3372250234313,-126.96179614097817,-0.3299784127508205,-0.2549433657449361,-0.0219985608500547,-0.8363789716938692,-1.475448905967748,-0.0001821144954039,-1.5868116684007306e-05,0.0001662463787199,Q3,-0.01788125164205078,-0.008303275746088485,0.009577975895962296,0.07253823158781865,0.9421735811832299,False,not_significant,0.0001828045036734992
202324,Derrick Favors,790.0,42.0,1668.3237359924387,1713.5620093009827,14.326713159192078,12.70644553697804,0.0181350799483444,0.3025344175470962,-0.9434040552702068,-2.681493570795148,1.0870240323923914e-05,0.0001765529440457,0.0001656827037218,Q1,0.002090992959834535,0.0191895614743825,0.017098568514547965,0.2034476055098548,0.8387851939395548,False,not_significant,0.00017688726402967494
201565,Derrick Rose,723.0,52.0,1735.2461942199031,1844.6683942239656,124.35833771126912,25.319658290135717,0.1720032333489199,0.4869165055795329,-0.6820998618238656,0.434703903587869,9.912324482938611e-05,0.0002639588270196,0.0001648355821902,Q1,0.01389381159371067,0.03321133557669869,0.019317523982988017,0.12700985318372934,0.8989325999971658,False,not_significant,0.0002819568761833439
210,Terrell Brandon,723.0,38.0,1836.159508556324,1574.7934168220595,391.9496040294965,27.46469076781289,0.5421156348955692,0.7227550202056023,-0.1401849902889087,-2.1861458275700665,0.000295244303324,0.0004589522743015,0.0001637079709774,Q1,0.03538242644810004,0.024385400829408564,-0.010997025618691475,-0.12571718097463108,0.8999558013212628,False,not_significant,0.0005457163995444827
953,Lorenzen Wright,775.0,15.0,1543.6586645341836,1569.536606117677,-51.71781948850712,2.601885687319252,-0.0667326703077511,0.1734590458212834,-1.3477884105493971,-1.1202458629925274,-4.3230198385786576e-05,0.0001105160880894,0.0001537462864752,Q2,-0.0036258996119217022,0.013822510044925494,0.017448409656847196,0.08998304666372271,0.9283006869724285,False,not_significant,0.00011867036605260171
1627832,Fred VanVleet,545.0,60.0,1785.565294161678,1616.729248306301,285.5941869188404,42.96527903139887,0.5240260310437438,0.7160879838566477,-0.1804116457611917,-1.864822499363325,0.0002934790638892,0.0004429238752294,0.0001494448113401,Q1,0.03516300164365153,0.036274290044857806,0.0011112884012062796,0.015117289131897199,0.9879386078054286,False,not_significant,0.0005313299541617339
219,Vinny Del Negro,768.0,54.0,1553.944894209816,1603.8502389544692,-18.10756149663697,11.110259188779944,-0.0235775540320793,0.2057455405329619,-1.3168081166557664,-1.546122878519193,-1.517270922536067e-05,0.0001282822644756,0.000143454973701,Q2,-0.000648330104360763,0.012799046742201394,0.013447376846562156,0.1813198300295753,0.8561165418899985,False,not_significant,0.0001291764316128338
1631119,Jaylin Williams,230.0,44.0,1445.363560919568,1489.5649289354358,65.86627674165415,22.25663987049108,0.2863751162680615,0.5058327243293427,-0.7190865678517396,-0.9612831982103428,0.0001981336211948,0.0003395842064372,0.0001414505852424,Q1,0.020137319180244997,0.03683308919991231,0.016695770019667308,0.25945069566025303,0.7952875189308499,False,not_significant,0.00039315946524196433
913,Larry Johnson,705.0,66.0,1808.1343550236843,1727.0692254271146,152.41459766395005,29.5073693879178,0.2161909186722695,0.4470813543623909,-0.9335512643078636,0.7870691203938531,0.0001195657380612,0.0002588670724833,0.0001393013344221,Q1,0.016677074047985057,0.028224466362750476,0.011547392314765419,0.12409946443684626,0.9012365221998511,False,not_significant,0.0002851457994328403
1365,Xavier McDaniel,867.0,50.0,1701.366225645034,1733.673135426298,-39.61825681915643,9.470534801767288,-0.0456957979459705,0.1894106960353457,-1.2346427483439557,-1.635867495180907,-2.6858296148817687e-05,0.0001092539834441,0.0001361122795929,Q2,-0.0013869652963108812,0.01484491658700336,0.01623188188331424,0.14338295641528387,0.8859877427005562,False,not_significant,0.00011250689299070201
77331,John Lambert,392.0,22.0,1184.7075286263112,1180.7424023267424,-18.14814311496938,2.2950474720014804,-0.0462962834565545,0.1043203396364309,-0.8038559785065601,-1.003898150061958,-3.907823858453561e-05,8.83514807555482e-05,0.00012742971934,Q2,-0.0031765985778157684,0.006957732719614767,0.010134331297430535,0.1327257429608177,0.8944102830421513,False,not_significant,9.660793384897481e-05
77034,Craig Hodges,683.0,100.0,1482.99646438699,1483.8730314294537,-55.00116487306646,10.374517140796062,-0.0805287919078571,0.1037451714079606,-0.9231702017581556,-1.248242558106802,-5.4301405189893344e-05,6.991512697553388e-05,0.0001242165321654,Q2,-0.00423515142702247,0.004573432233596458,0.008808583660618928,0.20446344341890882,0.8379913564594852,False,not_significant,8.85255194031755e-05
117,Jeff Malone,870.0,51.0,1733.3263491001253,1747.523083505964,88.06573588259927,15.89286171855966,0.1012249837731026,0.3116247395796012,-0.9082887043112676,-2.2064778814028405,5.839926441183718e-05,0.000178323675676,0.0001199244112642,Q1,0.008798776832237603,0.014358232995624647,0.005559456163387044,0.04962980427332869,0.9604173955154007,False,not_significant,0.00018764276535598943
954,Kerry Kittles,507.0,54.0,1716.7687909144074,1701.0349102693222,244.9910313476637,36.64225390268731,0.4832170243543662,0.6785602574571724,-0.648414182179692,-1.3543578812063493,0.0002814689007114,0.0003989102477325,0.000117441347021,Q1,0.0344746358292917,0.04157925845967086,0.007104622630379153,0.07736668247675527,0.9383318448470414,False,not_significant,0.00048821524742032426
76985,Garfield Heard,349.0,25.0,1370.760064352052,1378.3539886865242,-21.2810989579851,2.38373621453948,-0.060977360911132,0.0953494485815791,-1.188492109226302,-0.8592821172583379,-4.448434302757108e-05,6.917631418648891e-05,0.000113660657214,Q2,-0.0017064344514749023,0.010650489619513526,0.012356924070988429,0.10197645845465465,0.9187753610851258,False,not_significant,8.224487351210674e-05
273,Duane Ferrell,575.0,34.0,1429.7065779684012,1473.2787661755292,-73.60154947273523,1.1519638187511454,-0.1280026947351917,0.0338812887867983,-1.0793905199032376,-1.7368878867059565,-8.953074477497492e-05,2.299720159189596e-05,0.0001125279463668,Q2,-0.008718838711866286,0.0009459560151902366,0.009664794727056522,0.17343130133880316,0.8623124229750645,False,not_significant,9.243714373032088e-05
393,Rod Strickland,1093.0,52.0,1774.5556318199758,1682.396838928027,74.56698589568528,13.199828552747777,0.0682223109750094,0.253842856783611,-0.8187762304503883,-0.6127552603126076,3.844472934615238e-05,0.000150881677206,0.0001124369478598,Q1,0.00594449297792513,0.006467603022389518,0.0005231100444643886,0.006098179435025895,0.9951343869367074,False,not_significant,0.00015570252962297847
739,Rasheed Wallace,1108.0,177.0,1758.4354871004675,1766.0829051266105,64.28353656093775,43.64003735129575,0.0580176322752145,0.2465538833406539,-0.8408028578203863,-0.4095356602266939,3.299389298090283e-05,0.0001396049316965,0.0001066110387156,Q1,0.005479764533970834,0.014995054986535831,0.009515290452564997,0.19327768326863415,0.846741502966587,False,not_significant,0.0001434508066482015
296,Rick Fox,929.0,111.0,1565.9325229689532,1566.170367128568,42.68925107839472,22.80107839152228,0.0459518310854625,0.2054151206443449,-0.9910300687579484,-1.202134743545754,2.9344707010963344e-05,0.0001311575834632,0.0001018128764522,Q1,0.004606835775017035,0.009623319931128228,0.005016484156111193,0.11598169013414555,0.9076670530103157,False,not_significant,0.00013440023634453012
78,LaSalle Thompson,900.0,28.0,1475.9694055812724,1420.8318885739336,-155.41473494591705,-0.6149133541956948,-0.1726830388287967,-0.0219611912212748,-1.0056351982083058,-0.5649904105015391,-0.0001169963538375,-1.545657258813139e-05,0.0001015397812494,Q3,-0.012323891209717127,0.0015743057584927998,0.013898196968209925,0.14880221084330975,0.8817097060626595,False,not_significant,0.00011801293339054698
897,Tim Perry,470.0,23.0,1470.7575215972463,1446.5757198390884,-41.81391886458972,1.2165131064975214,-0.088965784818276,0.0528918741955444,-1.281788234012463,-2.088225330215949,-6.048977041549237e-05,3.65635019793004e-05,9.705327239479278e-05,Q2,-0.005440855410526946,-4.7585995337540625e-05,0.0053932694151894054,0.04724659492758365,0.9623166915807215,False,not_significant,7.068169495639787e-05
201158,Marco Belinelli,856.0,65.0,1529.7919205107517,1571.020957835747,2.670739825865579,10.0856549117431,0.0031200231610579,0.1551639217191246,-0.8134323110190882,-2.2351493399749423,2.0395081966547694e-06,9.876629649351071e-05,9.672678829685595e-05,Q1,0.0008488867554432855,0.011715966104067655,0.01086707934862437,0.16142611315829636,0.8717578010498142,False,not_significant,9.878735200787745e-05
2207,Joe Johnson,1277.0,120.0,1738.7026198773049,1766.7228508744574,51.77545401018112,25.334425579909784,0.0405445998513556,0.2111202131659148,-0.9606697718885192,-1.185810374677851,2.3318881209379395e-05,0.0001194982071248,9.617932591542165e-05,Q1,0.0041423387096149724,0.014432400931469127,0.010290062221854156,0.14903431480525228,0.8815265560233647,False,not_significant,0.00012175217339702297
7,Dan Schayes,1120.0,69.0,1426.625723916986,1447.8536957874437,-53.08377497673999,6.047827177241925,-0.0473962276578035,0.0876496692353902,-1.0174472908992165,-1.6146444105851532,-3.322260832902345e-05,6.053765618059926e-05,9.37602645096227e-05,Q2,-0.0025892483036624022,0.004351871076261348,0.0069411193799237495,0.12553636865419635,0.9000989347398459,False,not_significant,6.905468499692216e-05
349,Mark Jackson,1295.0,131.0,1696.6917363778025,1700.644636299092,21.51899020720869,22.90855477034392,0.0166169808549874,0.1748744638957551,-1.0068985620252071,-1.42210208124955,9.79375363167756e-06,0.0001028283394209,9.303458578925717e-05,Q1,0.0024466175951190416,0.013563222565822635,0.011116604970703593,0.1844462884571338,0.853663359740924,False,not_significant,0.00010329368324470676
200797,Ryan Hollins,500.0,30.0,1359.0463696627176,1342.5764054454191,-97.23739487454424,-2.044813047455519,-0.1944747897490884,-0.0681604349151839,-0.7308947622862182,-0.247417987005645,-0.0001430965080296,-5.076838430850478e-05,9.232812372113102e-05,Q3,-0.013858558382934998,-0.0052673063078761285,0.00859125207505887,0.29905392916021883,0.7648988977141737,False,not_significant,0.0001518355671625111
203382,Aron Baynes,516.0,52.0,1453.6540557994008,1453.2657638192172,-9.44642530450311,6.014182786524275,-0.0183070257839207,0.1156573612793129,-0.7082339982133025,-0.9065642545545576,-1.2593798167372954e-05,7.958445327671014e-05,9.21782514440831e-05,Q2,-0.0010197471936717133,0.009378562824094596,0.010398310017766308,0.24641026193392096,0.8053646632288836,False,not_significant,8.057474142455182e-05
708,Kevin Garnett,1462.0,143.0,1975.1126612455528,1895.1734692772864,40.43124459578907,27.714501732254234,0.0276547500655191,0.1938077044213582,-0.4804436139732467,0.5804486440121268,1.4001606393469956e-05,0.0001022638336612,8.826222726776514e-05,Q1,0.0026618582075242985,0.014082625861860099,0.0114207676543358,0.22515503788830557,0.8218586659474781,False,not_significant,0.0001032179086044822
77146,Frank Johnson,584.0,54.0,1528.9905421211756,1367.588446780039,-78.72232168480842,-0.1406964140553408,-0.1347984960356308,-0.0026054891491729,-0.9523015580846672,-1.255243747595079,-8.816175922751247e-05,-1.9051704884664336e-06,8.625658873904604e-05,Q3,-0.007560226810855182,-0.005891262646212066,0.0016689641646431166,0.015597644339587215,0.9875553849997515,False,not_significant,8.818234213650714e-05
204,Jeff Hornacek,1076.0,140.0,1779.6927766129097,1774.5531891674832,202.2271996348823,47.29601975675444,0.1879434940844631,0.337828712548246,-0.5204467599319977,-0.6454107449596848,0.0001056044596877,0.0001903739570109,8.4769497323181e-05,Q1,0.013369183386662022,0.01987416836624275,0.006504984979580728,0.11824374676956553,0.9058745281583577,False,not_significant,0.00021770288333855173
101132,Linas Kleiza,397.0,25.0,1499.226229161252,1531.8017095712155,31.49956611960648,5.252047729990668,0.0793439952634924,0.2100819091996267,-1.2694187632643414,-2.1881209270811324,5.2923297178359606e-05,0.0001371469348068,8.422363762851772e-05,Q1,0.0064750654930697555,0.010382657949017705,0.003907592455947948,0.04230155631550273,0.9662583046380286,False,not_significant,0.00014700393569945538
76874,Rickey Green,918.0,55.0,1578.4226773352968,1635.0686011274447,31.046540712851467,9.313586510059242,0.0338197611251105,0.1693379365465316,-0.9664244121733104,-2.431796322792972,2.1426302099387767e-05,0.0001035662579721,8.213995587276487e-05,Q1,0.0035418280247005666,0.005368724913461988,0.0018268968887614218,0.020737070415376375,0.9834553974562423,False,not_significant,0.00010575942611416628
378,Craig Ehlo,860.0,76.0,1569.9076816867992,1601.9982070937244,8.922348242966466,10.639412167291985,0.0103748235383331,0.139992265359105,-0.8922585739780231,-2.000117779852936,6.60855645166714e-06,8.73860312322527e-05,8.077747478058556e-05,Q1,0.0015916838443860183,0.008348907981602339,0.006757224137216321,0.09176934836090506,0.9268812977338001,False,not_significant,8.76355605499224e-05
101130,Johan Petro,472.0,21.0,1368.526097793921,1353.8089868510692,-97.67424616655867,-2.019280203701296,-0.2069369622172853,-0.0961562001762521,-0.8201978159722307,-0.5216033590617326,-0.0001512115571276,-7.10264159199515e-05,8.018514120772767e-05,Q3,-0.01461870168178575,-0.0060790380293382126,0.008539663652447538,0.28908315674378227,0.772517742568537,False,not_significant,0.00016706192494816817
990,Malik Rose,803.0,79.0,1477.1912610903826,1554.5046602307427,-119.33768106706503,-2.62437793302382,-0.148614795849396,-0.0332199738357445,-0.9775733469207922,-1.3543424377985376,-0.0001006063329535,-2.1370134606617103e-05,7.92361983469753e-05,Q3,-0.010396323921686839,-0.003052051544050461,0.007344272377636378,0.13784360769611986,0.890364019340699,False,not_significant,0.00010285094498085777
202083,Wesley Matthews,986.0,68.0,1609.8537216314137,1534.3554279498285,-80.01781418755252,2.9891835673719305,-0.081153969764252,0.0439585818731166,-0.970526542682596,-0.1358965145963127,-5.041077252783639e-05,2.864954304091921e-05,7.906031556875561e-05,Q2,-0.005251511098426732,0.010689832466479294,0.01594134356490603,0.17972600724856178,0.857367675062031,False,not_significant,5.798312084828435e-05
2030,Kenyon Martin,757.0,112.0,1665.9516587706482,1690.2080235262931,61.28517076550603,24.01497220534572,0.0809579534550938,0.2144193946905868,-1.1474715413040046,-1.0627697636275908,4.8595619824188026e-05,0.000126859766198,7.826414637384602e-05,Q1,0.007938769411437162,0.011519316422208221,0.0035805470107710584,0.05355475425932796,0.9572899056143538,False,not_significant,0.00013584894017219361
77527,Hank McDowell,200.0,15.0,1265.215992881389,1215.4808866271064,-196.35015142972185,-12.728998923780338,-0.981750757148609,-0.8485999282520226,-1.0835328909849204,-1.227369569875027,-0.0007759550643307,-0.0006981598292399,7.779523509081376e-05,Q3,-0.07385694016935966,-0.0688102882517328,0.005046651917626859,0.18439031354711874,0.8537072682068529,False,not_significant,0.001043807170422175
2067,Eddie House,707.0,62.0,1467.7060618411851,1461.4041451450043,45.192617151958544,10.792159754889036,0.063921664995698,0.1740670928207909,-0.7249818263530498,-1.493883291993579,4.3552088975847536e-05,0.0001191094834369,7.555739446106957e-05,Q1,0.0050632481462968655,0.010942414775665486,0.005879166629368621,0.11420907681181117,0.9090720567374045,False,not_significant,0.0001268221333157793
26,Luc Longley,566.0,87.0,1476.9987027804914,1529.7204576020474,1.1196055325478629,9.768942374932866,0.001978101647611,0.1122866939647455,-0.9456896457451426,-0.6908219803175771,1.3392710798508038e-06,7.340340740475124e-05,7.206413632490043e-05,Q1,0.0008568304228374001,0.007716225193557994,0.006859394770720594,0.15550449700155947,0.8764236089732678,False,not_significant,7.341562412493142e-05
203200,Justin Holiday,674.0,22.0,1471.2483189448562,1398.6590295804135,-31.2598222922695,1.1862736828197082,-0.0463795582971357,0.0539215310372594,-0.8487509704450198,-0.556778754800853,-3.152394990017596e-05,3.85523060995327e-05,7.007625599970865e-05,Q2,-0.0027709655843382373,0.005824632766379711,0.008595598350717947,0.15697106369050404,0.8752676531882945,False,not_significant,4.979999721788014e-05
78150,James Silas,354.0,27.0,1592.4802108024624,1639.7597607673536,-35.5272511233604,0.2560319579861909,-0.1003594664501706,0.0094826651105996,-1.62227561618987,-3.1262257747307456,-6.302085625264929e-05,5.782960002727528e-06,6.880381625537682e-05,Q2,-0.004509314580438899,-0.002225802622112783,0.0022835119583261153,0.014433139201354573,0.9884844208809928,False,not_significant,6.32856298792248e-05
200780,Solomon Jones,267.0,15.0,1377.9528615922209,1371.0516852916833,-106.97876481403196,-4.601529524440853,-0.4006695311386964,-0.3067686349627235,-1.0667878992483124,-0.3367962507564742,-0.000290771580296,-0.0002237469515217,6.702462877438038e-05,Q3,-0.02883583474996383,-0.022079102027335835,0.006756732722627994,0.11561220906179388,0.9079598863641658,False,not_significant,0.0003668934589538047
203482,Kelly Olynyk,841.0,57.0,1567.79541826509,1547.6940108970457,39.76889728955192,8.47229312043652,0.047287630546435,0.148636721411167,-1.1124695150844164,-1.202327383916355,3.0161862954519425e-05,9.603753737149694e-05,6.587567441697752e-05,Q1,0.00445888338053149,0.00819920900722383,0.00374032562669234,0.06485160461761287,0.948292153349125,False,not_significant,0.00010066253802318359
2048,Jamaal Magloire,678.0,46.0,1484.5110622861916,1536.301912423018,-101.83212163946872,-2.683001524137671,-0.1501948696747326,-0.0583261200899493,-1.028757144305274,-1.8135536181155605,-0.0001011746382296,-3.79652720720492e-05,6.320936615761008e-05,Q3,-0.010341139628077957,-0.003386126370527062,0.006955013257550896,0.10617160334633187,0.9154462008235121,False,not_significant,0.00010806326528656793
1628425,Sterling Brown,265.0,21.0,1440.552504602509,1458.526487704553,-21.53423030958521,0.2048065002384957,-0.0812612464512649,0.0097526904875474,-0.9751122954975098,-1.2740495685234048,-5.6409777631595125e-05,6.686673550163853e-06,6.309645118175898e-05,Q2,-0.0049923933617849895,0.000842626604191141,0.005835019965976131,0.047609459955499485,0.9620274926264955,False,not_significant,5.6804705928404125e-05
76733,Chris Ford,471.0,41.0,1470.1443613403317,1449.1080341014297,-19.043642031627872,1.7141802533596318,-0.040432361001333,0.0418092744721861,-1.1425544220431494,-0.8754077690207616,-2.75023066200593e-05,2.88517305047663e-05,5.63540371248256e-05,Q2,-0.0007285565911808754,0.003013571033683587,0.0037421276248644627,0.04395821421222935,0.9649377118767014,False,not_significant,3.985974438632817e-05
1761,Greg Buckner,566.0,36.0,1454.7256239981396,1470.4219623362542,-117.72560087980696,-4.601933224731866,-0.2079957612717437,-0.127831478464774,-1.2384585185745385,-2.189862288917811,-0.0001429793755196,-8.693523474151001e-05,5.604414077817888e-05,Q3,-0.014440773495629397,-0.010311155827345653,0.004129617668283745,0.047020084618701,0.962497220020612,False,not_significant,0.00016733450589623242
89,Nick Van Exel,880.0,76.0,1724.8319981722009,1717.1864828654034,48.02674800186944,11.177973421726197,0.0545758500021243,0.147078597654292,-1.43585243073009,-1.2583289720341115,3.164125553094923e-05,8.565091742911207e-05,5.400966189816284e-05,Q1,0.005796262514950919,0.006038753813801321,0.00024249129885040214,0.002833001814023757,0.9977395946154953,False,not_significant,9.130853578950546e-05
77484,Wes Matthews,451.0,38.0,1472.7971809184692,1460.1166083478,17.789749938298698,4.47268232488152,0.0394451218144095,0.1177021664442505,-1.3726088550544675,-1.6663025202711532,2.678245336524251e-05,8.061148388513764e-05,5.3829030519895126e-05,Q1,0.0052124477228347255,-0.000570386675103289,-0.005782834397938015,-0.06548792567789692,0.9477855196127091,False,not_significant,8.494416485212622e-05
1628969,Mikal Bridges,636.0,76.0,1716.7411289315985,1741.4317998665194,306.7924912973257,44.24974856684615,0.4823781309706378,0.5822335337742914,-0.5725267207889171,-2.084910317148103,0.00028098478148,0.0003343418523877,5.335707090770443e-05,Q1,0.03188922437251846,0.03437104619121823,0.0024818218186997676,0.032962342085785634,0.9737046179735839,False,not_significant,0.00043673438344307393
201580,JaVale McGee,905.0,74.0,1519.1517369132805,1509.687912068061,-2.762151183578218,5.60555229328325,-0.003052100755335,0.0757507066659898,-0.8173706758422701,-0.9438162720255032,-2.009082227386002e-06,5.0176401400884254e-05,5.218548362827025e-05,Q2,0.00026888519566288554,0.005880952509791826,0.005612067314128941,0.14697915908996806,0.8831484702889468,False,not_significant,5.02166075012944e-05
2767,Royal Ivey,478.0,16.0,1304.4066748561086,1268.8164468610616,-154.41676503320903,-3.984037406034632,-0.3230476255924875,-0.2490023378771645,-0.5224788341152856,-0.2513010016543422,-0.0002476586725747,-0.0001962477224291,5.141095014555755e-05,Q3,-0.023676662291896414,-0.018768484505448896,0.004908177786447517,0.13622986692605513,0.8916395648669194,False,not_significant,0.0003159873204102841
2730,Dwight Howard,1241.0,125.0,1843.0345065262368,1862.324292529516,69.76435426567274,18.959220532667057,0.0562162403430078,0.1516737642613364,-0.8652509829455389,-1.6046843456847184,3.05020009901847e-05,8.144326145009065e-05,5.094126045990595e-05,Q1,0.005995713551203891,0.002360696776124485,-0.0036350167750794065,-0.06456152665281763,0.9485231180537499,False,not_significant,8.696767732918392e-05
2561,David West,1034.0,118.0,1783.0482126378852,1789.8069131051911,32.682064927839065,14.43226615520221,0.0316074128895929,0.1223073402983238,-0.8263795101419368,-0.6431111885806696,1.7726617073821087e-05,6.833549440600217e-05,5.060887733218108e-05,Q1,0.0028128863661551185,0.009769586056330463,0.006956699690175344,0.14087093634914968,0.8879719025839037,False,not_significant,7.059725737303567e-05
202693,Markieff Morris,791.0,51.0,1577.6737307718893,1480.1566117848038,-76.07457611525203,-0.9079986880789732,-0.0961751910433021,-0.0178038958446857,-1.0854500833621854,-1.30251210760155,-6.096012703225256e-05,-1.20283865254079e-05,4.8931740506844655e-05,Q3,-0.0058539846492443705,-0.0014850313184061642,0.004368953330838206,0.07265114063203304,0.9420837298700171,False,not_significant,6.213549042369413e-05
203115,Will Barton,675.0,29.0,1611.7138744252106,1607.151019739936,80.42549234120986,5.715925825080626,0.1191488775425331,0.1971008905200216,-0.9885981941770956,-2.25138377723313,7.392681755316245e-05,0.0001226399312193,4.871311366619231e-05,Q1,0.008708503101181478,0.020307924139138584,0.011599421037957108,0.09302306289370087,0.925885239122047,False,not_significant,0.00014319820907753424
77618,Steve Mix,509.0,86.0,1464.2478227115032,1467.490675399712,-28.89051236470436,0.7884467540410789,-0.0567593563157256,0.0091679855121055,-0.9532139035703366,-2.166445692996451,-3.8763490329538834e-05,6.247389278714437e-06,4.501087960825327e-05,Q2,-0.002569955460148991,0.0031117519886343457,0.005681707448783336,0.07133410672914463,0.9431318511155039,False,not_significant,3.926369895116922e-05
1847,Thurl Bailey,910.0,69.0,1597.6635989110334,1608.6740919115796,-19.619920780711453,3.2001117721875967,-0.0215603525062763,0.0463784314809796,-0.6539727119348656,-1.5353683715448532,-1.3494926291724894e-05,2.8830222177488047e-05,4.232514846921294e-05,Q2,-0.0004374694299847162,0.0025454197771856415,0.0029828892071703575,0.025577615416037838,0.9795942405386282,False,not_significant,3.183229093895712e-05
1882,Elton Brand,1058.0,38.0,1898.912494779808,1745.459329220028,-0.9401496062474912,2.727874374429901,-0.0008886102138445,0.0717861677481553,-0.8641153614910695,-0.8439340226456413,-4.679574315758821e-07,4.112737922128126e-05,4.159533665285714e-05,Q2,0.0017507512249708983,-0.008210960841293491,-0.009961712066264389,-0.11079915409720524,0.9117756161552248,False,not_significant,4.113004140246937e-05
201600,Omer Asik,469.0,37.0,1492.852714350408,1436.0657570418543,-31.42679944252702,-0.5406466988837124,-0.067008101156774,-0.014612072942803,-1.0111415642234731,-0.959422604882643,-4.488594253983828e-05,-1.0175072326007122e-05,3.4710870213831155e-05,Q3,-0.0041804321051070676,-0.002529920172402126,0.0016505119327049416,0.025913038222426344,0.9793267005416957,False,not_significant,4.6024775225188654e-05
201949,James Johnson,781.0,29.0,1522.2358023135996,1481.0785770745622,-42.72282483601719,-0.1140024422570767,-0.0547027206607134,-0.0039311186985198,-1.140864139160768,-1.588817172761297,-3.5935773273478684e-05,-2.654226966326569e-06,3.328154630715211e-05,Q3,-0.0030840667194679625,-0.006149165199683729,-0.0030650984802157656,-0.050564397054645716,0.9596726335500564,False,not_significant,3.6033660951277764e-05
2586,Keith Bogans,667.0,34.0,1447.816958007582,1422.6002103762448,-63.497412157376615,-1.707799006938561,-0.0951985189765766,-0.0502293825570165,-1.0305986354699677,-0.7888276851023941,-6.575314541665847e-05,-3.5308150660073353e-05,3.044499475658512e-05,Q3,-0.005923993224739788,-0.0030041660574007516,0.0029198271673390366,0.05197878285223729,0.9585455993870692,False,not_significant,7.463338150733004e-05
2788,DJ Mbenga,222.0,25.0,1342.423707472214,1333.6369429404274,-91.19817262802604,-9.306782422201628,-0.4108025794055226,-0.3722712968880651,-0.6228722516618753,-0.4833209732080808,-0.0003060155874176,-0.0002791399104971,2.6875676920538817e-05,Q3,-0.02972959859657788,-0.02744651866550925,0.0022830799310686266,0.13778613289151145,0.8904094441696628,False,not_significant,0.00041420360859710986
304,John Stockton,1475.0,182.0,1888.449368344531,1915.705300013108,315.16217322201845,47.93771336677333,0.2136692699810294,0.2633940294877655,-0.17336428843615,0.0470506270078907,0.000113145352776,0.0001374919354693,2.43465826933486e-05,Q1,0.014307494777789505,0.015152124085554523,0.0008446293077650182,0.018895733193387318,0.984924283352872,False,not_significant,0.00017806151513985173
197,Scott Burrell,379.0,23.0,1489.6218233897232,1497.3939445845654,34.88494031043072,2.8464565699051043,0.0920446973889992,0.1237589813002219,-1.227718129500763,-1.4175624324847484,6.179064776289735e-05,8.264958045797188e-05,2.085893269507453e-05,Q1,0.00771188398672913,0.008782637047772013,0.0010707530610428824,0.01355805110721975,0.9891825717592835,False,not_significant,0.00010319417280465607
1517,Bobby Jackson,752.0,57.0,1539.691437205166,1581.0146942832948,46.0579196916648,5.130669940461521,0.0612472336325329,0.0900117533414302,-0.9831264327309118,-2.3815920866364,3.977890124771259e-05,5.693290117220214e-05,1.7153999924489546e-05,Q1,0.0059261429146155505,0.00635168377221444,0.00042554085759888977,0.0059330658197714195,0.9952661261572554,False,not_significant,6.945297848443223e-05
1909,Scott Padgett,419.0,27.0,1445.4503363189851,1446.186255359498,-17.03388883513828,-0.4369561362087628,-0.0406536726375615,-0.0161835606003245,-0.7474276583058077,-0.9453462824198816,-2.812526422809589e-05,-1.119050920332636e-05,1.6934755024769533e-05,Q3,-0.002476076605043687,-0.0014095249129716834,0.0010665516920720032,0.016397381485154457,0.986917368741521,False,not_significant,3.0269753618586695e-05
76330,Corky Calhoun,237.0,18.0,1199.3145526688302,1105.2110026595171,-28.18443396205181,-1.713674990538708,-0.1189216622871384,-0.0952041661410393,-1.0512113074222698,-2.106657856616609,-9.915802490889691e-05,-8.61411675344757e-05,1.3016857374421214e-05,Q3,-0.008329606606198312,-0.004926803557504442,0.003402803048693869,0.02999408549132024,0.9760717701442384,False,not_significant,0.00013134920878344122
136,P.J. Brown,1088.0,106.0,1639.0240848591243,1655.4293440834374,60.05234707699151,8.142470180792973,0.0551951719457642,0.0768157564225752,-0.9478045056889526,-2.0864027110914467,3.367563201519905e-05,4.640231653324101e-05,1.272668451804196e-05,Q1,0.004628333773844579,0.006288945640194937,0.001660611866350358,0.028598158155313778,0.9771850810641144,False,not_significant,5.733431059386859e-05
203524,Solomon Hill,442.0,35.0,1457.1909956067825,1361.1549651988555,-94.78610216829252,-6.544468622606002,-0.214448194950888,-0.1869848177887429,-1.0764116308794065,-0.9819514045990216,-0.0001471654680803,-0.0001373721747849,9.79329329533029e-06,Q3,-0.013990363538321537,-0.016067773840954824,-0.002077410302633287,-0.03666841678005858,0.9707493914576665,False,not_significant,0.00020131763310854547
78095,Alvin Scott,563.0,61.0,1351.7382157211457,1345.9623824790233,-145.55662170869226,-14.927268971703302,-0.2585375163564694,-0.2447093274049721,-0.7112651019483193,-1.0319658015511797,-0.0001912630074,-0.0001818099306417,9.453076758306584e-06,Q3,-0.018784884574568277,-0.018198632363889744,0.0005862522106785329,0.014419726897377388,0.9884951212377133,False,not_significant,0.0002638870759996257
101126,Nate Robinson,617.0,30.0,1581.06830493769,1600.5613244753845,88.18106714522594,4.738489284285095,0.1429190715481781,0.1579496428095031,-1.3423737458671583,-0.9006722020144851,9.039398936898592e-05,9.868390569869248e-05,8.289916329706532e-06,Q1,0.010866757129542331,0.009248860601368787,-0.0016178965281735437,-0.016424565850418217,0.9868956816767599,False,not_significant,0.00013382670345633106
76017,Danny Ainge,1027.0,192.0,1575.4584902542706,1580.5291748473842,52.04347891086091,11.151736989752388,0.0506752472355023,0.0580819634882936,-0.9827837115050856,-1.2614889709644042,3.216539664420078e-05,3.674842857228629e-05,4.583031928085508e-06,Q1,0.0035708608471037573,0.007878612618910485,0.004307751771806727,0.10674068968980803,0.9149947012866565,False,not_significant,4.8837073456659856e-05
78390,Terry Tyler,852.0,17.0,1502.2487445459471,1521.7795324551605,-25.538418492459677,-0.4105210260908323,-0.0299746695920888,-0.0241482956524019,-0.973652222395637,-0.959788973922072,-1.9953199961667216e-05,-1.586845869417253e-05,4.084741267494686e-06,Q3,-0.0008108594706672718,-0.002500181363339235,-0.0016893218926719638,-0.01939043702842409,0.9845296391215849,False,not_significant,2.5493884953826407e-05
335,Willie Anderson,552.0,52.0,1668.9437001549454,1581.258221143013,23.621382613833397,2.216157526760475,0.0427923598076691,0.0426184139761629,-1.4885485054984884,-1.8288598394096096,2.564038547477445e-05,2.69522165363708e-05,1.3118310615963455e-06,Q1,0.005784493855098867,-0.001036290069041219,-0.006820783924140085,-0.07583280415969218,0.9395521173115929,False,not_significant,3.720015246633331e-05
2585,Zaza Pachulia,1096.0,75.0,1508.8958903445068,1487.8819402367733,1.1305883934810077,0.052146829683727,0.0010315587531761,0.0006952910624496,-0.9216601016351542,-0.869327415263449,6.836513769949889e-07,4.673025753233148e-07,-2.1634880167167414e-07,Q1,0.0004281537795521987,0.0014603394490640962,0.0010321856695118974,0.02349680065688919,0.9812539904876629,False,not_significant,8.281007802018705e-07
78450,Bill Walton,359.0,48.0,1707.8677037478506,1573.5970126982388,-16.91453902996529,-2.239153074567418,-0.0471157076043601,-0.0466490223868212,-1.2108618326053036,-1.527016415174686,-2.758744573772694e-05,-2.9644834103257708e-05,-2.0573883655307687e-06,Q3,-0.0003040120869350236,-0.004774895468976498,-0.004470883382041474,-0.03358015335132352,0.9732119486731576,False,not_significant,4.0495473220369944e-05
1541,Alvin Williams,459.0,17.0,1589.3125378622333,1676.4125867812174,167.10192192520594,6.433856283624145,0.3640564747825837,0.3784621343308321,-0.7592915597111223,-4.057617952112218,0.0002290653764502,0.0002257571538862,-3.3082225640325143e-06,Q1,0.025259501268447,0.027460962379815018,0.0022014611113680164,0.009921371036781205,0.9920840210943564,False,not_significant,0.00032161660283491154
200811,Lou Amundson,426.0,29.0,1386.6435596060287,1407.91348833131,-100.35280173407004,-7.104331072738691,-0.2355699571222301,-0.2449769335427134,-0.915969498263453,-0.1248809941331563,-0.0001698850115376,-0.0001739999904632,-4.114978925623663e-06,Q3,-0.016853954501180796,-0.017285913601613526,-0.00043195910043273156,-0.018715077739608614,0.9850684000648647,False,not_significant,0.00024318082536730598
2198,Kwame Brown,606.0,18.0,1508.8321992968158,1569.0654217095484,18.70518454395069,0.4051885798935846,0.0308666411616348,0.0225104766607547,-1.251454493922514,-1.6060684106174092,2.045730544193056e-05,1.4346423258903249e-05,-6.11088218302731e-06,Q1,0.003100168984693954,0.0013821419368633295,-0.0017180270478306245,-0.01335195277827623,0.9893469995492269,False,not_significant,2.4986420437270354e-05
203507,Giannis Antetokounmpo,894.0,84.0,2121.99238521274,2147.34853691364,656.9915906570909,61.21239595493292,0.7348899224352248,0.7287189994634871,0.7900477752853745,0.6008415586668311,0.0003463207161139,0.0003393575783979,-6.963137715956553e-06,Q1,0.04349437635814559,0.034862565878400316,-0.008631810479745271,-0.14366423043560814,0.8857656180998953,False,not_significant,0.0004848727713800099
2440,Matt Barnes,925.0,94.0,1545.0238818956786,1568.5556070515663,60.9421678342127,5.233609619573584,0.0658834246856353,0.05567669808057,-0.9520315141652104,-2.0325011473288117,4.264233417854952e-05,3.549552073912523e-05,-7.146813439424287e-06,Q1,0.005287452918170654,0.0036725579104995923,-0.0016148950076710618,-0.028931203011757896,0.9769194596275617,False,not_significant,5.5482435569617546e-05
1629029,Luka Doncic,512.0,55.0,2115.294870784942,2143.150721249899,684.5062621129529,73.33284449958842,1.336926293189361,1.333324445447062,0.8614532365847531,4.272418022745082,0.0006320283340417,0.0006221328403209,-9.895493720859115e-06,Q1,0.07807964304661724,0.06697612313936631,-0.011103519907250933,-0.11972819302719098,0.9046984661943762,False,not_significant,0.0008868534749536008
446,Lucious Harris,799.0,54.0,1459.3182607577478,1542.8590859491082,7.798550733349901,-0.5210524561072312,0.0097603889028158,-0.0096491195575413,-0.8221272222021379,-0.7021552968374469,6.688320954572196e-06,-6.254051096056868e-06,-1.2942372050629063e-05,Q4,0.0012837810900673385,-0.0005513959913359936,-0.0018351770814033321,-0.035379950596503645,0.9717767718080755,False,not_significant,9.156789410238702e-06
1718,Paul Pierce,1343.0,170.0,1895.4847224955247,1883.2425084174524,38.72629741097718,0.160549326820949,0.0288356644906754,0.0009444078048291,-0.669733378699786,-1.346425659621859,1.5212818203415286e-05,5.014796557575197e-07,-1.4711338547657766e-05,Q1,0.003835780107014421,-0.00017028144429788613,-0.0040060615513123074,-0.06764007996274693,0.9460721492459291,False,not_significant,1.5221081418062981e-05
2209,Vladimir Radmanovic,730.0,47.0,1511.23130262146,1536.865193783758,-52.95850714834573,-4.697338893771215,-0.0725459002032133,-0.0999433807185364,-1.020155980826141,-1.932058467604853,-4.800449810520166e-05,-6.503067485865571e-05,-1.7026176753454052e-05,Q3,-0.004461250664331343,-0.0028505442824791165,0.001610706381852227,0.01667722063469931,0.9866941199347081,False,not_significant,8.082957695611493e-05
1509,Kelvin Cato,538.0,19.0,1503.3875571723668,1482.6554171739067,16.319138957423522,0.0797850273556695,0.0303329720398206,0.0041992119660878,-1.1014193302501505,-0.386104846131604,2.0176415519144094e-05,2.832223804295672e-06,-1.7344191714848426e-05,Q1,0.003015603670438349,-0.0022734450303191277,-0.0052890487007574765,-0.05113113559450263,0.959221025817498,False,not_significant,2.0374229675714802e-05
1626162,Kelly Oubre Jr.,700.0,37.0,1642.3277755075894,1633.8518746022608,233.05097791274028,11.078336493096678,0.3329299684467718,0.2994144998134237,-0.659578298281355,-0.2450874502996538,0.0002027183449076,0.0001832568205647,-1.946152434287177e-05,Q1,0.02231002922105874,0.01927834870764484,-0.0030316805134139005,-0.038669078956638396,0.9691542263804257,False,not_significant,0.00027327237263499455
1626171,Bobby Portis,721.0,54.0,1592.5531710095197,1642.852152907847,200.57696692308144,13.461761103465449,0.2781927419182822,0.2492918722863971,-0.492008721648449,-1.2623910714207502,0.0001746834874856,0.0001517433396822,-2.294014780341387e-05,Q1,0.01877886467747428,0.017596963064165718,-0.0011819016133085634,-0.016660861306295943,0.9867071709769789,False,not_significant,0.00023138790361217957
77142,Magic Johnson,888.0,189.0,2004.5359150183133,1996.7892535791127,434.5979132600914,83.3968489741693,0.4894120644820849,0.4412531691754989,0.0988903952927426,0.3981142589783093,0.0002441523051871,0.0002209813421143,-2.317096307272767e-05,Q1,0.03141495348401041,0.02528268429211252,-0.006132269191897892,-0.11557910305503044,0.907986125242286,False,not_significant,0.00032930700218916105
1627783,Pascal Siakam,691.0,94.0,1852.669863295876,1848.1666728604696,380.6432175354892,47.57855302819031,0.5508584913682911,0.506154819448833,0.0441442792814776,-0.6131766812785127,0.0002973322459017,0.0002738686001005,-2.3463645801197335e-05,Q1,0.03538554793142094,0.026949418121143882,-0.008436129810277053,-0.12166690125445168,0.9031628274215298,False,not_significant,0.0004042406147011413
228,Adam Keefe,615.0,60.0,1485.1530053412162,1507.2630376309448,-47.73195347410982,-7.762013636534838,-0.0776129324782273,-0.1293668939422473,-0.7646410375154631,-1.387014041717252,-5.225921652455981e-05,-8.582900974310427e-05,-3.3569793218544454e-05,Q3,-0.004931361761368456,-0.007967989318447421,-0.003036627557078966,-0.06060543197300543,0.9516734473899552,False,not_significant,0.0001004870371005271
1627826,Ivica Zubac,628.0,54.0,1637.6883201574135,1615.2411548221305,332.2657903406943,25.07675792898219,0.5290856534087489,0.4643844060922628,-0.5946003019142402,-1.6927719172769773,0.0003230685881412,0.0002875015936201,-3.556699452111732e-05,Q1,0.03390501991440977,0.02959249895541047,-0.004312520958999302,-0.06324837916572955,0.949568720864645,False,not_significant,0.00043247020588434236
201941,Jordan Hill,409.0,20.0,1513.3331883416583,1488.4847011455713,111.44568568421516,4.273257572719839,0.2724833390812106,0.2136628786359919,-0.9745937741260068,-1.0656316192954791,0.0001800550871284,0.0001435438862566,-3.6511200871793486e-05,Q1,0.018910855643464765,0.017612498198455177,-0.0012983574450095856,-0.014080836692980004,0.9887654890450548,False,not_significant,0.000230270887613835
2216,Zach Randolph,1111.0,69.0,1811.622159925884,1832.2210376748303,206.4537734140661,8.288620194812939,0.1858269787705365,0.1201249303596078,-0.5284662899333673,-2.1646023183764576,0.0001025749093167,6.556246647623459e-05,-3.7012442840473605e-05,Q1,0.012706381346158594,0.013646023687450139,0.0009396423412915436,0.009646563839273842,0.9923032750193513,False,not_significant,0.00012173762373143569
76979,Elvin Hayes,645.0,54.0,1644.4280061977397,1726.5043340958914,-5.276210602483561,-3.930731282849653,-0.0081801714767187,-0.0727913200527713,-1.4540434441472372,1.788849048395822,-4.974478326742294e-06,-4.2161098941515e-05,-3.718662061477271e-05,Q3,0.002200864115923593,0.003740795811790621,0.001539931695867028,0.009577410473675474,0.9923584488732556,False,not_significant,4.2453547538214585e-05
76681,Julius Erving,819.0,141.0,1855.6414273756027,1854.193804888862,4.313956192132247,-9.807924228847725,0.0052673457779392,-0.0695597463038845,-0.2695836943219838,-0.786998162965729,2.8385579779757105e-06,-3.751481971327905e-05,-4.035337769125476e-05,Q4,0.001649617642205491,0.0005932158366385078,-0.001056401805566983,-0.014027291471835995,0.9888082077312697,False,not_significant,3.762205615744785e-05
76078,Dennis Awtrey,299.0,18.0,1219.4675825469433,1208.2637737149792,-20.882592905385344,-2.229205483813784,-0.0698414478440981,-0.1238447491007657,-0.951166929801086,-1.0189551826297425,-5.727208237731863e-05,-0.0001024981066178,-4.5226024240566176e-05,Q3,-0.004406428356280264,-0.009859202162312578,-0.005452773806032312,-0.09133707175753059,0.9272247620809599,False,not_significant,0.00011741359921264772
204060,Joe Ingles,749.0,60.0,1533.9420582724445,1600.1527446568984,-28.073877192190363,-6.710441844261856,-0.0374818120055946,-0.1118406974043642,-0.73739941478647,-0.2998950129120376,-2.443495945851264e-05,-6.989376344090509e-05,-4.5458803982392445e-05,Q3,-0.002141756780495932,-0.005797918045838627,-0.003656161265342695,-0.054285618884333704,0.9567076071259157,False,not_significant,7.404191658562303e-05
753,Randy Brown,653.0,46.0,1413.0687234731938,1391.6132891724203,-24.504757942073496,-4.809018762003644,-0.0375264287014908,-0.104543886130514,-0.75527484735145,-0.5497633558407039,-2.6556690469557826e-05,-7.512423669989907e-05,-4.856754623034124e-05,Q3,-0.002045603787214564,-0.0071272302535640665,-0.005081626466349503,-0.21907325618233103,0.8265929832344181,False,not_significant,7.968003983707817e-05
101120,Antoine Wright,290.0,25.0,1419.563422816103,1402.1540835927176,-6.690352209807996,-2.2873986582981947,-0.0230701800338206,-0.0914959463319277,-1.1226220409206351,-1.3149143770687268,-1.6251602191929186e-05,-6.525384578097804e-05,-4.900224358904886e-05,Q3,-0.0008899088030778541,-0.005787352600537863,-0.004897443797460009,-0.07196283158064967,0.942631487231162,False,not_significant,6.724714836342418e-05
1727,Pat Garrity,547.0,20.0,1447.389478413715,1525.6313887994604,-109.81756519187924,-5.754058907607345,-0.2007633732941119,-0.2877029453803673,-1.0432630050638432,-3.1085285250423533,-0.0001387072217176,-0.0001885795923527,-4.9872370635112377e-05,Q3,-0.013897442168860536,-0.017222505565864837,-0.0033250633970043015,-0.02377976750700906,0.981028278676618,False,not_significant,0.00023409817600426953
2753,Delonte West,430.0,58.0,1639.2530804774478,1631.1945844819438,152.83509529264296,15.617328933920884,0.3554304541689371,0.2692642919641532,-1.4258335804754636,-2.382297352234708,0.0002168246370264,0.00016507184031,-5.175279671639597e-05,Q1,0.026148277891581882,0.01226515016407126,-0.013883127727510623,-0.16660543867862662,0.8676805140684529,False,not_significant,0.00027250988181157806
201586,Serge Ibaka,919.0,151.0,1676.1683836057523,1696.6771473768752,80.45548698124402,0.0668509197031275,0.0875467758228988,0.0004427213225372,-0.5731783705676206,-1.3240424854617594,5.223029898378664e-05,2.6093433463268575e-07,-5.1969364649153954e-05,Q1,0.006433201424944083,0.0019024266714091926,-0.00453077475353489,-0.10108284934428183,0.9194846925459352,False,not_significant,5.223095077310707e-05
1630702,Jaden Hardy,234.0,18.0,1453.670241050194,1455.0075424450088,-42.52630453793967,-4.708308315351244,-0.1817363441792293,-0.2615726841861802,-1.2805027829050957,-1.0216524746130533,-0.0001250189616923,-0.0001797741087627,-5.475514707038866e-05,Q3,-0.011734733842524901,-0.017818698924313175,-0.006083965081788272,-0.09775625620342984,0.9221258434391093,False,not_significant,0.00021897139302667795
76543,Darren Daye,317.0,34.0,1474.1498361507986,1436.590992517382,27.738498084694413,0.1915093473331417,0.087503148532159,0.0056326278627394,-1.2462798898972385,-0.8973752781736316,5.935838161515616e-05,3.920829165766408e-06,-5.543755244938976e-05,Q1,0.006989737004544486,0.00012410074109699517,-0.006865636263447491,-0.08312200108382471,0.9337545320457765,False,not_significant,5.9487732931400516e-05
380,Tony Smith,454.0,27.0,1408.0379681958452,1407.4314155286754,-58.072129077375365,-5.653346468334759,-0.1279121785845272,-0.209383202530917,-1.0772697430658915,-1.3863429859868497,-9.084426803378348e-05,-0.0001487697377085,-5.792546967472584e-05,Q3,-0.008763917709394524,-0.01432918983383778,-0.005565272124443255,-0.09948486234448993,0.9207533063711494,False,not_significant,0.0001743132694101335
175,Alton Lister,939.0,85.0,1472.2211387689572,1497.425496497479,-157.57051481950947,-22.106367214422505,-0.1678067250474009,-0.2600749084049706,-0.7586864071706988,-2.0256286785579,-0.0001139820103301,-0.0001736813677964,-5.969935746632557e-05,Q3,-0.012313903727779575,-0.01681955911750509,-0.004505655389725516,-0.07911777516332494,0.9369389452957142,False,not_significant,0.00020774290890068761
324,Anthony Peeler,827.0,56.0,1543.1329743881658,1552.2706377103873,-7.034532214669002,-5.870649903893543,-0.0085060849028645,-0.1048330339980989,-1.1072280658862703,-1.997654167648801,-5.512217705176792e-06,-6.753528118829113e-05,-6.202306348311434e-05,Q3,0.0004774570200621987,-0.009651038492387742,-0.01012849551244994,-0.1325914331958364,0.8945165079169352,False,not_significant,6.775986090017314e-05
77189,Major Jones,358.0,19.0,1292.4445743962056,1282.404310117794,-151.00735750146742,-9.54705335535218,-0.4218082611772833,-0.5024764923869568,-0.9173079556807084,-1.9558735381049828,-0.0003263646809568,-0.000391823770727,-6.545908977014387e-05,Q3,-0.030552037741620467,-0.03966843861835996,-0.009116400876739494,-0.1079850462091244,0.9140075542376047,False,not_significant,0.0005099409497998356
201577,Robin Lopez,988.0,40.0,1535.8053875537173,1624.0861398654993,-27.35087153204777,-5.575706454497716,-0.027683068352275,-0.1393926613624429,-0.974279395154135,-1.7945070715643032,-1.8025114755177147e-05,-8.582836706800963e-05,-6.780325231283248e-05,Q3,-0.001493566053862267,-0.008657627296731066,-0.0071640612428688,-0.10176746082019053,0.9189412540235476,False,not_significant,8.770070327824233e-05
1123,Greg Kite,669.0,61.0,1290.2545649436065,1285.3584605488877,-176.02691804664818,-21.387033716444957,-0.2631194589635997,-0.350607110105655,-0.6727533015825473,-0.6890139980235451,-0.0002039283302013,-0.0002727699088361,-6.884157863478447e-05,Q3,-0.01973606936479583,-0.02539024805278447,-0.005654178687988638,-0.2644337425085138,0.791445713802957,False,not_significant,0.00034057332107072734
906,Haywoode Workman,358.0,41.0,1523.3964830019786,1509.9922375517665,8.585843116578456,-3.4408560833145283,0.0239828020016158,-0.0839233191052324,-1.2646085430817084,-2.835204241810775,1.574298107499612e-05,-5.557864273613876e-05,-7.132162381113489e-05,Q4,0.003596853501433906,-0.009293342351670673,-0.012890195853104577,-0.14635995484719103,0.8836372382338475,False,not_significant,5.776527487616618e-05
198,Danny Ferry,909.0,61.0,1456.284828955951,1460.3585253476188,-23.682969876523,-8.22815332365671,-0.0260538722514004,-0.1348877594042083,-0.8919417506706537,-1.1651536325315062,-1.78906431855636e-05,-9.23661943714131e-05,-7.44755511858495e-05,Q3,-0.0014893555885421785,-0.006629471500406598,-0.00514011591186442,-0.10833574724687837,0.913729367272826,False,not_significant,9.408288354557814e-05
940,Earl Cureton,657.0,54.0,1374.6816807316304,1350.8752608181808,-48.10724235283896,-9.43851299001132,-0.0732225911002115,-0.1747872775928022,-0.6582766601803316,-0.7164722146945706,-5.326512466598167e-05,-0.0001293881697758,-7.612304510991555e-05,Q3,-0.004786612145952542,-0.012886289209620656,-0.008099677063668115,-0.30235290057805875,0.7623830553302975,False,not_significant,0.0001399230931033681
203076,Anthony Davis,807.0,65.0,2080.567653626809,2098.2184102924844,530.8616872656183,32.673104651658775,0.6578211738111751,0.5026631484870581,0.2758347481737681,2.5116227294085576,0.0003161738925742,0.0002395666466471,-7.660724592707077e-05,Q1,0.04076764022565023,0.025149022321816678,-0.015618617903833553,-0.2257528797199907,0.8213936274869849,False,not_significant,0.0003966838899315905
77235,Rich Kelley,718.0,45.0,1429.196960688579,1435.086438665196,4.870480785684383,-4.790925485858244,0.0067833994229587,-0.1064650107968498,-0.9754189034371872,-2.140501596669957,4.746301321331208e-06,-7.418717641557201e-05,-7.893347773690322e-05,Q4,0.0013071470873393127,-0.0049095984101014565,-0.006216745497440769,-0.09807609287905743,0.9218718711072613,False,not_significant,7.433884933699253e-05
1631114,Jalen Williams,248.0,40.0,1829.648266130932,1904.5550403499856,389.2387553228575,59.30130066391169,1.5695111101728123,1.4825325165977925,-0.37760156438256,-0.4220279822111891,0.0008578212212841,0.0007784141099568,-7.940711132731107e-05,Q1,0.10060738503924953,0.07839106639383547,-0.022216318645414047,-0.18662856084526608,0.851951871853898,False,not_significant,0.0011583547704676588
2413,Juan Dixon,435.0,18.0,1487.607514457771,1488.9295582428913,-36.32066632165224,-3.83934318197586,-0.0834957846474764,-0.2132968434431033,-1.459214080436495,-2.483568496578263,-5.612756310787419e-05,-0.0001432551609055,-8.712759779766805e-05,Q3,-0.004420866298065826,-0.013005304455409416,-0.00858443815734359,-0.04318579807425654,0.9655534260221937,False,not_significant,0.00015385819596787522
462,J.R. Reid,671.0,47.0,1504.7342569698446,1498.0182471433227,16.59090171485133,-4.99873944700613,0.0247256359386756,-0.1063561584469389,-1.0962960757032385,-1.314721751388587,1.6431895415517956e-05,-7.099790583309453e-05,-8.742980124861248e-05,Q4,0.0032333741114368587,-0.008511563687695477,-0.011744937799132335,-0.2085942786891425,0.834764977276079,False,not_significant,7.287461711481905e-05
1630174,Aaron Nesmith,333.0,58.0,1454.4436440564643,1539.9586134661322,119.7443471912904,14.08146684151856,0.3595926342080793,0.2427839110606648,-0.7029880636928135,-0.3615810599961299,0.0002472372413173,0.0001576561272086,-8.958111410870885e-05,Q1,0.02575258323774156,0.012884866637465586,-0.012867716600275978,-0.224166510365399,0.8226277412307248,False,not_significant,0.000293226376611319
76176,Rolando Blackman,957.0,69.0,1750.286828147697,1757.000781409307,64.20570287830121,-6.830220821440273,0.0670905986189145,-0.0989887075571054,-0.8035665509590779,-1.7692401858981894,3.833120237207951e-05,-5.633959222129977e-05,-9.467079459337928e-05,Q4,0.006448676436615426,-0.014320428014643545,-0.02076910445125897,-0.31291688455830463,0.7543438092961798,False,not_significant,6.814272321349988e-05
765,Hersey Hawkins,979.0,73.0,1724.6142325892504,1745.447702074918,68.29455727585783,-7.0116273124320845,0.069759506921203,-0.0960496892113984,-0.9031384296333276,-1.000673152947415,4.044933968593638e-05,-5.502868352756626e-05,-9.547802321350264e-05,Q4,0.006758227871230251,-0.009231744589634619,-0.015989972460864872,-0.1743542445420482,0.8615870710417327,False,not_significant,6.829571796097696e-05
1425,Aaron Williams,707.0,52.0,1480.4938055148275,1496.7675283869144,-74.98579588623569,-13.065979761825677,-0.1060619460908567,-0.2512688415735707,-0.9690096947056992,-0.5847554908304398,-7.163957437429107e-05,-0.0001678743270468,-9.6234752672586e-05,Q3,-0.0073738198309022404,-0.015988320154454175,-0.008614500323551936,-0.18207921012238892,0.8555205639223107,False,not_significant,0.00018252128176721077
2230,Maurice Evans,557.0,54.0,1480.9262797938757,1484.8874368481245,-25.841563933631637,-10.24646842944374,-0.0463941901860532,-0.1897494153600692,-1.067943863040361,-1.3136329955779238,-3.132781882465522e-05,-0.0001277870703538,-9.645925152920153e-05,Q3,-0.002691760040781653,-0.01329446094679853,-0.010602700906016876,-0.18538859082840292,0.8529242565156551,False,not_significant,0.00013157115026447648
77669,Calvin Murphy,492.0,43.0,1653.4209863213846,1670.7121858942044,-6.768162801892371,-7.790572398522924,-0.0137564284591308,-0.1811761022912308,-1.1782120562744862,-4.6872682718186445,-8.31997934762933e-06,-0.0001084424377944,-0.0001001224584468,Q3,0.00137979618482146,-0.007580397200792011,-0.008960193385613472,-0.05176483178023615,0.9587160781372571,False,not_significant,0.00010876113446970518
2260,Jarron Collins,531.0,35.0,1420.889513316219,1322.7884299969123,-161.2548957023234,-14.678837299088636,-0.3036815361625676,-0.4193953514025325,-0.908619264508602,-0.7530196391247994,-0.0002137263547352,-0.00031705399132,-0.0001033276365848,Q3,-0.022010665045518362,-0.029587556759938557,-0.007576891714420195,-0.25783000057588834,0.7965381099464335,False,not_significant,0.0003823639472025824
201988,Patty Mills,916.0,95.0,1521.439438257444,1540.293908942038,-42.13772528480866,-19.75143655465341,-0.0460018834986994,-0.2079098584700358,-1.037508741921532,-1.150377700369757,-3.0235763804957573e-05,-0.0001349806405537,-0.0001047448767487,Q3,-0.0028608476319655256,-0.01447565405295601,-0.011614806420990486,-0.3344829714917685,0.7380151384739875,False,not_significant,0.0001383256112842316
101141,Ersan Ilyasova,822.0,52.0,1585.779460786409,1576.9366388628137,42.05769703398588,-6.325545253575795,0.0511650815498611,-0.1216451010303037,-1.1450167077896314,-2.148076904457427,3.226494150989176e-05,-7.714013235054672e-05,-0.0001094050738604,Q4,0.004214808056117234,-0.005821786716196354,-0.010036594772313587,-0.17539353105351935,0.8607704232720448,False,not_significant,8.361594626443332e-05
78523,Mitchell Wiggins,372.0,29.0,1520.4506908387043,1448.3950012315222,65.58765165945688,0.1516522405952647,0.1763108915576798,0.0052293876067332,-1.5494102781285477,-1.146394962391102,0.0001159596247481,3.6104706259596943e-06,-0.0001123491541221,Q1,0.013709903612933885,0.006060642516216511,-0.007649261096717373,-0.09706387673952384,0.9226756675510532,False,not_significant,0.00011601581818812936
2405,Amar'e Stoudemire,846.0,78.0,1874.932851516096,1925.902642985271,106.22146053749056,-7.064810017443102,0.1255572819592087,-0.0905744874031166,-0.7186958952748996,-1.876360733076688,6.69662819432074e-05,-4.702962931849997e-05,-0.0001139959112617,Q4,0.010270847759118214,-0.008088538894286349,-0.018359386653404565,-0.22415686145519467,0.8226352489324731,False,not_significant,8.183073353656716e-05
468,Jon Barry,813.0,58.0,1462.5102650068093,1516.209869787249,69.93796328001352,-5.357298069499764,0.0860245550799674,-0.0923672080948235,-0.6137212534375447,-0.9160441679439651,5.8819795756829714e-05,-6.091980400298031e-05,-0.0001197395997598,Q4,0.006171133379292176,-0.0035254486858071815,-0.009696582065099357,-0.23377429415939624,0.8151602069478547,False,not_significant,8.468170341128417e-05
2098,Slava Medvedenko,253.0,34.0,1473.2572503606038,1513.4538935598125,17.569347788508537,-3.949576053402653,0.069444062405172,-0.1161640015706662,-1.0695775301052,-1.0848233184463154,4.713641313366997e-05,-7.675423880765577e-05,-0.0001238906519413,Q4,0.005381011343360253,-0.006368930019524269,-0.011749941362884523,-0.23368035031916634,0.8152331436211673,False,not_significant,9.007249645730192e-05
203118,Mike Scott,554.0,57.0,1460.2693086238496,1479.400554897094,-47.831577662746966,-15.46040703735198,-0.0863385878388934,-0.2712352111816137,-0.9878614477011752,-1.7414872990898735,-5.912511296992093e-05,-0.0001833412933933,-0.0001242161804233,Q3,-0.0058531315619681215,-0.01775527547466908,-0.011902143912700959,-0.2316165946389362,0.8168358173134458,False,not_significant,0.0001926390636574888
2760,Anderson Varejao,629.0,88.0,1593.0722045714451,1554.1011190040872,78.09400431589422,-6.730198481444215,0.1241558097232022,-0.0764795281982297,-1.0516106766140147,-1.41828963602599,7.793482892170705e-05,-4.921142341576847e-05,-0.0001271462523374,Q4,0.008936892398922017,-0.003906313127065297,-0.012843205525987314,-0.2823092763672182,0.7777063732395088,False,not_significant,9.217158864672884e-05
147,Jalen Rose,923.0,59.0,1649.734582154093,1632.5857405502252,144.48647698119902,-3.259848880932424,0.1565400617347768,-0.0552516759480071,-1.0837304092612758,-2.50704845879529,9.488802830960796e-05,-3.384304699940959e-05,-0.000128731075309,Q4,0.011308007062988505,0.0019000371367136886,-0.009407969926274816,-0.09692955355977559,0.9227823389584686,False,not_significant,0.00010074269078543221
1630596,Evan Mobley,334.0,45.0,1815.4604374938804,1857.7723886243348,410.48649209923474,45.76224951020319,1.2290014733510022,1.0169388780045154,0.0122485282382756,0.1450204354787763,0.0006769640626526,0.0005473969169912,-0.0001295671456613,Q1,0.07835602375585049,0.05784762299234871,-0.020508400763501775,-0.21311435889786612,0.8312377651215105,False,not_significant,0.0008705881499621874
445,Wesley Person,733.0,27.0,1609.2507738565664,1582.6846494474792,43.02735391653538,-4.274063172112623,0.0587003464072788,-0.1582986360041712,-1.3264412189974928,-1.6394477633844031,3.6476817262360896e-05,-0.000100019063216,-0.0001364958804784,Q4,0.0056644648075369975,-0.011264513025555433,-0.016928977833092433,-0.10152877528748751,0.919130716198071,False,not_significant,0.00010646300392247945
101161,Amir Johnson,870.0,53.0,1538.853080773582,1520.0264913439603,-13.756527780070549,-12.080618649587922,-0.0158121008966328,-0.2279362009356211,-1.1474997706914256,-1.684923919590667,-1.0275250505840403e-05,-0.000149955413431,-0.0001396801629252,Q3,-0.00032341181775385835,-0.017426973075699907,-0.01710356125794605,-0.2849076014321083,0.7757149321405226,False,not_significant,0.00015030704171867633
76045,Richard Anderson,406.0,15.0,1385.83266062148,1383.652943036946,-49.82882623428589,-4.751202332268653,-0.1227310990992263,-0.3167468221512435,-1.0111335524442195,-1.2540102376058084,-8.856126903820211e-05,-0.0002289207158089,-0.0001403594467707,Q3,-0.008037918441083442,-0.02198429796069422,-0.013946379519610776,-0.2682856748787526,0.7884794319638073,False,not_significant,0.00024545425744956225
203141,Mirza Teletovic,324.0,19.0,1507.3310519339834,1529.5720422058505,10.888689471933455,-3.5702844796045667,0.0336070662713995,-0.1879097094528719,-1.318099439794444,-2.6081222775247057,2.229574334601544e-05,-0.0001228511663836,-0.0001451469097297,Q4,0.0032626614581975225,-0.015150319637151128,-0.018412981095348648,-0.16013147214893653,0.8727775098669157,False,not_significant,0.00012485795630700657
1499,Tony Battie,835.0,53.0,1477.6815260222477,1447.8626616650542,-69.6987612399859,-15.49341858771106,-0.0834715703472885,-0.2923286525983219,-0.9793135697595698,-1.004720382112778,-5.6488200520435934e-05,-0.0002019035785218,-0.0001454153780013,Q3,-0.005157050915882924,-0.022140631066074508,-0.016983580150191586,-0.36314306492697357,0.7164980160815442,False,not_significant,0.00020965679530591334
1629048,Goga Bitadze,378.0,16.0,1461.598278413658,1511.9426516500466,83.01954122026658,0.0969121473696521,0.2196284159266311,0.0060570092106032,-0.8735510214015779,-1.4630446098109948,0.0001502659240711,4.0061104195936204e-06,-0.0001462598136515,Q1,0.015127627247544692,0.006963735493038152,-0.00816389175450654,-0.0595215644951425,0.9525366899418967,False,not_significant,0.00015031931631575353
783,Frank Brickowski,716.0,37.0,1556.4218071510277,1484.8315498889965,-8.745651357090217,-8.627376727978882,-0.0122145968674444,-0.2331723439994292,-1.193259452110266,-1.6895017310655092,-7.847870552394023e-06,-0.0001570362267806,-0.0001491883562282,Q3,0.00011659743346521101,-0.021826936363658307,-0.021943533797123518,-0.3475566239290203,0.7281731866917128,False,not_significant,0.00015723220278840834
457,Andrew Lang,737.0,42.0,1461.2339079263916,1454.2691866718556,-23.81318644534507,-10.486973860427543,-0.0323109721103732,-0.2496898538197034,-0.8656563068527857,-1.6979752106839472,-2.2112114929104744e-05,-0.0001716943851303,-0.0001495822702012,Q3,-0.002059546421579663,-0.013824028024190903,-0.01176448160261124,-0.1486435873406934,0.881834877322984,False,not_significant,0.00017311241293422526
101139,CJ Miles,841.0,42.0,1507.8497834682616,1500.111381970988,14.7601191777598,-8.715525240488445,0.0175506767868725,-0.2075125057259153,-1.076584987542416,-1.3990158568149915,1.1639539282556096e-05,-0.0001383313987347,-0.0001499709380172,Q4,0.0018430777414149473,-0.013565424507617404,-0.01540850224903235,-0.25272061728585704,0.8004841146471958,False,not_significant,0.00013882022457339824
1629731,Dean Wade,342.0,32.0,1439.9239678359972,1445.0070305669328,36.74975871133489,-3.501064940874398,0.1074554348284645,-0.1094082794023249,-1.0618811545089415,-0.4006885813580986,7.462576999114402e-05,-7.571470386507378e-05,-0.0001503404738562,Q4,0.00833276045787408,-0.00778540214839011,-0.016118162606264193,-0.3078760145673229,0.758176677484236,False,not_significant,0.00010630955708753072
76804,George Gervin,767.0,59.0,1875.9397474613568,1877.6763645610151,4.107531513492527,-16.375935452037577,0.0053553213995991,-0.2775582280006369,-0.568307976030312,0.5436422860440429,2.85474062098545e-06,-0.0001478200574067,-0.0001506747980276,Q4,0.0024105481760706387,-0.019055886601411293,-0.021466434777481936,-0.21708942002858983,0.8281386589603674,False,not_significant,0.00014784762059544005
2212,Steven Hunter,390.0,23.0,1426.2207867915738,1422.7219116869624,-4.252862038081437,-5.248898129199418,-0.010904774456619,-0.2282129621391051,-0.7871634574236566,-1.0367654382024565,-7.645923098029197e-06,-0.0001604058813352,-0.0001527599582372,Q3,-0.0003604573559620774,-0.014492387175788787,-0.01413192981982671,-0.20495092978721408,0.8376104634771768,False,not_significant,0.0001605880036208908
1763,Ryan Bowen,477.0,19.0,1377.2851962034017,1309.0015402977886,-119.4377261791076,-8.37183058380052,-0.2503935559310432,-0.4406226623052905,-0.6229346341204852,-0.8955315572864945,-0.0001818022560768,-0.0003366097355432,-0.0001548074794663,Q3,-0.018072719699962308,-0.0332153385706597,-0.015142618870697393,-0.4278656914517305,0.668748906752517,False,not_significant,0.00038256786898154086
1628396,Tony Bradley,231.0,24.0,1440.5347851972087,1390.528917249518,-49.964133183321366,-10.187631369061126,-0.216294948845547,-0.4244846403775469,-0.9742773163312616,-0.4346431587967436,-0.0001501490634368,-0.0003052684738244,-0.0001551194103876,Q3,-0.015183010238494965,-0.028869363147735704,-0.013686352909240737,-0.3903166765322615,0.696302393229917,False,not_significant,0.0003401963879320687
389,Toni Kukoc,846.0,99.0,1660.1929055273563,1734.5731748265057,35.09030620606045,-23.01436837568236,0.0414779033168563,-0.2324683674311349,-1.2402020214119518,-1.758583544370331,2.49837854256346e-05,-0.0001340205018761,-0.0001590042873017,Q4,0.0031851189527693116,-0.008305040943137217,-0.01149015989590653,-0.19462294847444878,0.8456881362989366,False,not_significant,0.00013632932354162063
76317,Don Buse,583.0,35.0,1464.501577460342,1468.1910559858163,-3.939864109854125,-8.561379594252289,-0.0067579144251357,-0.2446108455500654,-1.0249098391517957,-0.6490978796192373,-4.614480809815803e-06,-0.0001666069579655,-0.0001619924771557,Q3,0.0015542242930114858,-0.014539048232598235,-0.01609327252560972,-0.12702263739307337,0.8989224816244872,False,not_significant,0.00016667084890784604
2746,Josh Smith,894.0,73.0,1782.5838345090806,1810.19793338729,121.599164153322,-11.384179407460298,0.1360169621401812,-0.1559476631158945,-0.978352885342689,-2.5422205006001586,7.630326243682107e-05,-8.614950897887786e-05,-0.0001624527714156,Q4,0.010287133155056251,-0.007039039842099971,-0.017326172997156223,-0.22395985735125146,0.8227885390214047,False,not_significant,0.00011508225647685288
201571,D.J. Augustin,976.0,38.0,1570.2126429543098,1507.679285105955,-17.736888145810852,-9.989528214897373,-0.0181730411330029,-0.2628823214446677,-1.1314099117496572,-1.7584498834289577,-1.157361788834592e-05,-0.0001743622294486,-0.0001627886115603,Q3,0.0001288850161482385,-0.017921830838871153,-0.018050715855019394,-0.22146610127684677,0.824729528537763,False,not_significant,0.0001747459175182976
1626167,Myles Turner,713.0,66.0,1697.174151432621,1727.8689000540692,160.1967597188955,-3.6865766638707225,0.2246798874037805,-0.0558572221798594,-0.586962506050475,-0.755106914677772,0.0001323846979487,-3.232723395745564e-05,-0.0001647119319061,Q4,0.015561183647586456,0.0030621347092217362,-0.01249904893836472,-0.12131395325021926,0.9034423685493417,False,not_significant,0.00013627456955099366
2557,Luke Ridnour,830.0,22.0,1577.989008435171,1594.2337322559497,-12.517681744401411,-6.187306508596899,-0.0150815442703631,-0.2812412049362227,-1.2079889910261734,-1.8010975261912572,-9.55744570446591e-06,-0.0001764115256413,-0.0001668540799369,Q3,-0.0002405568333177711,-0.01986698915969495,-0.019626432326377178,-0.19840888250919764,0.8427251683547097,False,not_significant,0.0001766702327713553
1630245,Ayo Dosunmu,348.0,19.0,1573.0625055578284,1674.5535922287352,291.668974904154,11.600321381567356,0.8381292382303277,0.6105432306088081,-0.6448902142479787,-2.1875135088953668,0.0005328009759746,0.0003646005917291,-0.0001682003842454,Q1,0.05588052745792583,0.029293813421074996,-0.026586714036850836,-0.1377131743294624,0.8904671070013116,False,not_significant,0.0006456086054946109
1630192,Zeke Nnaji,300.0,22.0,1397.8005867332672,1387.7845749472651,-53.88397492242646,-9.087820599789158,-0.1796132497414215,-0.4130827545358708,-0.695738074120841,-0.9171284218038588,-0.0001284970484675,-0.0002976562515486,-0.0001691592030811,Q3,-0.012389161963835554,-0.028806352848560677,-0.01641719088472512,-0.38197761959226656,0.702477965201286,False,not_significant,0.00032420785855809
76504,Adrian Dantley,916.0,73.0,1852.339205589328,1825.610772490662,16.08018373833704,-21.464036973300843,0.0175547857405426,-0.2940279037438472,-0.1247881762888744,-1.411917219298386,9.477090204413992e-06,-0.0001610572791168,-0.0001705343693213,Q4,0.002837243474797101,-0.015350931497077676,-0.018188174971874776,-0.2910292821513292,0.7710289244099794,False,not_significant,0.00016133586828492112
200794,Paul Millsap,1085.0,130.0,1771.2020943588211,1682.5120198395762,87.87962346130483,-27.90128479172468,0.080995044664797,-0.2146252676286514,-0.8623117587658294,-1.2135356245881026,4.572885551725675e-05,-0.00012756239783,-0.0001732912533473,Q4,0.006254045368951228,-0.013301894696351891,-0.019555940065303118,-0.3922505111200295,0.6948731259020928,False,not_significant,0.0001355112304093551
328,Rick Mahorn,1104.0,106.0,1490.5200360493534,1522.8342082282836,-95.9018001562756,-37.45699679195772,-0.0868675726053221,-0.3533678942637521,-0.7974242659215391,-2.21064937137643,-5.828004354477916e-05,-0.0002320462019794,-0.0001737661584346,Q3,-0.006102465903101242,-0.019701068239501508,-0.013598602336400265,-0.2737337391620141,0.7842892475784597,False,not_significant,0.00023925301111719756
915,Rodney Rogers,866.0,82.0,1592.6736715241211,1556.1409447138349,51.66953130865485,-17.854811934892563,0.0596645858067607,-0.2177416089621044,-1.1711984387815353,-1.5918560724577917,3.7461902506157657e-05,-0.00013992409216,-0.0001773859946661,Q4,0.005197012693466149,-0.014423965911813889,-0.01962097860528004,-0.33628114095080647,0.7366588700181496,False,not_significant,0.00014485215119624918
693,Joe Smith,1028.0,60.0,1594.9010483315246,1550.685064449396,-0.6619393923207433,-16.555654546370164,-0.0006439099147088,-0.275927575772836,-1.1376888602512685,-1.4408707732303547,-4.03730322569233e-07,-0.0001779391457999,-0.0001775354154773,Q3,0.0012501441198484564,-0.018066922226262824,-0.019317066346111283,-0.39515818270339925,0.6927261518975398,False,not_significant,0.00017793960381593365
2400,Drew Gooden,787.0,64.0,1648.110161736445,1652.200404164811,73.8895942146337,-12.848790856642346,0.0938876673629399,-0.2007623571350366,-1.2539069766374764,-2.9175108963909064,5.696686395284408e-05,-0.0001215121099286,-0.0001784789738814,Q4,0.007848043644765268,-0.01315824803102969,-0.021006291675794958,-0.26738514008315734,0.7891726395610247,False,not_significant,0.00013420289284483408
200748,Tyrus Thomas,402.0,20.0,1553.2935340100162,1594.2555127441929,-4.266530799401112,-5.934049394241825,-0.0106132606950276,-0.2967024697120912,-1.5980798966019467,-3.249147625267838,-6.832746330713305e-06,-0.0001861072251846,-0.0001792744788538,Q3,-4.57095622341033e-05,-0.014250390362334931,-0.014204680800100828,-0.08539588145580695,0.9319466673261944,False,not_significant,0.00018623261177444538
2039,Keyon Dooling,727.0,62.0,1446.914880073101,1431.568128068826,0.3218627326970826,-16.06230204127307,0.0004427272801885,-0.2590693877624689,-0.7885238444313274,-1.0092427165916042,3.05980183275323e-07,-0.0001809689547307,-0.000181274934914,Q4,0.0005246339383100311,-0.017846828020176193,-0.018371461958486223,-0.6211787557765774,0.5344820156394676,False,not_significant,0.0001809692134043653
1922,Francisco Elson,468.0,29.0,1407.017006626459,1438.2733818034512,-93.20720964989344,-13.502798001430062,-0.1991607043801141,-0.4656137241872435,-0.8410371739728923,-1.0298317494242386,-0.0001415481855884,-0.0003237310306079,-0.0001821828450194,Q3,-0.014026206865869155,-0.03211368048771258,-0.018087473621843427,-0.34100768931154757,0.7330977930937523,False,not_significant,0.0003533237453410416
76971,Steve Hawes,542.0,24.0,1451.3165757333086,1454.510692545223,-4.663555149841516,-6.573104351545041,-0.0086043452949105,-0.2738793479810433,-1.0236794174679302,-0.3980531039808956,-5.928648124591987e-06,-0.0001882965518127,-0.0001823679036881,Q3,0.0005994636884857421,-0.012966639930995756,-0.0135661036194815,-0.09935197242013574,0.9208588144772326,False,not_significant,0.00018838986250097972
353,Darrell Armstrong,826.0,48.0,1610.2293508996247,1595.074607171092,-22.62336664740367,-15.470860936849926,-0.0273890637377768,-0.3223096028510401,-1.0053620612352554,-1.7405669092736131,-1.7009417771744597e-05,-0.0002020655343656,-0.0001850561165938,Q3,-0.0019542603045288056,-0.005476365937159616,-0.00352210563263081,-0.02560121330146123,0.9795754183137577,False,not_significant,0.0002027801777082494
714,Michael Finley,1103.0,128.0,1752.291438122272,1635.478164339378,63.04357315259867,-32.39778741064364,0.0571564579805971,-0.2531077141456534,-0.8458694718187392,-1.414154591351347,3.261812318266254e-05,-0.0001547606807993,-0.000187378803982,Q4,0.005127034700660981,-0.014351122353607889,-0.01947815705426887,-0.3579210469206202,0.7204023995787275,False,not_significant,0.00015816071029627483
1628368,De'Aaron Fox,603.0,30.0,1850.4714409053645,1799.4995388190853,332.2804895166914,5.862941741078892,0.5510455879215446,0.1954313913692963,0.4031980319439775,2.532047435023869,0.0002977865941297,0.0001086031905835,-0.0001891834035462,Q1,0.036435244793023,0.008832859957227789,-0.02760238483579521,-0.21832985106119693,0.8271721176415427,False,not_significant,0.0003169724099165142
1032,Darvin Ham,392.0,41.0,1372.453704460033,1311.0367828589124,-127.3319393794642,-23.01584248157276,-0.3248263759680209,-0.5613620117456771,-0.7702629149834848,-0.7065288797597838,-0.0002366756524554,-0.0004281817406537,-0.0001915060881983,Q3,-0.023717819136095056,-0.04102458895079216,-0.017306769814697105,-0.38172327414870955,0.7026666347603614,False,not_significant,0.0004892391720768296
101133,Ian Mahinmi,610.0,64.0,1457.4675129381403,1426.656827230384,10.810496820031574,-16.435225828983086,0.0177221259344779,-0.2568004035778607,-0.8472289158353635,-1.0511861415641817,1.2159534107728804e-05,-0.0001800015243163,-0.0001921610584241,Q4,0.0017722027429662459,-0.018233829127591843,-0.020006031870558088,-0.41732835853476513,0.6764382485781824,False,not_significant,0.00018041175966634925
2215,Jason Collins,729.0,94.0,1414.410453549455,1470.477441363631,-150.53887254326148,-47.3557062711893,-0.2065005110332805,-0.5037841092679712,-0.6773383725640306,-1.0859072714803073,-0.0001459975854357,-0.0003425990056677,-0.0001966014202319,Q3,-0.01583887784734704,-0.03151355659658278,-0.01567467874923574,-0.36636326095269833,0.7140940303698728,False,not_significant,0.0003724102222516875
1627854,Bryn Forbes,423.0,42.0,1476.5736173679238,1494.7865247698542,-18.338651961701984,-14.285487643817367,-0.0433537871435035,-0.3401306581861278,-1.2162609751624207,-2.071845348347625,-2.9361073930593515e-05,-0.0002275446376789,-0.0001981835637483,Q3,-0.00183544980328769,-0.026579965072796582,-0.02474451526950889,-0.32050466437411734,0.7485857950522516,False,not_significant,0.0002294311112268335
77530,Mike McGee,505.0,68.0,1479.3837461886917,1494.9597252500944,66.35572547604663,-11.179587448538152,0.1313974761901913,-0.1644056977726198,-1.2911437247616062,-1.6494216993655466,8.881906167261076e-05,-0.0001099733290441,-0.0001987923907167,Q4,0.010024456231952167,-0.011811077351396684,-0.02183553358334885,-0.3884289787611772,0.6976986024971081,False,not_significant,0.00014136109371904606
203471,Dennis Schroder,911.0,92.0,1635.0357569862665,1581.521092690004,107.34257780467068,-18.45774585913461,0.1178293938580358,-0.2006276723818979,-0.6119773806371795,-1.3831891134132113,7.206533151007142e-05,-0.000126857411709,-0.0001989227432191,Q4,0.008861681368476978,-0.014750146301888308,-0.023611827670365286,-0.4223530894189269,0.6727673129792873,False,not_significant,0.000145897960613448
76968,Scott Hastings,564.0,44.0,1270.7904080728702,1263.6581506645516,-194.01780820386944,-26.234683592415944,-0.3440032060352295,-0.5962428089185442,-0.6753895684778843,-0.899021755751336,-0.0002707001908811,-0.0004718386919793,-0.0002011385010981,Q3,-0.02573842598629179,-0.04474093562834812,-0.01900250964205633,-0.6730881160097326,0.5008912339385507,False,not_significant,0.0005439764191505003
78417,Sam Vincent,395.0,52.0,1495.9952891222556,1446.0755296778857,77.88607381712934,-5.227282401174873,0.1971799337142515,-0.1005246615610552,-0.9211210276824344,-1.122651933485335,0.0001318051835777,-6.951549867070026e-05,-0.0002013206822484,Q4,0.01341486128396543,-0.0015459697161190283,-0.014960831000084458,-0.2474184269260043,0.8045844147912913,False,not_significant,0.0001490134590343682
202323,Evan Turner,705.0,63.0,1578.221352116152,1582.7611573788076,19.033129243450425,-18.71942059761496,0.0269973464446105,-0.2971336602796025,-1.1317085517768213,-2.107968884948871,1.7106185015436042e-05,-0.0001877312056177,-0.0002048373906331,Q4,0.0030849948167434023,-0.01862987821102066,-0.02171487302776406,-0.2801369881894252,0.7793724078415063,False,not_significant,0.0001885089576875791
221,Clar. Weatherspoon,903.0,17.0,1646.4590658005968,1584.9582196247334,69.94265507227009,-4.29474595001022,0.0774558749416058,-0.2526321147064835,-0.8900297616788136,-1.9024752238776244,4.704391171968958e-05,-0.0001593935484093,-0.0002064374601289,Q4,0.0063388537043854686,-0.014750147257833326,-0.021089000962218794,-0.144771028047981,0.884891657472618,False,not_significant,0.00016619095313643824
77193,Bobby Jones,761.0,125.0,1588.6222272154198,1606.3327133526366,46.2891922053298,-33.81055832584293,0.0608267965904465,-0.2704844666067434,-0.647391390701101,-0.4959830195233232,3.828902526251655e-05,-0.0001683863276632,-0.0002066753529257,Q4,0.004647083606335355,-0.013990084791322709,-0.018637168397658062,-0.36289827137737357,0.7166808780949017,False,not_significant,0.00017268469764125652
77097,Dan Issel,701.0,53.0,1734.3513719004648,1718.6948131683912,-1.4892888157217945,-19.364032713128307,-0.002124520421857,-0.3653591077948737,-0.5249998178007562,-1.472676705473609,-1.2249653999057004e-06,-0.0002125793974564,-0.0002113544320565,Q3,0.0012320056200487346,-0.019708914119253244,-0.02094091973930198,-0.16934499640340173,0.8655252850312675,False,not_significant,0.00021258292679130432
1934,Rodney Buford,223.0,16.0,1452.369238107921,1442.0760040901175,20.398512093350394,-3.448804759351624,0.0914731484006744,-0.2155502974594765,-1.2358581394265131,-1.457497857906437,6.298201999915763e-05,-0.0001494722170316,-0.0002124542370307,Q4,0.007679583945682764,-0.017185662073569734,-0.024865246019252496,-0.2527856974119168,0.8004338206471171,False,not_significant,0.0001621995021802349
201967,Dante Cunningham,712.0,19.0,1461.3500643718553,1463.4406995810064,-30.4883400383408,-6.732613827638351,-0.0428207023010404,-0.3543480961914921,-0.9108728030793054,-1.0256385581327625,-2.930215240346702e-05,-0.000242133552998,-0.0002128314005945,Q3,-0.002702797927078147,-0.024104734058174582,-0.021401936131096436,-0.4587172596258756,0.6464372180759969,False,not_significant,0.00024390013042823754
202357,Nemanja Bjelica,449.0,21.0,1530.58155724877,1483.52784834566,40.431488641313656,-4.82810792433447,0.0900478588893399,-0.2299099011587842,-1.2138442263871094,-2.1010744507547927,5.883244735497897e-05,-0.0001549751165205,-0.0002138075638754,Q4,0.007629399059509523,-0.017703862985585603,-0.02533326204509513,-0.353474624403906,0.7237326493137448,False,not_significant,0.00016576653342070867
305,Robert Parish,1594.0,183.0,1727.0261184365625,1755.9142462953946,62.0572006854712,-61.86511182551216,0.0389317444701826,-0.3380607203579899,-0.9025937783871104,-0.7665595525354725,2.254264950284985e-05,-0.0001925268964992,-0.000215069546002,Q4,0.0028810788797411016,-0.016724771214515655,-0.019605850094256756,-0.43724344245546515,0.6619348073221096,False,not_significant,0.000193842144339723
200752,Rudy Gay,1120.0,20.0,1748.4719477676465,1679.1871270526387,-21.14187203402465,-7.642200335214757,-0.0188766714589505,-0.3821100167607378,-0.9704686981442604,-2.036858465915644,-1.0796096261682256e-05,-0.0002275565424512,-0.0002167604461895,Q3,-0.00016794716359988724,-0.02164726530182291,-0.02147931813822302,-0.1703453544786517,0.864738544732429,False,not_significant,0.00022781250120841985
101236,Chuck Hayes,641.0,31.0,1455.113390719803,1386.538984838307,-70.9031323888009,-12.606239155493526,-0.1106133110589717,-0.4066528759836621,-1.0149403580664278,-1.0308635405479205,-7.601697006186887e-05,-0.000293286290851,-0.0002172693207892,Q3,-0.007825851280726864,-0.02029207139356611,-0.012466220112839247,-0.15107025355751566,0.879920297380546,False,not_significant,0.0003029776033612459
201939,Stephen Curry,1068.0,161.0,2021.210696773065,2048.648572513765,510.4770934292756,5.659404415892169,0.4779748065817187,0.0351515802229327,0.0716536666920312,-0.4770934980556702,0.0002364794562708,1.7158423701631015e-05,-0.0002193210325692,Q1,0.029970412264306724,0.004388600071102192,-0.02558181219320453,-0.4790228628839391,0.6319223639479158,False,not_significant,0.0002371011276693089
76336,Mack Calvin,218.0,18.0,1325.1478685344796,1314.1342725437476,-22.74902147718208,-7.097377070423645,-0.1043533095283581,-0.3942987261346469,-1.427292733930021,-3.05875649016082,-7.874842650108593e-05,-0.0003000444736681,-0.000221296047167,Q3,-0.005841194068101595,-0.024568443085538925,-0.01872724901743733,-0.08008010723709234,0.9361735440539063,False,not_significant,0.00031020638429143276
67,Tom Hammonds,679.0,20.0,1382.083534624814,1381.2371184111057,-86.36400183512963,-8.696835120379482,-0.1271929334832542,-0.4348417560189741,-0.9335090044303044,-0.9402331713110612,-9.2029845010622e-05,-0.0003148204969463,-0.0002227906519357,Q3,-0.00875407161511268,-0.03177426875650588,-0.023020197141393202,-0.4144086106088173,0.6785748839619505,False,not_significant,0.00032799609398618515
201160,Jason Smith,615.0,26.0,1421.408438040652,1406.3922203946995,-56.79518716428072,-10.568232288268568,-0.0923498978280987,-0.4064704726257142,-0.7959023778797023,-1.4174797141584614,-6.497069762397002e-05,-0.0002890164398887,-0.0002240457422647,Q3,-0.006263639782791987,-0.027802633529044208,-0.02153899374625222,-0.5255728391839986,0.5991850322064347,False,not_significant,0.00029622912428673164
203924,Jerami Grant,775.0,41.0,1612.4901315627023,1589.1201465995605,223.9604521029889,-3.010797330662752,0.2889812285199857,-0.0734340812356768,-0.2837496202011689,-0.5878924239684522,0.0001792142617579,-4.621052812955205e-05,-0.0002254247898874,Q4,0.019528900468194135,-0.0003817161839662693,-0.019910616652160405,-0.2742214309290549,0.7839144596428345,False,not_significant,0.00018507610469058726
1629028,Deandre Ayton,470.0,55.0,1799.252292746041,1845.9636169365376,253.45935061871464,7.293862023554349,0.5392752140823716,0.1326156731555336,-0.7791274779456461,-2.2871725316571143,0.0002997218434882,7.184089217078693e-05,-0.0002278809513175,Q1,0.0377570399526489,0.006132248374120701,-0.0316247915785282,-0.3482442141571702,0.7276567853066449,False,not_significant,0.00030821144893053486
77022,Johnny High,274.0,18.0,1348.2355905485838,1345.5628413360114,-111.7774557103114,-12.88849260612453,-0.4079469186507715,-0.7160273670069183,-0.9740970350250896,-1.8485354953806417,-0.0003025783635371,-0.0005321396704861,-0.0002295613069489,Q3,-0.02925073136057526,-0.05141812460793993,-0.02216739324736467,-0.1740030259400434,0.8618630841535647,False,not_significant,0.0006121489156944121
201951,Ty Lawson,551.0,36.0,1769.822355906082,1666.3238449813557,155.4660408193679,-4.287490479058235,0.2821525241730814,-0.1190969577516176,-1.1470633226773057,-2.6158353167335626,0.0001594242061817,-7.14728761220783e-05,-0.0002308970823038,Q4,0.021184576234543465,-0.01998053533904976,-0.041165111573593226,-0.36912386450186946,0.7120354017515448,False,not_significant,0.00017471247676633498
313,Vern Fleming,882.0,37.0,1673.9945297955037,1496.5649440922564,66.85568161801928,-10.344740874427082,0.0758000925374368,-0.2795875912007319,-0.9863326854708914,-2.0374815029528355,4.5280967881476064e-05,-0.0001868195512025,-0.0002321005190839,Q4,0.006474891328948482,-0.015981743474208554,-0.022456634803157034,-0.30056744955490994,0.763744355792916,False,not_significant,0.0001922287979564633
101162,Marcin Gortat,805.0,86.0,1707.80892651825,1533.924443205457,114.70953205844724,-19.61927342504492,0.1424963131160835,-0.2281310863377315,-0.8346767339583688,-1.8380699182918327,8.343808894745274e-05,-0.0001487238092777,-0.0002321618982251,Q4,0.010554000482016594,-0.01736574616096396,-0.02791974664298055,-0.4436957632908518,0.6572625589814345,False,not_significant,0.00017053060175016308
2617,Udonis Haslem,874.0,143.0,1601.3608601487972,1577.0359826735605,-57.12591369548903,-62.11538931080376,-0.0653614573174931,-0.4343733518238025,-0.8897106892023408,-1.285901256415471,-4.0816195115084696e-05,-0.0002754365509703,-0.0002346203558553,Q3,-0.004573576935669451,-0.026010205881818335,-0.021436628946148884,-0.5079310284706913,0.6115017136086618,False,not_significant,0.00027844434882770975
201,Chris Dudley,878.0,56.0,1418.3023423137952,1421.6969045554133,-99.32695843663484,-25.12321471041679,-0.1131286542558483,-0.4486288341145855,-0.7482373176441117,-1.342408119812179,-7.976342623202055e-05,-0.0003155587050074,-0.0002357952787754,Q3,-0.008033961033094127,-0.031810521490086674,-0.023776560456992547,-0.5720490427209297,0.5672887499258615,False,not_significant,0.0003254834872466164
788,Kevin Willis,1406.0,92.0,1638.6343393473694,1626.0493656782485,-27.949662833710352,-37.405249334089504,-0.0198788498106048,-0.4065787971096685,-1.0339848910097855,-0.824421628162705,-1.2131351902781493e-05,-0.0002500408694173,-0.0002379095175145,Q3,-0.0012936516348682617,-0.019199057501484904,-0.01790540586661664,-0.2860205404915409,0.7748623894128038,False,not_significant,0.0002503349877223486
1536,Stephen Jackson,853.0,72.0,1690.2397772642837,1705.927941083166,90.78674583722724,-22.336762588745888,0.1064322928924117,-0.3102328137325817,-0.9635154667667896,-1.5277218740637395,6.296875409279293e-05,-0.0001818557550183,-0.0002448245091111,Q4,0.00804229343331533,-0.013724768237349732,-0.021767061670665062,-0.21926929653821955,0.826440277745542,False,not_significant,0.00019244890133558718
1861,Negele Knight,274.0,17.0,1476.9778743369095,1430.6100032842558,10.653233355678267,-5.322077865678997,0.0388804137068549,-0.3130634038634704,-1.622263463138936,-1.220175156490669,2.632430341877016e-05,-0.0002188321087821,-0.0002451564122008,Q4,0.004055836416633752,-0.020381962060992614,-0.024437798477626362,-0.2061360054370123,0.8366846744059978,False,not_significant,0.00022040975655470498
82,Bill Wennington,715.0,70.0,1365.0936433440866,1389.5636553109289,-57.41353025329675,-29.612853443659557,-0.0802986437109045,-0.4230407634808507,-0.6532985447032293,-0.6850381279486986,-5.882280977750067e-05,-0.000304441442365,-0.0002456186325875,Q3,-0.005504803491893626,-0.03101954549939234,-0.02551474200749871,-1.0677181653610712,0.2856476618159853,False,not_significant,0.0003100721122245625
600009,Rory Sparrow,824.0,30.0,1517.220496059022,1588.8391789251623,4.292974418011249,-11.672657420646866,0.0052099204102078,-0.3890885806882289,-1.0002772514097855,-1.3434454220653405,3.4338584429491865e-06,-0.0002448885864908,-0.0002483224449337,Q4,0.0016587619379417004,-0.02424440978662196,-0.025903171724563658,-0.2574216501384496,0.7968532914986255,False,not_significant,0.00024491266030417507
203504,Trey Burke,496.0,20.0,1561.0430977330109,1487.150102141797,22.939133818047328,-6.557374550784413,0.046248253665418,-0.3278687275392206,-1.3145012470604045,-1.5010859245341523,2.9626506617646225e-05,-0.0002204678109271,-0.0002500943175447,Q4,0.005568202034152828,-0.024550429351045823,-0.03011863138519865,-0.41317747876139016,0.6794765872161876,False,not_significant,0.00022244951236033975
72,Kenny Anderson,857.0,36.0,1717.614295042728,1648.001131609925,17.977964433702255,-14.223744623590864,0.0209777881373421,-0.3951040173219684,-1.3278653687130346,-2.397017238808804,1.2213328800235877e-05,-0.0002397474187023,-0.0002519607475025,Q4,0.002584217172206664,-0.027902269635708292,-0.030486486807914954,-0.35518799841643883,0.7224487552018295,False,not_significant,0.00024005830578173842
201142,Kevin Durant,1201.0,172.0,2073.07778372774,2087.995404734082,551.1692342308663,-11.89175963294648,0.4589252574778237,-0.0691381374008516,0.0233606805144422,0.2796291626385535,0.0002213738727413,-3.311220764379832e-05,-0.0002544860803851,Q4,0.028394250741643947,-0.0006956265969319308,-0.029089877338575876,-0.5724999033294252,0.5669833513208355,False,not_significant,0.00022383656945978978
1006,Herb Williams,1084.0,55.0,1552.9840385399946,1408.0445378980623,-93.81022327748036,-24.04241445065932,-0.0865407963814394,-0.4371348081938058,-0.8108328142606331,-0.9241442456928144,-5.5725489917332925e-05,-0.0003104552423081,-0.0002547297523908,Q3,-0.005517333689951782,-0.03014050381133766,-0.024623170121385877,-0.6968703668449029,0.4858839242223915,False,not_significant,0.00031541684752579065
1885,Lamar Odom,961.0,108.0,1763.1302992774692,1764.7278183015103,112.69063960369544,-35.969292164932334,0.1172639329903178,-0.3330490015271512,-1.27060419411422,-1.5952811100962323,6.65089432348662e-05,-0.000188725421605,-0.0002552343648399,Q4,0.009526816191367955,-0.01818621905030463,-0.027713035241672585,-0.4528952686053468,0.6506241580734049,False,not_significant,0.00020010178482513256
76453,Dave Corzine,878.0,68.0,1492.7445151924949,1451.5205003359015,-1.164110227305749,-25.347282818523592,-0.001325865862535,-0.3727541590959352,-0.8489443230142497,-1.7708962384994344,-8.882068224273774e-07,-0.0002568025453375,-0.0002559143385151,Q3,0.0005255149993987534,-0.027334547512000717,-0.02786006251139947,-0.578010724207158,0.5632568789003478,False,not_significant,0.00025680408136004806
200769,Shannon Brown,398.0,53.0,1495.392117758968,1484.1206865838176,61.36964941658532,-12.102179050227718,0.1541950990366465,-0.2283430009476928,-0.9086217158881832,-1.2506894019622126,0.000103113489235,-0.0001538574342449,-0.0002569709234799,Q4,0.011051800186768754,-0.013438777343590794,-0.024490577530359547,-0.5336024539919095,0.5936166100731215,False,not_significant,0.0001852147449169212
672,Matt Bullard,607.0,35.0,1400.5500477701248,1414.7113439321242,-47.6630513957896,-15.79432504247375,-0.0785223251989944,-0.4512664297849643,-0.8971872892717114,-0.835715231158356,-5.6065347556849626e-05,-0.0003189812760889,-0.000262915928532,Q3,-0.005317331269795651,-0.03148818248942858,-0.02617085121963293,-0.9058184295748452,0.36503196466249943,False,not_significant,0.00032387092751893213
137,Vernon Maxwell,853.0,49.0,1615.1475462858705,1660.471421647844,14.406001404543726,-20.70408452254683,0.01688863001705,-0.4225323371948332,-1.2162082906982383,-2.700802332008325,1.0456400751675298e-05,-0.0002544652871986,-0.0002649216879503,Q4,0.002126789815957551,-0.02154210407786622,-0.023668893893823772,-0.23840526216060126,0.8115667864647963,False,not_significant,0.0002546800320122204
1631128,Christian Braun,280.0,51.0,1506.263593059018,1501.4712292859026,208.44024656596375,17.318639428224927,0.7444294520212992,0.3395811652593123,-0.3114695221045406,-1.2616842880760082,0.0004942225620081,0.0002261656158545,-0.0002680569461536,Q1,0.04958280744549315,0.021573448647094644,-0.02800935879839851,-0.37218190753159336,0.7097574157751871,False,not_significant,0.0005435134097634532
1629006,Josh Okogie,491.0,21.0,1452.7398987869926,1448.9239687577765,-3.45486092241273,-8.306638854226243,-0.0070363766240585,-0.3955542311536306,-0.8862736603517801,-0.6509239131034277,-4.843521286868861e-06,-0.0002729986111643,-0.0002681550898774,Q3,0.00046063421709374806,-0.027124285715709226,-0.027584919932802973,-0.7480967431237744,0.4544018063544191,False,not_significant,0.0002730415744828853
201149,Joakim Noah,671.0,61.0,1714.175371726296,1785.4918509647796,135.16257040423264,-16.633331297322584,0.2014345311538489,-0.2726775622511899,-1.0180177266285726,-1.017239774936762,0.0001175110402799,-0.0001527184580001,-0.0002702294982801,Q4,0.013825451606583862,-0.009742062569804744,-0.023567514176388606,-0.2835062287245167,0.7767888076200453,False,not_significant,0.00019269606119895805
201147,Corey Brewer,817.0,46.0,1494.4551780050765,1510.338986430669,-13.405662728504575,-19.840638940951347,-0.0164083999124903,-0.4313182378467684,-0.960574128200358,-0.9888809340560352,-1.0979519596160524e-05,-0.0002855771066772,-0.0002745975870811,Q3,-0.0006534881979035537,-0.024217566238060432,-0.02356407804015688,-0.3736736342754204,0.7086471434271564,False,not_significant,0.00028578809231436387
1629022,Lonnie Walker IV,340.0,17.0,1479.5419384686284,1523.229583330268,88.2040532970163,-2.7227237773898505,0.259423686167695,-0.1601602221994029,-1.0531937744229325,-0.8778419678398,0.0001753405425169,-0.0001051451625888,-0.0002804857051058,Q4,0.018679642083412988,-0.012490764037797572,-0.03117040612121056,-0.44583063429941755,0.6557195913880178,False,not_significant,0.00020445002094875413
689,Theo Ratliff,809.0,42.0,1567.4133511506425,1451.5940342254007,-14.403949769732264,-17.925747396810188,-0.0178046350676542,-0.4268035094478616,-0.983778727070248,-2.131984145891564,-1.1359246783615687e-05,-0.0002940240173111,-0.0002826647705275,Q3,-0.00015073871614380496,-0.033761755679499676,-0.03361101696335587,-0.5111277426986018,0.6092616109082261,False,not_significant,0.00029424336057632484
78449,Lloyd Walton,340.0,18.0,1283.9756896950455,1284.746706228541,-18.379189390658965,-7.544571723879351,-0.054056439384291,-0.4191428735488529,-0.9090283864246168,-1.6492004655623065,-4.2100827779013405e-05,-0.0003262455326928,-0.0002841447049137,Q3,-0.003322064423986693,-0.030907400797535605,-0.02758533637354891,-0.38969408454061777,0.6967627712479768,False,not_significant,0.0003289507976912155
200768,Kyle Lowry,1187.0,141.0,1756.1503551640262,1779.9511906884188,86.33061323571131,-61.11377610817377,0.0727300869719556,-0.4334310362281827,-0.7720682404592782,-0.8981341182709757,4.1414498911263526e-05,-0.0002435072593538,-0.0002849217582651,Q4,0.005315429209495954,-0.022759209656727453,-0.028074638866223408,-0.4796405967854653,0.6314829741391438,False,not_significant,0.0002470039393978765
76362,Bill Cartwright,960.0,124.0,1608.3407274882416,1529.628738788131,33.67362202076798,-49.98074506037126,0.0350766896049666,-0.4030705246804134,-0.9396666029001648,-0.7558706282419976,2.1809240421180025e-05,-0.0002635087289218,-0.000285317969343,Q4,0.0029729412560874566,-0.01991776351627911,-0.022890704772366564,-0.519957095726606,0.6030934790635905,False,not_significant,0.00026440970705655177
203210,JaMychal Green,540.0,53.0,1500.5872077726376,1482.652504618992,-0.8033944550889005,-22.526542669685785,-0.0014877675094238,-0.4250291069752035,-0.8911401887475798,-1.3934588405329629,-9.914568788256056e-07,-0.0002866680531352,-0.0002856765962564,Q3,0.00028335413987982743,-0.027617531078858885,-0.027900885218738715,-0.5911260094284397,0.5544359939239073,False,not_significant,0.000286669767633541
76272,Fred Brown,611.0,69.0,1519.323883297979,1499.1835209672122,13.861855137524037,-28.013525685742675,0.0226871606178789,-0.4059931258803286,-0.9052492889818656,-2.406274757400301,1.493240570182586e-05,-0.0002708094907676,-0.0002857418964694,Q4,0.0037266133743685554,-0.025983045776456173,-0.029709659150824727,-0.4166680236087488,0.676921246357827,False,not_significant,0.0002712208639280001
717,Arvydas Sabonis,470.0,51.0,1768.8461653815175,1789.6920445304336,186.75561227285948,-5.728968686848564,0.3973523665379989,-0.1123327193499718,-1.3310158235932774,-1.609248851488317,0.0002246393012092,-6.276650761972006e-05,-0.0002874058088289,Q4,0.027636484446159962,-0.005044082334750734,-0.03268056678091069,-0.3240684668599693,0.7458861995527766,False,not_significant,0.00023324332815009748
76616,Mike Dunleavy,419.0,67.0,1454.8964463257057,1466.350322535137,30.56162066956365,-23.335787102999618,0.0729394288056411,-0.3482953298955167,-1.2199818323144649,-2.1563247113954533,5.013375968430424e-05,-0.0002375253202068,-0.0002876590798911,Q4,0.007824300008034303,-0.03140429091866936,-0.039228590926703666,-0.5428671023873483,0.5872213079468633,False,not_significant,0.00024275846349700446
2546,Carmelo Anthony,1260.0,84.0,1900.4398875608745,1931.1557893244865,179.84136897407936,-34.496211652201744,0.1427312452175233,-0.410669186335735,-0.2866155472321225,0.0410206843249877,7.510431987444348e-05,-0.0002126546126448,-0.0002877589325193,Q4,0.011151055951881761,-0.023146459800183268,-0.03429751575206503,-0.36978843764849706,0.7115401309645291,False,not_significant,0.00022552747757848189
1712,Antawn Jamison,1083.0,46.0,1795.715729924769,1779.5559143668283,147.56082497252535,-17.519072596797187,0.1362519159487768,-0.3808494042781997,-0.5744245128605885,0.3629891545897783,7.587610537581307e-05,-0.0002140137329788,-0.0002898898383546,Q4,0.010567026033928999,-0.023791485259237348,-0.03435851129316635,-0.39489721079577295,0.692918748521852,False,not_significant,0.00022706620459795994
2594,Kyle Korver,1226.0,145.0,1545.1271904371322,1537.1584153466176,81.14954769575516,-55.61493136594768,0.066190495673536,-0.3835512507996392,-0.7938847130291531,-1.8188786486234385,4.283821816300447e-05,-0.0002495196636666,-0.0002923578818296,Q4,0.0049847212615270345,-0.0238407836643722,-0.028825504925899234,-0.6654579418381049,0.5057576356064019,False,not_significant,0.0002531702500130581
1903,Kenny Thomas,631.0,23.0,1630.102841121465,1688.8075202584848,-10.995833254427788,-11.955925374559037,-0.017426043192437,-0.519822842372132,-1.6488934422491257,-3.0760973653047348,-1.069014957390568e-05,-0.0003078046705361,-0.0002971145209622,Q3,-0.00022891101744282715,-0.03101022792535353,-0.030781316907910704,-0.2815075114163002,0.778321167660849,False,not_significant,0.0003079902506602272
1629638,Nickeil Alexander-Walker,456.0,45.0,1510.043314963166,1535.1689338788144,294.2925231018024,8.605919667883347,0.6453783401355315,0.1912426592862966,-0.6231158977712041,-1.1642974227541183,0.0004273906143886,0.0001245743416674,-0.0003028162727211,Q1,0.041063253605603034,0.024131426674341837,-0.016931826931261197,-0.2180444053946236,0.8273945131872584,False,not_significant,0.0004451758123138892
201229,Anthony Tolliver,726.0,15.0,1437.03647962948,1397.8159046286696,-70.15941279248588,-7.77704569704165,-0.0966383096315232,-0.51846971313611,-0.9775613240030392,-1.169792950752727,-6.724833433347504e-05,-0.0003709141607412,-0.0003036658264077,Q3,-0.0060727616624253996,-0.03591416918006906,-0.029841407517643657,-0.5529547656077768,0.5802943849795468,False,not_significant,0.0003769610763845195
76392,Jim Chones,469.0,29.0,1455.8977483694755,1413.5320821235227,-6.287906185518469,-12.925863670137833,-0.0134070494360734,-0.4457194369013045,-0.9346680954876476,-0.5797523352020392,-9.20878506137443e-06,-0.0003153231840565,-0.0003061143989951,Q3,0.000950085777798688,-0.03161938256885924,-0.03256946834665793,-0.31131217326704863,0.7555633138471463,False,not_significant,0.00031545762334398575
406,Shaquille O'Neal,1207.0,216.0,2075.3579995534983,2099.9084673722828,320.4804826339915,-81.65888295331006,0.2655182126213682,-0.3780503840431021,-0.5539061885685839,-0.4175743292027566,0.0001279385111766,-0.000180031839443,-0.0003079703506196,Q4,0.017830209634639972,-0.01907807456196205,-0.03690828419660202,-0.8832605131708485,0.3770955331548117,False,not_significant,0.00022086132720627017
203468,CJ McCollum,863.0,79.0,1793.0179414010554,1794.6127760722666,315.00702980404327,-15.030029463344274,0.3650139395180107,-0.190253537510687,-0.193651360661647,-1.2747414407338786,0.0002035751740625,-0.0001060136983573,-0.0003095888724198,Q4,0.02336239872578782,-0.0007117312885038196,-0.024074130014291643,-0.22994041636412185,0.818138069924726,False,not_significant,0.00022952506558972978
698,Eddie Johnson,1113.0,89.0,1636.8906708014194,1633.7845808785091,78.57599833298417,-39.187143261465934,0.0705983812515581,-0.4403049804659094,-0.9528418832731111,-2.1052573292318315,4.312956418585564e-05,-0.0002695000219852,-0.000312629586171,Q4,0.005539790253919431,-0.025681455458254905,-0.03122124571217434,-0.487389223183679,0.6259825292102159,False,not_significant,0.0002729293336321421
988,Randy Livingston,201.0,16.0,1398.1677231117203,1412.9174412882596,-31.617316054751285,-9.70242575073295,-0.1573000798743845,-0.6064016094208093,-1.0679057693558105,-1.3392100352689071,-0.0001125044422598,-0.0004291840355993,-0.0003166795933395,Q3,-0.010482745233685612,-0.042193077188477576,-0.03171033195479196,-0.44427776557550624,0.6568417744563431,False,not_significant,0.00044368478218380434
1629026,Kenrich Williams,447.0,34.0,1442.502649904904,1427.910455550183,26.49842944095465,-13.401131182260665,0.0592806027761849,-0.3941509171253136,-0.6554928502697609,-1.101698610355197,4.109566299936637e-05,-0.0002760333574092,-0.0003171290204086,Q4,0.005200695395127982,-0.027821144633797916,-0.0330218400289259,-0.9046565981391068,0.36564734100639124,False,not_significant,0.00027907573868029564
2203,Shane Battier,976.0,112.0,1608.0521033420337,1529.4159622202917,61.03260480527682,-48.09761407953209,0.0625334065627836,-0.4294429828529651,-0.807167784746486,-1.633136643157919,3.888767436877183e-05,-0.0002807888720015,-0.0003196765463702,Q4,0.005691517303324649,-0.026482303462570304,-0.03217382076589495,-0.5917214434094685,0.554037134854408,False,not_significant,0.0002834689433742017
201145,Jeff Green,1247.0,108.0,1561.093247770919,1559.3966283086947,-19.6408157830586,-56.371093651458445,-0.0157504537153637,-0.5219545708468375,-0.8270804072102843,-1.4521489283700677,-1.0089374057477847e-05,-0.0003347157236148,-0.0003246263495573,Q3,-0.0005716235756465153,-0.033779576138772346,-0.03320795256312583,-0.7742790675902111,0.4387657795126487,False,not_significant,0.00033486775166302726
1628420,Monte Morris,425.0,56.0,1585.3356648011595,1558.3965978042856,71.04788478560779,-19.14164288949525,0.1671714936131948,-0.3418150515981296,-0.8945336298675264,-0.932012464181968,0.0001054486424073,-0.0002193376526102,-0.0003247862950175,Q4,0.012329568329735347,-0.0197639815175893,-0.03209354984732465,-0.4376964495461428,0.6616063435852728,False,not_significant,0.00024336890113179087
757,Damon Stoudamire,877.0,53.0,1711.372288725599,1693.1269848074205,63.9331458729961,-25.3391233684012,0.0728998242565519,-0.4780966673283245,-1.1346214186226211,-1.4150398149779233,4.259729150507516e-05,-0.0002823749616055,-0.0003249722531106,Q4,0.0069007224723027115,-0.02537790525127935,-0.032278627723582066,-0.37205731479366383,0.7098501764201951,False,not_significant,0.0002855698656813704
2225,Tony Parker,1254.0,226.0,1820.7973353000064,1837.5596606232496,201.46416900706092,-100.50704721923678,0.160657232063047,-0.4447214478727291,-0.3373840589984567,-0.6823086232770974,8.823454919906067e-05,-0.0002420174198436,-0.0003302519690426,Q4,0.011017834652387596,-0.022069433961471367,-0.03308726861385897,-0.6295860458311812,0.5289654556617054,False,not_significant,0.0002576000139365578
203957,Dante Exum,319.0,39.0,1436.415404388253,1449.3155070100838,32.251188989034986,-15.836699759466756,0.1011009059217397,-0.4060692246017117,-0.6868160741885916,-1.2038135906701823,7.038416993640992e-05,-0.0002801800040347,-0.0003505641739711,Q4,0.008022361500537109,-0.027322900005697297,-0.035345261506234404,-0.7721665302040749,0.4400158020760651,False,not_significant,0.0002888853856437219
77498,Bob McAdoo,520.0,72.0,1661.4477788436852,1548.6710406269704,30.417839486525253,-35.33419991334537,0.0584958451663947,-0.4907527765742412,-1.3454390454495155,-1.1925045486120238,3.520775429192602e-05,-0.0003168863907828,-0.0003520941450748,Q4,0.0053546003629170134,-0.021440147156853853,-0.026794747519770866,-0.36537661871732524,0.7148302921261989,False,not_significant,0.00031883627557985003
203991,Clint Capela,737.0,95.0,1705.1079000844531,1729.5375547609542,116.90951211903328,-42.58246719486489,0.1586289173935322,-0.4482364967880515,-0.6261119886205097,-1.6370704508707106,9.303160074836052e-05,-0.0002591655182937,-0.000352197119042,Q4,0.010166753277518831,-0.021042332043812017,-0.03120908532133085,-0.5904360069220969,0.5548983765598365,False,not_significant,0.00027535730353532394
2754,Tony Allen,817.0,107.0,1566.1230950769946,1584.9981997738223,140.5561471557465,-41.1154661316959,0.1720393478038512,-0.3842566928195878,-0.9484613634716956,-1.3545867081017091,0.0001098504634435,-0.0002424335200345,-0.000352283983478,Q4,0.012484218064088662,-0.02669002360068351,-0.039174241664772166,-0.962372053178163,0.33586274677671846,False,not_significant,0.0002661599818813302
201933,Blake Griffin,764.0,68.0,1949.078613922496,1979.223131361564,107.4107398195602,-37.73063143284281,0.1405899735858117,-0.5548622269535708,-0.9462701825129766,-2.1103754284169285,7.2131504897525e-05,-0.0002803434429203,-0.0003524749478179,Q4,0.010950645525085104,-0.03047302923145155,-0.041423674756536646,-0.5797402517799405,0.5620897947708761,False,not_significant,0.00028947435117327613
203992,Bogdan Bogdanovic,525.0,39.0,1633.998364191579,1680.040098102316,122.5499625146704,-13.776000206838956,0.2334285000279436,-0.3532307745343321,-0.8287503070624116,-1.0254436727850826,0.0001428572421756,-0.0002102513951502,-0.0003531086373258,Q4,0.016953459626051777,-0.019863747824528304,-0.036817207450580085,-0.4516779540933336,0.6515010024269865,False,not_significant,0.0002541925270432307
1630217,Desmond Bane,395.0,40.0,1797.7532442945835,1809.5903308812156,374.2301503020691,12.536466755819848,0.9474181020305548,0.3134116688954962,0.595142801552339,-1.6461189933525318,0.000527001191647,0.0001731948184884,-0.0003538063731585,Q1,0.06052144484819703,0.01966380753827072,-0.04085763730992631,-0.324982279355569,0.7451944834186264,False,not_significant,0.0005547311972014804
209,Dell Curry,1079.0,51.0,1559.5075959181383,1555.2557161061568,42.078903148768426,-26.085095080873774,0.0389980566717038,-0.5114724525661525,-0.8058721670566145,-1.904599971546184,2.500664746601908e-05,-0.0003288671099352,-0.0003538737574012,Q4,0.002977674353788963,-0.03063548691556176,-0.033613161269350725,-0.5073604780500088,0.6119019110693786,False,not_significant,0.00032981647686951705
101123,Gerald Green,650.0,66.0,1483.2632028671046,1475.1698554059892,67.29432319998291,-27.774118333175014,0.1035297279999737,-0.420819974745076,-1.018232231528839,-1.5173238021798507,6.979862225386146e-05,-0.000285268827317,-0.0003550674495708,Q4,0.007944765115605412,-0.028236212407848873,-0.03618097752345428,-0.9519247195836056,0.3411351619071629,False,not_significant,0.00029368376105490344
1626164,Devin Booker,737.0,53.0,1898.2983142137464,1951.302661666339,486.5249967474916,-0.7936852100136971,0.6601424650576548,-0.0149751926417678,-0.1595715357659273,0.453654156484081,0.000347754860295,-7.674459188704031e-06,-0.0003554293194837,Q4,0.041634020018105906,-0.00025256233064798166,-0.041886582348753885,-0.3763240354631938,0.7066760126967839,False,not_significant,0.0003478395322309326
101181,Jose Calderon,889.0,39.0,1647.4505807003895,1475.5265582113004,-21.81921429798631,-21.35664074004657,-0.0245435481417168,-0.547606172821707,-0.9019179924945152,-1.51917950618482,-1.4897896440257742e-05,-0.0003711259345176,-0.0003562280380773,Q3,-0.0008625444877588879,-0.03662161126580058,-0.03575906677804169,-0.5060137922991499,0.6128469673843977,False,not_significant,0.0003714248330280389
77685,Larry Nance,868.0,68.0,1845.6877479772756,1852.3829343306904,381.4620224288204,-14.992867796775371,0.4394723760700695,-0.220483349952579,-0.2217739112829176,1.057574607323692,0.0002381076520401,-0.0001190268739072,-0.0003571345259473,Q4,0.027424046212901027,-0.00020731547346727544,-0.027631361686368306,-0.3115463531829263,0.755385310163718,False,not_significant,0.0002662003957025042
78375,Trent Tucker,747.0,66.0,1470.399082185419,1446.6283960005612,26.871971806434768,-31.860524055877264,0.0359731884958966,-0.4827352129678373,-0.8461926553092556,-1.3632840922659475,2.4464914955217817e-05,-0.0003336967629713,-0.0003581616779265,Q4,0.003164453873126009,-0.03196724342328818,-0.03513169729641419,-0.8076837952724114,0.41927263448721974,False,not_significant,0.0003345923813856048
17,Clyde Drexler,1064.0,145.0,1913.312510645849,1935.3308412745064,431.8836891507304,-41.205554949490384,0.4059057228860248,-0.2841762410309681,-0.014418464133569,-0.6015668115378962,0.0002121481569934,-0.0001468360008378,-0.0003589841578313,Q4,0.025687086410172352,-0.013193396663759242,-0.0388804830739316,-0.7125483549398239,0.4761252793414581,False,not_significant,0.00025800707675901975
201959,Taj Gibson,1007.0,71.0,1591.9249760506616,1579.3839294811537,-59.8424352338874,-44.552785170017415,-0.0594264500833042,-0.6275040164791186,-1.1240694634352084,-1.0539034434217285,-3.732993135815533e-05,-0.0003973093588999,-0.0003599794275418,Q3,-0.004026077346355722,-0.037871646849074195,-0.03384556950271847,-0.6098482085621337,0.5419623633260193,False,not_significant,0.0003990592066907543
201943,Brandon Jennings,555.0,25.0,1746.1691246840994,1532.6946856803563,67.98444847961926,-11.226807749752146,0.1224945017650797,-0.4490723099900858,-1.8292717636397189,-3.5193194407314365,7.015042244962401e-05,-0.0002929952809164,-0.000363145703366,Q4,0.011363443748225687,-0.0338687474988396,-0.04523219124706528,-0.22652460535447738,0.8207934242360053,False,not_significant,0.00030127614643237334
1628400,Semi Ojeleye,283.0,36.0,1335.5611673719704,1335.8141507219711,-76.01801110058419,-27.19017723513944,-0.2686148802140784,-0.7552827009760956,-0.7203046255370572,-1.1944656811928254,-0.0002011251051441,-0.0005654100164816,-0.0003642849113375,Q3,-0.0189833944349223,-0.056138844106230115,-0.037155449671307815,-0.886822987048681,0.3751742096075625,False,not_significant,0.0006001164842403085
1628989,Kevin Huerter,550.0,38.0,1561.149131161484,1589.888796220733,104.84596526031214,-14.755489929992224,0.190629027746022,-0.3883023665787427,-0.806116596008639,-1.426650963548344,0.0001221081470955,-0.0002442324063807,-0.0003663405534763,Q4,0.014029025438389511,-0.02287192280551611,-0.03690094824390562,-0.34256741204123453,0.7319239215932148,False,not_significant,0.00027305652878772865
201177,Josh McRoberts,426.0,23.0,1514.5908883530476,1511.9470728550975,54.07743801220067,-9.897123740577554,0.1269423427516447,-0.430309727851198,-1.4481443435259604,-1.544402096035396,8.381295815775091e-05,-0.0002846063434208,-0.0003684193015786,Q4,0.009497441850303536,-0.031325545877366426,-0.04082298772766996,-0.5215018546108723,0.6020172139516639,False,not_significant,0.0002966907188816517
203937,Kyle Anderson,747.0,83.0,1538.6100663148825,1521.5074662788045,72.33411571414635,-38.76051639045681,0.0968328188944395,-0.4669941733789977,-0.6632463792625156,-1.5893583806065728,6.29352563163475e-05,-0.000306928611084,-0.0003698638674004,Q4,0.007079063763736989,-0.03028398057827836,-0.037363044342015345,-0.9822503970711205,0.32597650489787344,False,not_significant,0.0003133145684285327
1629611,Terance Mann,459.0,38.0,1540.319937342729,1552.8613508359022,16.193296757097528,-20.56129988969575,0.0352795136320207,-0.5410868392025198,-1.4535145706717305,-2.535086356692968,2.2904016741406943e-05,-0.0003484450423801,-0.0003713490591215,Q4,0.003621680393944378,-0.03541459476007078,-0.03903627515401515,-0.3299413961796342,0.7414442436728155,False,not_significant,0.0003491969953223543
77879,Paul Pressey,712.0,74.0,1666.5116128403097,1746.9658912619393,55.95131820041353,-41.93037087609348,0.0785833120792324,-0.5666266334607226,-1.0945919204984107,-2.6507035600323565,4.715437412722223e-05,-0.0003243489963341,-0.0003715033704613,Q4,0.005876348418721761,-0.03502136138137012,-0.040897709800091886,-0.6111339293233858,0.5411109193739956,False,not_significant,0.0003277587625407871
77952,Micheal Ray Richardson,505.0,18.0,1722.653559620976,1734.9609155146118,357.8315534148191,0.990178174407891,0.7085773334946913,0.0550098985782161,-0.6369126705118526,-2.130638711480672,0.0004113289811159,3.170670767640868e-05,-0.0003796222734395,Q1,0.045662396226042595,0.012825972442455893,-0.032836423783586706,-0.14450998832391343,0.8850977696975153,False,not_significant,0.00041254920435933654
201567,Kevin Love,989.0,94.0,1783.8657468236447,1780.2230656035863,78.75192642747234,-56.96807044384468,0.0796278325859174,-0.6060433025940923,-1.0055258744500613,-1.3221520299184093,4.463779447960304e-05,-0.0003404311034407,-0.0003850688979203,Q4,0.005878074127751063,-0.034834177011210485,-0.04071225113896155,-0.7796957000576036,0.43557001043431554,False,not_significant,0.00034334511629824566
101142,Ronny Turiaf,469.0,47.0,1440.9110840526544,1462.1022075811693,26.834489737649424,-23.826165486908568,0.0572163960291032,-0.5069396912108206,-0.8382973946329229,-1.5885664481719224,3.970848490399456e-05,-0.0003467197358586,-0.0003864282207625,Q4,0.004434317478859326,-0.03330659332050533,-0.03774091079936466,-0.752619915062009,0.45167834679816116,False,not_significant,0.0003489861587616737
77615,Mike Mitchell,731.0,35.0,1684.3786718039096,1705.611006450129,123.84934040307084,-17.16241671851351,0.1694245422750627,-0.4903547633861002,-0.7575261677172789,-2.4437310152713545,0.0001005857798553,-0.0002874950745109,-0.0003880808543662,Q4,0.012804262536832358,-0.030657725480088844,-0.04346198801692121,-0.3730890949694031,0.7090821346438083,False,not_significant,0.0003045831856441304
76641,Franklin Edwards,287.0,21.0,1426.1725616467731,1458.5219107173452,15.694611072016146,-10.72926519799971,0.0546850560000562,-0.5109173903809386,-1.2078533418501776,-1.175524547140777,3.834392658411021e-05,-0.0003502980562901,-0.0003886419828742,Q4,0.004478168872241199,-0.03621624148323636,-0.04069441035547756,-0.8851739750603005,0.3760628063827518,False,not_significant,0.0003523903871369219
194,Anthony Bowie,456.0,37.0,1427.8851350878513,1420.8523195788684,-4.8439326139818935,-20.948394472628927,-0.0106226592411883,-0.5661728235845656,-0.9002867692983074,-1.0902362142549196,-7.43943541406417e-06,-0.0003984740819175,-0.0003910346465034,Q3,4.781737655326622e-05,-0.04007510238863489,-0.040122919765188156,-1.2667725951208,0.20523661381521827,False,not_significant,0.0003985435222899433
1630230,Naji Marshall,370.0,16.0,1522.2051227080483,1487.55090891744,228.13868846830067,0.2809295428784502,0.6165910499143261,0.0175580964299031,-0.6524326575866496,-1.1572828417768275,0.0004050643640046,1.180335834198843e-05,-0.0003932610056626,Q1,0.04119818943409539,-0.0007616486159266818,-0.04195983805002207,-0.4468923448586979,0.6549527914413189,False,not_significant,0.0004052362992805562
70,Steve Kerr,898.0,126.0,1457.1385417661793,1509.75125977189,38.34206510537942,-69.4966421694081,0.0426971771774826,-0.5515606521381595,-0.5828643975394021,-1.171238321098434,2.9302071116539088e-05,-0.0003653321357198,-0.0003946342068363,Q4,0.003017908378441509,-0.036399106749218285,-0.03941701512765979,-1.6656333557312835,0.0957864632661243,False,not_significant,0.00036650536252735654
177,Muggsy Bogues,885.0,19.0,1630.8769653232198,1652.572767168511,64.12677520794647,-11.049631405001808,0.0724596330033293,-0.5815595476316741,-0.8102597009499871,-0.2685668866872747,4.442985862453992e-05,-0.0003519116127201,-0.0003963414713446,Q4,0.00566532298619818,-0.03424277778979664,-0.03990810077599482,-0.37552585277770356,0.7072694231616833,False,not_significant,0.00035470522339635526
1626246,Boban Marjanovic,317.0,29.0,1553.0956675056425,1567.726568538039,34.792922346006605,-14.893139643491631,0.1097568528265192,-0.5135565394307459,-1.1955578651978835,-0.6898905125095389,7.066973086261636e-05,-0.00032758042744,-0.0003982501583026,Q4,0.007882244457356963,-0.031017611104954542,-0.03889985556231151,-0.8339279801457574,0.4043215690082912,False,not_significant,0.00033511661746617064
1641717,Cason Wallace,227.0,48.0,1530.9268322406838,1572.2115590887804,193.3580486534321,11.84500169102343,0.8517975711604938,0.2467708685629881,-0.2663083201413324,-0.232981084802398,0.0005563933907368,0.0001569578007084,-0.0003994355900284,Q1,0.05770818512788017,0.013280395060696927,-0.04442779006718325,-0.6386276277935736,0.523065203876777,False,not_significant,0.0005781084296728522
201589,Darrell Arthur,500.0,28.0,1418.8405330250462,1472.6776079291085,-26.07621949561264,-18.0581041488892,-0.0521524389912252,-0.644932291031757,-0.9681997465232284,-1.5794883085839702,-3.675708282736568e-05,-0.000437931756115,-0.0004011746732877,Q3,-0.003077597613385315,-0.043197650083560885,-0.04012005247017557,-0.6958045113469256,0.48655126361339773,False,not_significant,0.0004394716215547321
78204,Robert Smith,227.0,26.0,1304.8114297968716,1305.3873974910075,-106.86059541308082,-25.870721728183188,-0.4707515216435278,-0.9950277587762764,-1.264951038257854,-1.1318655815118104,-0.0003607812676172,-0.0007622471005072,-0.00040146583289,Q3,-0.03356782177163885,-0.07647080171816843,-0.042902979946529585,-0.7402653778867061,0.45913898452756674,False,not_significant,0.0008433171202430952
57,Doug Christie,826.0,58.0,1682.9097482617483,1724.6973355390082,148.10329190718028,-29.63404099121465,0.1793018061830269,-0.5109317412278388,-1.1810178001315292,-3.307600764475228,0.0001065427343137,-0.0002962442920851,-0.0004027870263988,Q4,0.013303955510387188,-0.03475303950702114,-0.04805699501740833,-0.5837279187568296,0.5594033806108043,False,not_significant,0.0003148206391392434
2562,Sasha Pavlovic,559.0,44.0,1398.5145775549324,1479.1928336481792,-81.64085014432546,-33.06474128294921,-0.1460480324585428,-0.7514713927943002,-0.9267707657560076,-1.1114580783785055,-0.0001044308259652,-0.0005080280107502,-0.0004035971847849,Q3,-0.01048993010800307,-0.04947490227383102,-0.038984972165827955,-0.5887016550710306,0.5560614274532951,False,not_significant,0.0005186504189900739
980,Zydrunas Ilgauskas,843.0,80.0,1704.7392924957946,1711.9246962307911,116.4438912167333,-45.255209839696434,0.1381303573152233,-0.5656901229962055,-0.8965286360324071,-1.951678613288092,8.102726201200887e-05,-0.0003304410084402,-0.0004114682704522,Q4,0.010156636085727004,-0.031675931680406784,-0.04183256776613379,-0.6778600624357046,0.4978604243151383,False,not_significant,0.00034023032970054135
76618,T.R. Dunn,977.0,76.0,1394.688952166128,1417.2648261207996,-96.03713095316786,-52.16761168135193,-0.0982979845989435,-0.6864159431756832,-0.8416961945193475,-1.7490395540195944,-7.048022030021416e-05,-0.0004843244046735,-0.0004138441843733,Q3,-0.0067551623942151175,-0.05085742621977755,-0.04410226382556243,-0.862204966263497,0.38857473730462483,False,not_significant,0.0004894257762070842
1630182,Josh Green,344.0,41.0,1443.7528192320342,1485.1035158234624,-9.74735459080901,-26.39748812362875,-0.0283353331128168,-0.6438411737470427,-0.7645374094677715,-1.405950915655533,-1.9626166429160023e-05,-0.0004335328594182,-0.000413906692989,Q3,-0.001310073965524361,-0.04590447283964818,-0.044594398874123815,-0.9400157906063371,0.3472094610628676,False,not_significant,0.0004339768733515945
76887,Kevin Grevey,605.0,68.0,1495.760872338677,1523.943783447974,24.73677648076853,-40.21744871600514,0.0408872338525099,-0.5914330693530168,-0.943155244357913,-2.792981676533957,2.733540809138915e-05,-0.0003880937576416,-0.000415429165733,Q4,0.003399188016029623,-0.034015946466853325,-0.03741513448288295,-0.3505007620021996,0.7259629183813695,False,not_significant,0.00038905525218906853
2045,Hedo Turkoglu,996.0,109.0,1607.8580082457042,1600.565662401055,59.752674073173,-66.00805290535713,0.0599926446517801,-0.6055784670216251,-1.0507350378137308,-1.7864887513028014,3.731215340167797e-05,-0.0003783527794249,-0.0004156649328266,Q4,0.004149667069766336,-0.03332095350586277,-0.0374706205756291,-0.5969320912105097,0.550552720618577,False,not_significant,0.0003801881409118614
202689,Kemba Walker,750.0,32.0,1850.9608670322036,1848.826922037948,268.43543016172833,-13.17958230816384,0.3579139068823044,-0.41186194713012,-0.004872397428119,0.2892708073007291,0.0001933665445105,-0.0002227693367187,-0.0004161358812292,Q4,0.024658533398964465,-0.020625475308921285,-0.04528400870788575,-0.3232737450746647,0.7464879358044674,False,not_significant,0.0002949860978385604
2572,Josh Howard,507.0,66.0,1725.9819180178065,1781.819369466768,112.66827990117868,-34.05859793432473,0.2222254041443366,-0.5160393626412838,-1.2132079202630135,-1.5363827912136592,0.0001287530314335,-0.0002896137349745,-0.0004183667664081,Q4,0.01576349017836034,-0.027948504960133454,-0.04371199513849379,-0.48158730263825394,0.6300991479278669,False,not_significant,0.00031694393603474383
78418,Jay Vincent,554.0,38.0,1595.4409374176948,1581.363825163553,60.35070769771258,-21.07571229661325,0.1089362954832357,-0.5546240078056118,-1.480528002314674,-1.9495655337881328,6.827974193739496e-05,-0.0003507251139681,-0.0004190048559055,Q4,0.008931338650939957,-0.03263950818352609,-0.041570846834466046,-0.4800480345259144,0.6311932377533038,False,not_significant,0.000357309709813453
898,Blue Edwards,701.0,34.0,1527.3087586191664,1559.4503450785537,68.80354928584349,-18.85741972724398,0.0981505695946412,-0.5546299919777641,-0.7717966142978014,-1.8907646202030248,6.426373779416988e-05,-0.0003556573594844,-0.0004199210972786,Q4,0.007431852687567931,-0.032820176491071995,-0.040252029178639924,-0.4310613335068196,0.6664237746170016,False,not_significant,0.00036141663679290355
76338,Tony Campbell,684.0,38.0,1494.422381779404,1392.925777185962,43.02752601815557,-20.25677876632162,0.0629057397926251,-0.5330731254295163,-0.9691350846401272,-1.4578939367895551,4.209368151842282e-05,-0.000382700309062,-0.0004247939905804,Q4,0.004953957034515196,-0.03665187256400351,-0.041605829598518704,-1.0306171170094651,0.3027204059318959,False,not_significant,0.00038500831754641966
1630559,Austin Reaves,329.0,34.0,1755.5413361025685,1747.7110658682827,397.9304037728859,15.411204885899789,1.2095149050847596,0.4532707319382291,0.1556158888384283,0.6666565381851289,0.0006889697668811,0.0002593510682574,-0.0004296186986237,Q1,0.07557593127145276,0.03455385515349621,-0.04102207611795655,-0.3247739930088752,0.7453521290293685,False,not_significant,0.0007361673154130464
101110,Martell Webster,580.0,18.0,1509.6914627121332,1525.5184143787333,47.60691651847794,-10.40220804797332,0.0820808905490999,-0.577900447109629,-1.4125033954440858,-2.682925725043924,5.436931490732754e-05,-0.000378822334534,-0.0004331916494413,Q4,0.006586543200318443,-0.03958251805081172,-0.04616906125113016,-0.44010145011059154,0.6598636317134898,False,not_significant,0.000382704041715373
2046,Desmond Mason,642.0,16.0,1558.879969587922,1656.2854709123617,13.835868198070491,-11.145419772059729,0.0215511965702032,-0.696588735753733,-1.0361599410632678,-2.975256405461151,1.3824795359901988e-05,-0.0004205728710341,-0.000434397666394,Q4,0.0022510201554492063,-0.041542543807436265,-0.04379356396288547,-0.2971943039279476,0.7663181703343124,False,not_significant,0.00042080002948741445
76499,Lou Dampier,232.0,15.0,1339.8137082622916,1315.9083748162689,-31.83679957467918,-10.820938729263492,-0.1372275843736171,-0.7213959152842329,-1.2409132860547416,-1.4718071507425687,-0.0001024228842617,-0.0005482113565733,-0.0004457884723116,Q3,-0.008175136411404866,-0.05029497989632802,-0.042119843484923154,-0.3150461769365353,0.7527265935685271,False,not_significant,0.0005576971747251581
371,Terry Mills,674.0,17.0,1565.1072163746294,1536.5797185752713,39.67197012191997,-10.719700981492467,0.0588604897951334,-0.6305706459701452,-1.2249738671155497,-1.6017189193074306,3.760796013162362e-05,-0.0004103728809819,-0.0004479808411135,Q4,0.004935149879041177,-0.04339372266365105,-0.04832887254269223,-0.6828762789197722,0.4946850242743344,False,not_significant,0.000412092538285573
1626166,Cameron Payne,497.0,72.0,1484.1623458157803,1526.9350043129955,53.756912893417216,-41.57672943755124,0.1081628026024491,-0.577454575521545,-0.8953795856040083,-2.138559894566373,7.287801291239246e-05,-0.0003781788837707,-0.0004510568966831,Q4,0.008095359488304804,-0.03981813590916639,-0.047913495397471195,-0.8423227469171778,0.39960732191775944,False,not_significant,0.0003851369534284025
2210,Richard Jefferson,1176.0,140.0,1652.490227868455,1600.4930097241822,77.25112059250482,-92.5342701083703,0.065689728394987,-0.6609590722026449,-0.7975519701798034,-1.8692190215094329,3.975196178903895e-05,-0.0004129721705667,-0.0004527241323557,Q4,0.004732415776258266,-0.03877466275120017,-0.04350707852745844,-0.8440937201391565,0.39861703663657616,False,not_significant,0.0004148809854990329
955,Samaki Walker,439.0,46.0,1503.0053529637016,1508.993467670368,7.774081004907223,-30.641833284361944,0.0177086127674424,-0.6661268105296074,-1.0267890987084878,-1.5571771678421409,1.1782135527677056e-05,-0.0004414378357502,-0.0004532199712778,Q4,0.001767679685756164,-0.044462818375284256,-0.04623049806104042,-0.7935703349358441,0.42744560797742787,False,not_significant,0.0004415950424873598
78014,Tree Rollins,1128.0,93.0,1451.5750761942818,1450.323068455922,-84.6677011959312,-69.45767135032078,-0.0750600187907191,-0.7468566811862449,-0.7275062026140016,-0.4082184076376624,-5.170936041938003e-05,-0.0005149588373998,-0.0004632494769804,Q3,-0.005172674622492882,-0.049313173129687936,-0.04414049850719505,-0.8515745378868856,0.3944502766710108,False,not_significant,0.0005175485119011889
200779,Steve Novak,415.0,19.0,1418.6334765910403,1427.0181067622511,-54.23174393369519,-15.203194750241646,-0.1306789010450486,-0.8001681447495603,-0.9408364824282692,-1.9572538226862104,-9.211604209359876e-05,-0.0005607273943881,-0.0004686113522945,Q3,-0.009037815746054053,-0.056141021500155146,-0.04710320575410109,-0.7682331622688587,0.44234867500186353,False,not_significant,0.0005682434126571618
77323,Kevin Kunnert,328.0,15.0,1347.8163630299946,1355.0559898547322,-14.43078850760315,-10.198149345127147,-0.0439963064256193,-0.6798766230084765,-1.270785098160221,-3.922632185421393,-3.26426563977249e-05,-0.0005017332332381,-0.0004690905768403,Q3,-0.0012512913905164376,-0.04404173845738364,-0.04279044706686721,-0.12683193367674445,0.899073420412647,False,not_significant,0.0005027939740612029
76567,Coby Dietrick,477.0,28.0,1315.3847775522904,1314.9386467124295,-1.055858980876318,-17.444165139188872,-0.0022135408404115,-0.623005897828174,-0.7185966984971338,-2.173421084668301,-1.6828086185782043e-06,-0.0004737908490147,-0.0004721080403961,Q3,0.0005413871453376981,-0.04440807547861137,-0.04494946262394907,-0.5191482098524338,0.6036573914999732,False,not_significant,0.00047379383750204793
77376,Lafayette Lever,737.0,48.0,1708.4960014653898,1677.9284239037293,177.86036818636,-26.76420351146094,0.2413302146354952,-0.5575875731554363,-0.6529592439518175,-2.8495937524647665,0.0001412530169391,-0.0003323071265806,-0.0004735601435198,Q4,0.01729338479202545,-0.037960107663289194,-0.05525349245531464,-0.5203797805682076,0.6027988998669442,False,not_significant,0.00036108231910556433
76247,Randy Breuer,670.0,59.0,1462.3638026294811,1469.677266088975,-0.044772310970619,-41.077222973475386,-6.682434473226726e-05,-0.696224118194498,-0.9641000904080148,-1.4482429091275328,-4.5696115161022315e-08,-0.0004737258541443,-0.0004736801580291,Q3,0.0001329442362512848,-0.046061315032962624,-0.04619425926921391,-1.1056977038404596,0.2688573842103924,False,not_significant,0.00047372585634824864
199,Reggie Williams,598.0,24.0,1622.762752191064,1646.887781746456,95.47093731768226,-14.901930614567178,0.1596503968523114,-0.6209137756069657,-1.1719334298243174,-2.436414092348687,9.83818470301654e-05,-0.000377022516342,-0.0004754043633721,Q4,0.012583660990751568,-0.04015842534813869,-0.05274208633889026,-0.35983968418165885,0.7189670245925215,False,not_significant,0.00038964723231908185
404,Kevin Duckworth,683.0,67.0,1556.7445551300143,1591.1727252370383,-27.673909799166022,-53.922764817832864,-0.040518169544899,-0.8048173853407891,-1.2302830638038202,-2.077131275117904,-2.602750040870711e-05,-0.0005058013957729,-0.0004797738953642,Q3,-0.0029753541716918052,-0.049549051418260937,-0.04657369724656913,-0.6380070589291508,0.5234690850475976,False,not_significant,0.0005064706138991077
2446,Rasual Butler,793.0,40.0,1465.575608185896,1442.4005543882358,17.12317632475069,-26.906668967785954,0.0215929083540361,-0.6726667241946489,-0.9553110654303772,-1.5455906039714236,1.4733397740403236e-05,-0.0004663522363106,-0.000481085634051,Q4,0.002351925258069053,-0.047042487954855966,-0.04939441321292502,-0.8136304172357487,0.41585670719462414,False,not_significant,0.0004665849133018283
1628436,Luke Kornet,420.0,64.0,1476.2264434684694,1543.4126144025886,142.13015748957707,-24.95590182889265,0.3384051368799454,-0.3899359660764476,-0.7370298644476685,-1.3536892124081246,0.0002292366041654,-0.0002526453149583,-0.0004818819191238,Q4,0.024047658201728023,-0.026366640665972562,-0.05041429886770059,-1.3958757342328703,0.16275191906462572,False,not_significant,0.00034114377593569387
1628464,Daniel Theis,410.0,41.0,1521.7746953394728,1532.642386821162,36.9232657028381,-26.721640540147213,0.0900567456166783,-0.651747330247493,-1.0504905464004417,-1.6062719445605764,5.9178764039435365e-05,-0.0004252442290854,-0.0004844229931249,Q4,0.006655038016748625,-0.042665338688607585,-0.0493203767053562,-0.8147573562352731,0.41521121496459834,False,not_significant,0.0004293422649631309
78110,Brad Sellers,398.0,28.0,1469.4602549241486,1460.4592785284192,-80.00707001766727,-25.44182476385154,-0.2010227889891137,-0.9086365987089836,-1.05960035306438,-2.161848466608645,-0.0001368004260853,-0.0006221581197556,-0.0004853576936703,Q3,-0.01429699279891424,-0.05602652269458252,-0.04172952989566828,-0.41156596276806784,0.6806575838491712,False,not_significant,0.0006370204726340772
77334,Mark Landsberger,412.0,41.0,1338.9977407848537,1293.8888230635946,-141.0846951416006,-39.34321514429295,-0.3424385804407782,-0.9595906132754376,-0.8798146135193445,-1.0110346978108198,-0.0002557424631949,-0.0007416329719916,-0.0004858905087967,Q3,-0.024770152096699086,-0.07039100282630058,-0.045620850729601495,-1.3417920113307709,0.17966344317741023,False,not_significant,0.0007844894343623043
78500,Paul Westphal,517.0,48.0,1773.2222785853544,1777.6850294155784,6.276625134503032,-40.9259948699487,0.0121404741479749,-0.8526248931239313,-0.945747502866707,-2.212050582198284,6.846560803229009e-06,-0.0004796265249554,-0.0004864730857586,Q4,0.002680841251725324,-0.057921648680533816,-0.06060248993225914,-0.7341461412595359,0.46285967448577425,False,not_significant,0.0004796753890243122
101179,Ronnie Price,529.0,27.0,1373.4355252820994,1390.8779096004798,-72.83662199995032,-22.165773489645375,-0.1376873761813805,-0.8209545736905696,-0.8166661096788496,-1.4118755417579194,-0.0001002503384009,-0.0005902420104769,-0.000489991672076,Q3,-0.009678013566494805,-0.05914285649179696,-0.04946484292530215,-1.4892795538235777,0.13641376948289946,False,not_significant,0.000598695048652741
101106,Andrew Bogut,704.0,77.0,1663.3382318570298,1571.5093637455527,65.84424833523988,-52.60484917884079,0.0935287618398293,-0.6831798594654648,-1.3216833116168694,-1.8097908393164213,5.622955094070641e-05,-0.0004347284688378,-0.0004909580197785,Q4,0.007086294523712572,-0.041728868457546205,-0.04881516298125878,-1.0055292855763054,0.3146420551220318,False,not_significant,0.0004383498648534656
1626145,Tyus Jones,744.0,32.0,1509.664004155857,1534.8757002627535,54.358140601739215,-21.81282012308624,0.0730620169378215,-0.6816506288464449,-0.8379989546062463,-2.560176830329155,4.839621050557859e-05,-0.0004441080334581,-0.0004925042439637,Q4,0.0055632451459649125,-0.04612258184124918,-0.051685826987214085,-0.7116638747030702,0.4766729429477232,False,not_significant,0.0004467372142247846
123,Robert Pack,551.0,33.0,1530.5520077194226,1509.152367869515,59.52139033821305,-21.128433241984105,0.1080243018842342,-0.6402555527873971,-1.2636873913810789,-1.85510412943462,7.057865485093467e-05,-0.000424248449937,-0.0004948271047879,Q4,0.008200745562658871,-0.04447032184348637,-0.05267106740614525,-0.6325556031114195,0.5270238872398512,False,not_significant,0.000430079171542304
896,Tim Hardaway,867.0,56.0,1844.8520372868563,1883.6735108504577,177.56047033303923,-40.52095611753454,0.2047986970392609,-0.7235885020988311,-0.6179222962704853,-1.3858468878095915,0.0001110109065117,-0.0003841368994843,-0.000495147805996,Q4,0.015190611405967445,-0.04590879132589878,-0.06109940273186622,-0.5485063509268817,0.583344269660054,False,not_significant,0.0003998556976084755
383,Kendall Gill,966.0,27.0,1659.1934032823503,1686.5695661531774,54.29652761326225,-21.3150941250996,0.0562075855209754,-0.7894479305592446,-0.7277583353115105,-2.034267982796399,3.387645190113523e-05,-0.0004680790798092,-0.0005019555317103,Q4,0.0046089393149617176,-0.04542847542337669,-0.05003741473833841,-0.3898343011584067,0.6966590777844845,False,not_significant,0.0004693033549298762
2747,JR Smith,975.0,140.0,1612.931626285177,1640.403435524271,127.22116357520387,-97.8656638329686,0.1304832446925168,-0.6990404559497758,-0.7988207847078065,-1.5345362827481654,8.08981872300683e-05,-0.0004261393513397,-0.0005070375385697,Q4,0.009131142422796017,-0.03991978062888668,-0.04905092305168271,-1.0353090979394752,0.3005245823494829,False,not_significant,0.0004337502316510407
1628392,Isaiah Hartenstein,425.0,65.0,1509.0054250107523,1689.6544746671389,278.04256763486416,-8.104475254973288,0.6542178061996804,-0.1246842346918967,-0.4603286593096923,-0.9135059758716306,0.0004335423818605,-7.379274080072464e-05,-0.0005073351226612,Q4,0.04244108764695603,-0.006937669939595097,-0.04937875758655113,-1.106381488684783,0.26856143431415963,False,not_significant,0.00043977763183699844
2436,Flip Murray,485.0,45.0,1523.0312503083458,1542.3170517130786,139.56788067768375,-22.196571697737085,0.2877688261395542,-0.4932571488386019,-1.4136067945017796,-2.016443980942909,0.0001889447941933,-0.0003198156619553,-0.0005087604561486,Q4,0.02166264390733359,-0.03429474980906881,-0.0559573937164024,-0.7468702421606201,0.4551418901986507,False,not_significant,0.0003714595440753343
727,Eric Snow,837.0,101.0,1533.1940456928303,1591.3814629799408,47.99729670284462,-76.38861648920721,0.0573444405051907,-0.756322935536705,-0.6753576188144539,-1.3816531761394777,3.740194573954108e-05,-0.0004752618734922,-0.0005126638192318,Q4,0.003407135636931831,-0.043197255128777014,-0.046604390765708846,-0.879687828489415,0.37902844481174447,False,not_significant,0.0004767313225921069
203648,Thanasis Antetokounmpo,210.0,20.0,1377.2174345739336,1383.956404311472,-122.20222809122332,-25.93426843499596,-0.5819153718629683,-1.296713421749798,-0.8840110140111754,-1.3934430623097696,-0.0004225297743511,-0.0009369611771802,-0.0005144314028291,Q3,-0.04260982595169624,-0.09488573397645761,-0.05227590802476137,-1.5495754628342528,0.12124344609608083,False,not_significant,0.0010278266671750144
77817,Billy Paultz,618.0,70.0,1409.577762788625,1408.886274378837,38.97048970321481,-46.49330218699413,0.0630590448272084,-0.6641900312427733,-0.8753789553309439,-0.5203516446583567,4.473612346328177e-05,-0.0004714291304566,-0.0005161652539199,Q4,0.005850361794828772,-0.04250307362883828,-0.04835343542366705,-0.7587717309425641,0.4479891189315554,False,not_significant,0.00047354698371501427
224,Eddie Jones,954.0,81.0,1786.4346434045035,1767.7140265070896,139.56331734893146,-62.5341476093908,0.1462927854810602,-0.7720265136961827,-1.0130274384313205,-1.3722496744620716,8.189092504512915e-05,-0.0004367372222653,-0.0005186281473104,Q4,0.011502212747454228,-0.04755439960633294,-0.059056612353787175,-0.7010965848880701,0.48324274146633905,False,not_significant,0.000444348427381888
201575,Brandon Rush,480.0,22.0,1491.2854429457652,1399.7423895618404,-19.75529630586701,-16.95027200747249,-0.0411568673038895,-0.7704669094305676,-1.0675222910658158,-1.1505937029301072,-2.759824921417568e-05,-0.0005504347908415,-0.0005228365416274,Q3,-0.0018319713763924618,-0.05308650206552255,-0.051254530689130086,-1.2232055823206862,0.22125205767652617,False,not_significant,0.0005511262308477193
1521,Jacque Vaughn,753.0,70.0,1408.4181845045498,1398.2685502978577,-5.346701970604777,-52.16083588074208,-0.0071005338255043,-0.7451547982963154,-0.6832215183314774,-1.2402584983834717,-5.041495419204746e-06,-0.0005329125067838,-0.0005278710113646,Q3,-0.0003272840282110724,-0.05174026313764033,-0.05141297910942926,-1.7687918589988687,0.07692861584452018,False,not_significant,0.000532936353200507
399,Sean Rooks,741.0,24.0,1401.5609346886672,1454.900136969099,-81.15744698184233,-21.16964680711921,-0.1095242199485051,-0.8820686169633004,-0.9558926489876972,-1.3018146668620032,-7.814445825206602e-05,-0.0006062743377018,-0.0005281298794498,Q3,-0.007123895098795498,-0.060332208565704135,-0.05320831346690864,-1.0890699708241567,0.2761230310056434,False,not_significant,0.0006112897258348655
201599,DeAndre Jordan,1118.0,71.0,1628.5108902545212,1784.6795207408793,64.41649867369169,-62.8251688514836,0.0576176195650194,-0.8848615331194872,-0.9007590389657606,-1.147926178038699,3.5380555272807725e-05,-0.0004958097646305,-0.0005311903199033,Q4,0.004375093115671189,-0.05635340669819237,-0.06072849981386356,-1.1845164658237224,0.2362086822087912,False,not_significant,0.0004970705245680577
1629723,John Konchar,361.0,18.0,1418.2497286299497,1426.0764362349437,-28.14593506231809,-15.118245039940646,-0.0779665791199947,-0.8399025022189248,-0.9753231794004968,-1.9141595417914885,-5.497380154291417e-05,-0.0005889603676759,-0.000533986566133,Q3,-0.0051262059324207595,-0.055574803252322676,-0.050448597319901915,-0.9099567813343074,0.3628453027224746,False,not_significant,0.000591520442207208
2403,Nene Hilario,965.0,91.0,1666.9460978312986,1675.8784690143473,108.3758401888238,-71.82156779496556,0.1123065701438588,-0.7892479977468743,-0.8693731291524311,-1.5960818776176395,6.737264647607382e-05,-0.0004709458426368,-0.0005383184891128,Q4,0.008138636044627466,-0.045977717167675666,-0.054116353212303125,-0.9745050318498915,0.32980584194264273,False,not_significant,0.00047574053872891217
201168,Tiago Splitter,351.0,64.0,1607.9365323745433,1635.0205847880484,132.69436964411048,-31.79575112178222,0.3780466371627079,-0.4968086112778472,-0.8840449366600388,-2.3344370245266703,0.0002351129099631,-0.00030385465229,-0.0005389675622532,Q4,0.025825343146112654,-0.02902493841424981,-0.054850281560362465,-0.8894748377374906,0.37374794037106923,False,not_significant,0.0003841949116654118
203079,Dion Waiters,419.0,23.0,1590.211070692358,1539.2225952176152,158.42752650701308,-10.755590311386973,0.3781086551480025,-0.467634361364651,-0.9166435761450658,-1.8505450299750743,0.0002377726215824,-0.0003038120430518,-0.0005415846646343,Q4,0.027397698348161043,-0.029005929153854033,-0.05640362750201507,-0.6605224688397312,0.5089186044804104,False,not_significant,0.0003857947343827751
278,Stacey Augmon,990.0,75.0,1488.236592492969,1478.2743280032714,-21.33130493301008,-61.75009515744559,-0.0215467726596061,-0.8233346020992744,-0.9533772401234716,-1.74380833371718,-1.4478055954472127e-05,-0.0005569565719316,-0.0005424785159771,Q3,-0.0015938272823365254,-0.045901734045404034,-0.044307906763067506,-0.8641839259937174,0.3874868608407961,False,not_significant,0.00055714471829321
2430,Carlos Boozer,860.0,83.0,1797.8485284182943,1814.950196982213,211.212822735922,-62.06199995278408,0.245596305506886,-0.7477349391901696,-0.9838693265474838,-2.9858417123401293,0.000136605671515,-0.0004119864778843,-0.0005485921493993,Q4,0.01684726712579699,-0.04032853424143604,-0.057175801367233034,-0.7093619492985429,0.478099894153166,False,not_significant,0.00043404373909731135
203915,Spencer Dinwiddie,621.0,36.0,1662.6947744107692,1673.0961606950118,193.81298570624696,-22.092749447536544,0.3120982056461304,-0.6136874846537929,-0.8223623867380232,-2.9552712134371464,0.0001877062527947,-0.0003667974974007,-0.0005545037501955,Q4,0.021612914512050788,-0.0393742347781569,-0.06098714929020769,-0.7774309309503347,0.4369045695133272,False,not_significant,0.0004120364564424419
77553,Tom McMillen,646.0,25.0,1376.7505107871057,1384.376648127238,5.504410606900928,-19.02288158663073,0.008520759453407,-0.7609152634652294,-0.894208824648151,-1.9139504877115765,6.189036711187115e-06,-0.0005496446826769,-0.0005558337193881,Q4,0.0016961120445608616,-0.052946292596445274,-0.054642404641006136,-0.9973364696554634,0.31860121723100693,False,not_significant,0.0005496795260607789
76252,Junior Bridgeman,743.0,46.0,1578.05524457241,1650.2813384277006,33.409127404227334,-40.32894720382656,0.0449651782021902,-0.876716243561447,-1.0761663102600143,-1.953327729155202,2.849404566591963e-05,-0.0005312525950252,-0.0005597466406911,Q4,0.004837536790644601,-0.05768782026716108,-0.06252535705780568,-0.6821605640326984,0.4951374279293481,False,not_significant,0.0005320161937003616
1905,Andrei Kirilenko,797.0,55.0,1728.3178330074277,1690.4358857045447,177.69084127807884,-40.07171202585153,0.2229496126450173,-0.7285765822882097,-1.1336272153671447,-1.43592959687409,0.0001289980398206,-0.0004309992401661,-0.0005599972799867,Q4,0.015636285726245272,-0.04256119622329154,-0.05819748194953681,-0.6770584955700745,0.49836884106739077,False,not_significant,0.00044988980795447305
1628975,Jevon Carter,463.0,25.0,1409.7759566392538,1401.430750919988,-43.604710337790586,-22.02118333322783,-0.0941786400384245,-0.8808473333291132,-0.8613368577145152,-1.3143805434189275,-6.680397661408256e-05,-0.0006285343266164,-0.0005617303500023,Q3,-0.00625695938051006,-0.060931707545624915,-0.054674748165114855,-1.1669063782110796,0.24324817985636185,False,not_significant,0.0006320744980036659
1630631,Jose Alvarado,296.0,32.0,1509.4817530753776,1483.8576041886172,68.19851588967744,-19.51869310647519,0.2304003915191805,-0.6099591595773497,-0.8407214830200263,-0.4127338553630734,0.0001526354267282,-0.0004110631356105,-0.0005636985623388,Q4,0.016760970728343972,-0.04001808878221086,-0.056779059510554834,-0.8579880950294053,0.39089903719871255,False,not_significant,0.00043848657328410414
920,A.C. Green,1274.0,152.0,1622.509829234416,1614.2622449280184,160.64935914146938,-120.98816718311096,0.1260983980702271,-0.7959747840994141,-0.8601618070313269,-2.062523758099104,7.771811042262028e-05,-0.000493088893456,-0.0005708070038786,Q4,0.009004621376643256,-0.04977819943408978,-0.05878282081073304,-1.651726725518932,0.09859027195850202,False,not_significant,0.0004991760826976039
2037,Jamal Crawford,1323.0,74.0,1687.525404074994,1691.6406432945364,144.3230163741332,-63.48178755174655,0.1090876918927688,-0.8578619939425209,-0.7847549938951804,-1.7707253494294857,6.464358499691123e-05,-0.0005071183394315,-0.0005717619244285,Q4,0.007698157758143618,-0.04690597475520153,-0.05460413251334516,-0.8215948497135259,0.4113075214906783,False,not_significant,0.0005112218728390003
344,Dana Barros,840.0,28.0,1544.7968348735612,1476.892505099668,59.43137599962496,-21.76262083986524,0.0707516380947916,-0.7772364585666158,-1.178224106630339,-1.4699353178617445,4.579996313921921e-05,-0.0005262647456621,-0.0005720647088013,Q4,0.005906013086849676,-0.05261370597179174,-0.05851971905864142,-1.5114598659262293,0.13067132658165367,False,not_significant,0.0005282539343444104
201960,DeMarre Carroll,570.0,64.0,1549.214428081883,1636.797784215808,112.45705656176878,-46.71212101956704,0.1972930816873136,-0.7298768909307349,-0.781492182620615,-1.826860790694275,0.0001273504029597,-0.0004459175702516,-0.0005732679732113,Q4,0.013568109269583892,-0.04325530225803013,-0.056823411527614026,-0.7595730568847249,0.4475098293076335,False,not_significant,0.00046374627178349216
283,Lindsey Hunter,931.0,141.0,1526.430465702209,1436.9135705542917,14.105139230768154,-114.20965237217234,0.0151505254895468,-0.8099975345544138,-0.9619484033793428,-1.0353034317387453,9.925460628550244e-06,-0.0005637065103657,-0.0005736319709943,Q4,0.001333227921664117,-0.05256809352122394,-0.053901321442888055,-1.6121336669999267,0.10693285594837895,False,not_significant,0.0005637938848527571
200746,LaMarcus Aldridge,1076.0,72.0,1890.153061284973,1937.4135027798216,336.84643804089774,-56.96524852938302,0.313054310446931,-0.7911840073525419,-0.1729595047755341,-3.5224942197986326,0.0001656237882841,-0.0004083712672681,-0.0005739950555522,Q4,0.020699240498844775,-0.041103088104355666,-0.06180232860320044,-0.7489019095082089,0.4539163293317177,False,not_significant,0.0004406793972671406
78381,Jeff Turner,574.0,24.0,1363.8570551203024,1374.849312816826,-39.937354242865375,-20.624712635463755,-0.0695772722001139,-0.8593630264776565,-0.8943435627780485,-0.93804326224253,-5.1015076645240256e-05,-0.0006250597927106,-0.0005740447160654,Q3,-0.004419534157473887,-0.06255836759722239,-0.05813883343974849,-1.1314272218322365,0.2578753193341115,False,not_significant,0.0006271381685948784
2734,Devin Harris,984.0,64.0,1602.0355360939593,1596.6605396209584,20.57212167457009,-57.339439013642334,0.020906627718059,-0.8959287345881615,-0.936490278236892,-2.083919258530172,1.305003993171901e-05,-0.000561126621693,-0.0005741766616248,Q4,0.0017635203430029635,-0.0563605873976583,-0.05812410774066126,-0.7856663006114389,0.4320630109805407,False,not_significant,0.0005612783526155438
2427,Roger Mason Jr.,501.0,24.0,1421.5071471460335,1472.7034032119311,-67.39036201689953,-23.73159808867769,-0.1345117006325339,-0.9888165870282368,-1.0128323803857744,-2.1895108785400685,-9.462611630380736e-05,-0.0006714295525301,-0.0005768034362263,Q3,-0.009250629022101576,-0.06568499030171068,-0.056434361279609116,-0.673451794085899,0.5006599071225949,False,not_significant,0.0006780647062762609
1629013,Landry Shamet,449.0,83.0,1468.5933360233707,1467.75665334552,120.94197890703046,-48.17628277511782,0.2693585276325845,-0.5804371418688894,-0.6138854809773677,-1.5893477401961689,0.0001834126037654,-0.0003954587026029,-0.0005788713063683,Q4,0.01928078578665484,-0.038405029158799245,-0.057685814945454085,-1.3043770475436498,0.1921050570321031,False,not_significant,0.0004359217460558403
202696,Nikola Vucevic,1036.0,27.0,1815.217972635333,1822.442184653924,291.6619639264384,-20.87302598960896,0.2815269922069868,-0.7730750366521837,0.0877980129815089,-2.786058972663844,0.0001550926646006,-0.0004241972904062,-0.0005792899550068,Q4,0.018836200708405595,-0.04454978670571043,-0.06338598741411602,-0.5203512789457183,0.6028187612941656,False,not_significant,0.0004516603544710075
202681,Kyrie Irving,779.0,97.0,1942.5139410428355,1952.1989618729308,551.8186784997373,-41.45876446786024,0.7083680083436936,-0.4274099429676313,0.2091699901973209,2.415996167037622,0.000364665598211,-0.0002189376960622,-0.0005836032942733,Q4,0.0433393641330631,-0.01814508427656931,-0.0614844484096324,-0.8501686696579321,0.3952313177364405,False,not_significant,0.00042534070258512855
201564,O.J. Mayo,547.0,26.0,1631.3777986185485,1581.808388489305,87.5478311773617,-20.041558966834277,0.1600508796661091,-0.7708291910320875,-1.0823798251674022,-3.961925325205124,9.810779563240368e-05,-0.0004873088274416,-0.000585416623074,Q4,0.013609324825151103,-0.04708172492072996,-0.06069104974588107,-0.5019326064424678,0.615714928125689,False,not_significant,0.0004970865446442466
901,Otis Thorpe,1175.0,78.0,1731.3056632490748,1716.9800039272832,60.0555808677679,-74.45617036273526,0.0511111326534194,-0.9545662867017342,-1.0421799367055646,-1.9135979990338277,2.952172671664528e-05,-0.0005559565542512,-0.0005854782809679,Q4,0.004426965779837248,-0.06272796870590634,-0.0671549344857436,-1.099208339828326,0.2716772018710002,False,not_significant,0.0005567398158594369
2551,T.J. Ford,429.0,18.0,1666.9974443185945,1693.5891412395458,97.88396596370784,-13.699721042258274,0.2281677528291558,-0.761095613458793,-1.5345757650230702,-0.4064260093094964,0.0001368734868831,-0.0004493980239515,-0.0005862715108346,Q4,0.017282562017030156,-0.04461656097253224,-0.0618991229895624,-0.4692577405943322,0.6388854177444285,False,not_significant,0.0004697796668046108
201228,C.J. Watson,596.0,48.0,1516.7593339580317,1514.666114632701,52.82331541078136,-38.44089479849913,0.0886297238435928,-0.8008519749687318,-1.148988763861181,-1.879575287692364,5.843361030277018e-05,-0.0005287316902596,-0.0005871653005623,Q4,0.006782884675542649,-0.052858518503610986,-0.05964140317915364,-1.3609194334887151,0.17353915142625717,False,not_significant,0.0005319508314663955
76441,Wayne Cooper,965.0,74.0,1433.4892462707307,1474.3861618773726,-23.624705942945912,-66.75398268434718,-0.0244815605626382,-0.9020808470857726,-0.9570937504561284,-1.0703916684824175,-1.7078300814831945e-05,-0.0006118348573871,-0.0005947565565722,Q3,-0.001536785514815499,-0.059901456860417146,-0.05836467134560165,-1.626536419957504,0.10383559225206991,False,not_significant,0.0006120731664373262
134,Kevin Johnson,733.0,105.0,1916.2561208290272,1926.1796841548544,338.2804662350813,-71.93925158229932,0.4615013181924711,-0.6851357293552316,-0.4532649437949548,-2.4573310308514427,0.0002408348827571,-0.0003556966855124,-0.0005965315682695,Q4,0.029926824565387044,-0.03552856181552168,-0.06545538638090873,-0.9429513222120484,0.3457058019799299,False,not_significant,0.0004295597430359755
1627777,Georges Niang,539.0,58.0,1426.6051252562108,1439.293688209944,63.64757411316411,-43.03177021277277,0.1180845530856477,-0.7419270726340133,-0.529157299309567,-1.6834743940256025,8.277311709814608e-05,-0.0005154799737618,-0.0005982530908599,Q4,0.008428023655691218,-0.05086443871029146,-0.05929246236598268,-1.5705727196050696,0.11628193078482751,False,not_significant,0.0005220833192734752
78025,Dan Roundfield,723.0,38.0,1640.382274899282,1639.0124870094685,27.386901299786068,-35.85022103429372,0.0378795315349738,-0.9434268693235188,-1.0928086244962627,-2.259204646970868,2.309189273414917e-05,-0.0005756068832915,-0.0005986987760257,Q4,0.003814145479096542,-0.052181894633029545,-0.05599604011212608,-0.4953219932547784,0.6203728486232518,False,not_significant,0.0005760698912481019
440,Zan Tabak,246.0,18.0,1403.244178290216,1387.087959001567,-24.05791307052288,-16.776995344619557,-0.0977963945956214,-0.9320552969233088,-1.0842626055716216,-1.3641338979106972,-6.96930698937811e-05,-0.0006719511123102,-0.0006022580424165,Q3,-0.006110110226882107,-0.06771727755828592,-0.061607167331403825,-1.4369859200748836,0.15072199430653038,False,not_significant,0.000675555638956655
1629057,Robert Williams III,288.0,63.0,1609.6727354692143,1688.068990989122,192.58998088625208,-20.307586222263375,0.6687152114105975,-0.322342638448625,-0.4445814687358637,-1.9814113197687264,0.0004154355085201,-0.0001909534741585,-0.0006063889826786,Q4,0.04392661009548528,-0.015753196854270637,-0.059679806949755915,-1.0762488239146868,0.28181598945319486,False,not_significant,0.00045721974042308697
78133,Lonnie Shelton,661.0,52.0,1511.6257125659574,1570.260564117821,43.15629652982389,-46.23116347646004,0.0652894047349832,-0.88906083608577,-1.2687552590283877,-4.498636385178411,4.3191515063709525e-05,-0.0005661868204562,-0.0006093783355199,Q4,0.005869014448755916,-0.055491963279558486,-0.061360977728314406,-0.6343490594730192,0.5258530462031283,False,not_significant,0.0005678318612334112
201965,Jeff Ayres,227.0,33.0,1381.1358304427365,1376.2340458525273,-53.0889757741186,-35.484928695417615,-0.2338721399740907,-1.0753008695581094,-0.8263525263541078,-1.0547182806952016,-0.000169333192883,-0.0007813357566604,-0.0006120025637774,Q3,-0.016670116234434096,-0.0770089354855044,-0.0603388192510703,-1.5639551982956772,0.11782809014112554,False,not_significant,0.0007994743866116231
905,Dale Davis,1088.0,136.0,1639.0606334288514,1655.5253574843705,108.151677548541,-124.1388103321695,0.0994041153938795,-0.9127853700894816,-0.9173208863273544,-1.7622914905435767,6.064700314711972e-05,-0.0005513569248353,-0.0006120039279824,Q4,0.006614807207342575,-0.05552443310953404,-0.06213924031687661,-1.4117710780217565,0.15801737698841503,False,not_significant,0.0005546823573492898
77839,Jim Petersen,478.0,46.0,1447.9852297018963,1448.4808932332264,-49.16687635362519,-45.66481459928627,-0.1028595739615589,-0.9927133608540492,-1.1360232378324622,-0.9829768219681376,-7.103634198170321e-05,-0.0006853479155242,-0.0006143115735425,Q3,-0.00732823960990548,-0.06660793709462251,-0.05927969748471702,-1.5728554100076308,0.11575230195335452,False,not_significant,0.0006890195405033935
76830,Glen Gondrezick,433.0,15.0,1313.8398392953347,1351.8356021153145,-62.99298587076564,-14.7420628525284,-0.1454803368839853,-0.98280419016856,-0.8235114826078094,-1.064773094405029,-0.0001107291258286,-0.0007270145782746,-0.000616285452446,Q3,-0.009726776109991671,-0.07429590489677167,-0.06456912878677999,-0.5844952422944795,0.5588871652746303,False,not_significant,0.0007353986241016231
76960,Steve Harris,205.0,24.0,1420.489518283768,1393.236831258772,-7.347940088799902,-21.56456865914315,-0.0358436101892678,-0.8985236941309646,-1.090638506559693,-1.9758780689520217,-2.523328030788568e-05,-0.0006449181316281,-0.0006196848513202,Q3,-0.0019568383235734786,-0.06296254068189573,-0.06100570235832225,-0.9015718795739964,0.36728433452057124,False,not_significant,0.0006454115856860455
2199,Tyson Chandler,1159.0,75.0,1623.0558007893617,1693.1231371919832,91.7664163895715,-72.80481486576106,0.0791772358840133,-0.970730864876814,-0.9930337151872862,-2.831528044744833,4.878281809257949e-05,-0.000573337428066,-0.0006221202461586,Q4,0.005666217664466709,-0.05848833980048272,-0.06415455746494943,-1.0642099321006044,0.287233608659861,False,not_significant,0.000575409045603551
76009,Mark Acres,375.0,19.0,1314.5549879962862,1412.2621234513465,-110.02111070627087,-22.70407036919855,-0.2933896285500557,-1.1949510720630816,-1.0396549509374653,-1.3188163723590087,-0.0002231855123818,-0.0008461255543289,-0.0006229400419471,Q3,-0.021053298671522787,-0.08468389913354961,-0.06363060046202683,-1.1119351898227092,0.2661660171195957,False,not_significant,0.0008750658413088212
1629675,Naz Reid,483.0,49.0,1574.513039284231,1640.406915256499,256.9156357115272,-22.98940518679804,0.5319164300445698,-0.4691715344244497,-0.6104864746834389,-0.3393170580483325,0.000337829167986,-0.000286009239574,-0.00062383840756,Q4,0.035188992987067395,-0.028385262958750927,-0.06357425594581832,-1.1087916963828244,0.2675200534381904,False,not_significant,0.0004426396184977241
76876,Sidney Green,676.0,43.0,1423.7052173239258,1405.1326013096188,-41.07767604006468,-40.31881265138645,-0.0607657929586755,-0.9376468058461964,-0.923619720957495,-1.3445299798989798,-4.2681442913368166e-05,-0.0006673012959576,-0.0006246198530442,Q3,-0.004095725929750762,-0.06291687242036668,-0.05882114649061592,-1.225092749258238,0.2205402767761178,False,not_significant,0.0006686648825501902
923,Donyell Marshall,956.0,47.0,1650.7492017362656,1530.3292567233575,49.39752405679394,-43.26607757588703,0.0516710502686129,-0.9205548420401496,-1.2610087923216646,-2.257380421057193,3.130157519644114e-05,-0.0006015403796246,-0.0006328419548211,Q4,0.004537730920585163,-0.05847933985552487,-0.06301707077611003,-1.0692110656492286,0.28497457363196727,False,not_significant,0.0006023542287796163
193,Anthony Mason,881.0,96.0,1692.7465096337637,1668.9974293072432,174.72180739981252,-82.65588972740233,0.1983221423380392,-0.8609988513271075,-0.5914225477992343,-1.2892121619653358,0.0001171599771196,-0.0005158778774659,-0.0006330378545855,Q4,0.012990828915569193,-0.04426420739771962,-0.057255036313288814,-0.8063706679674137,0.4200291544891445,False,not_significant,0.0005290145978112394
76518,Charlie Davis,406.0,48.0,1378.1824602013098,1374.5606470531934,-63.7942586441645,-49.34629902637701,-0.1571287158723263,-1.0280478963828543,-0.9437471079558096,-1.0790833238887656,-0.0001140115481148,-0.0007479101766712,-0.0006338986285563,Q3,-0.010794708307169974,-0.07495477766918243,-0.06416006936201245,-1.6471131610136316,0.09953478845009833,False,not_significant,0.000756550239886208
2050,Morris Peterson,710.0,32.0,1582.215263823399,1532.0616994735224,38.54676422930957,-29.479201078245254,0.0542912172243796,-0.9212250336951642,-1.2408311608333524,-1.8977605246694256,3.431342021893138e-05,-0.0006012976070165,-0.0006356110272354,Q4,0.0043702012308557536,-0.050252111883550214,-0.05462231311440597,-0.3831891179307667,0.7015795460260665,False,not_significant,0.0006022758695239999
202339,Eric Bledsoe,755.0,48.0,1731.6504966371876,1714.6293258271248,159.18741649674166,-42.70966998838063,0.2108442602605849,-0.8897847914245963,-1.1643881364237898,-1.8755170439427264,0.0001217591313432,-0.000518937112542,-0.0006406962438852,Q4,0.013692943033555508,-0.03279045248028558,-0.046483395513841085,-0.4702723511744477,0.638160448546956,False,not_significant,0.0005330300299597379
1631165,Keon Ellis,222.0,15.0,1516.281944916084,1487.4432236208156,63.86883543361703,-10.128657474300375,0.2876974569081848,-0.675243831620025,-1.5573716511032256,-1.7959748685830623,0.0001897387605733,-0.0004539627603239,-0.0006437015208973,Q4,0.021002587536594047,-0.04064852746554829,-0.061651115002142334,-0.2049176157827444,0.8376364918572097,False,not_significant,0.0004920192933460909
1628389,Bam Adebayo,640.0,85.0,1851.3993813933764,1859.066923542756,474.59208743257153,-38.53587357317532,0.741550136613393,-0.453363218507945,0.0681161631936216,-0.8295465249563703,0.0004005349380938,-0.0002438660022222,-0.000644400940316,Q4,0.046614884609780735,-0.027831033268301598,-0.07444591787808233,-1.1196502628326228,0.2628628276751297,False,not_significant,0.0004689337519028058
203526,Raul Neto,431.0,31.0,1435.758275596957,1426.588176026684,25.89996881312304,-26.68377931106768,0.0600927350652506,-0.8607670745505702,-0.6505987465812764,-1.343468536191296,4.1854353958200535e-05,-0.0006033746031373,-0.0006452289570955,Q4,0.004775048107297311,-0.05970742726498143,-0.06448247537227875,-1.4570407419690465,0.14510513421127835,False,not_significant,0.0006048245188948218
200755,JJ Redick,938.0,110.0,1627.4708590798305,1637.9770451730612,196.75649034303,-93.41850362206036,0.209761716783614,-0.8492591238369124,-0.4763563103176617,-2.7828978676993583,0.0001288881552706,-0.0005184804795278,-0.0006473686347985,Q4,0.013777188096660538,-0.04790814317323081,-0.061685331269891355,-1.1220080509174328,0.26185901679752627,False,not_significant,0.0005342603899040577
203473,Dewayne Dedmon,511.0,31.0,1467.274589245384,1465.4934552670936,1.988913615204634,-29.372179191011742,0.0038921988555863,-0.9474896513229596,-0.9418489316445806,-1.3422771935617717,2.652672433718161e-06,-0.000646532843881,-0.0006491855163148,Q4,0.000539522898209492,-0.06473626415810584,-0.06527578705631533,-1.572191411494323,0.11590616665356945,False,not_significant,0.0006465382857092797
201578,Marreese Speights,701.0,58.0,1496.891664197761,1485.396617869117,66.14612404156637,-50.957072302197474,0.0943596633973842,-0.878570212106853,-0.94061269199527,-1.3329845051882732,6.303706918426529e-05,-0.0005914718005533,-0.0006545088697375,Q4,0.006911497929696611,-0.05862865742830313,-0.06554015535799974,-2.1652886109158387,0.030365590010016867,True,significant,0.0005948214546745136
76350,Kenny Carr,657.0,35.0,1519.983569375927,1548.4039370969076,177.19717118683718,-25.92677415536551,0.2697065010454142,-0.740764975867586,-1.0084840594083209,-3.086242914556037,0.0001774404055934,-0.0004784055104228,-0.0006558459160162,Q4,0.018932222342664035,-0.0510722108806095,-0.07000443322327354,-0.7776896232814808,0.4367520110179232,False,not_significant,0.0005102518299232744
2410,Fred Jones,425.0,33.0,1485.9806352452367,1533.951062345985,65.79518390319707,-28.089693530086244,0.1548121974192872,-0.8512028342450377,-1.2515733088022605,-2.985937603149228,0.0001041818404273,-0.0005549087289285,-0.0006590905693559,Q4,0.011091414229972589,-0.05138657724341949,-0.06247799147339208,-0.4990768088546129,0.617725274596676,False,not_significant,0.0005646038906311778
279,Charles Jones,717.0,43.0,1366.3851252362258,1311.34930958182,-132.94891404672444,-45.00538528824219,-0.1854238689633534,-1.046636867168423,-0.64661564698878,-0.4931392770165752,-0.0001357039574997,-0.0007981373532748,-0.000662433395775,Q3,-0.013495231259913745,-0.0760842732893683,-0.06258904202945455,-0.9629705228653145,0.33556231625523025,False,not_significant,0.0008095917482123835
76162,Henry Bibby,393.0,56.0,1450.69345412219,1457.173571979204,21.968048402762523,-50.94028102543686,0.0558983419917621,-0.9096478754542296,-1.3228559340695358,-3.194819030397994,3.85321529044784e-05,-0.0006242549912696,-0.0006627871441741,Q4,0.006032834776490929,-0.056682707081811126,-0.06271554185830205,-0.43259691490510443,0.6653076311151347,False,not_significant,0.0006254430597044487
201152,Thaddeus Young,1169.0,58.0,1666.0273686575283,1675.028999547614,118.1577811484356,-58.74529234526474,0.1010759462347609,-1.012849868021806,-0.6754052489955198,-1.2424862849267198,6.066883902165856e-05,-0.0006046760195168,-0.0006653448585385,Q4,0.00717156112071477,-0.05699119494581918,-0.06416275606653396,-0.7959773146293081,0.42604522106497733,False,not_significant,0.0006077119355475236
1629003,Shake Milton,355.0,36.0,1527.6829724911972,1539.2595324917306,59.212967472427536,-30.93374046705564,0.1667970914716268,-0.8592705685293233,-1.2417528184564748,-2.1528388998677688,0.0001091830533396,-0.0005582363145338,-0.0006674193678735,Q4,0.012723700628361864,-0.05635214890075286,-0.06907584952911472,-0.9528838656155567,0.3406489157392325,False,not_significant,0.0005688134333864115
2,Byron Scott,1053.0,182.0,1649.403632792354,1673.7544281535163,204.684272910313,-168.3350392600125,0.1943820255558528,-0.9249177981319368,-0.6098351334181805,-2.028986264320856,0.0001178498832494,-0.0005526006578828,-0.0006704505411323,Q4,0.013275830701000937,-0.056378897114582216,-0.06965472781558316,-1.4285421818699744,0.15313586242170868,False,not_significant,0.0005650275055910115
1472,Tom Chambers,1093.0,107.0,1700.3727042763558,1690.6834715657742,124.89224108529191,-109.25490505844095,0.1142655453662323,-1.0210738790508502,-0.7875257677552356,-1.7965161056332697,6.720029384079147e-05,-0.0006039414806044,-0.0006711417744452,Q4,0.008708608383008692,-0.06088085599835241,-0.06958946438136111,-1.1476019237243467,0.25113293527502684,False,not_significant,0.0006076686527104418
1629011,Mitchell Robinson,397.0,53.0,1657.07634114422,1601.7561780133815,194.09075034329632,-31.930855885126785,0.4888935776909227,-0.6024689789646562,-1.0746973669650473,-2.272564478610834,0.00029503382889,-0.0003761302670371,-0.0006711640959272,Q4,0.033402726568840045,-0.037206176437951724,-0.07060890300679176,-1.2449419932937038,0.2131530733329603,False,not_significant,0.0004780365445976845
180,John Crotty,466.0,36.0,1394.0962724620476,1396.4008503717766,-2.3439820007684564,-33.95839301880056,-0.0050300042934945,-0.943288694966682,-0.7037357679827612,-1.0448056277811562,-3.6080752763302974e-06,-0.0006755142656319,-0.0006719061903555,Q3,7.130704516233409e-05,-0.06769675620480016,-0.06776806324996248,-2.0089415422092984,0.04454333362735562,True,significant,0.0006755239013383649
76016,Mark Aguirre,903.0,102.0,1785.4897489215527,1723.8713823417252,189.49319155756487,-97.65264488706892,0.2098484956340696,-0.9573788714418524,-0.9622151099967536,-2.9721281398230004,0.0001175299358401,-0.0005553656039822,-0.0006728955398223,Q4,0.014231794296552372,-0.052765499124056196,-0.06699729342060856,-1.0973965979414926,0.27246805996339346,False,not_significant,0.000567665605709111
1630168,Onyeka Okongwu,380.0,40.0,1571.9271581057812,1508.6228955902743,305.4380608719059,-9.778461000944,0.8037843707155419,-0.2444615250235999,-0.2154593108735595,-1.0490931793280192,0.0005113369067839,-0.0001620428310734,-0.0006733797378573,Q4,0.053120071474755726,-0.024196102856671738,-0.07731617433142747,-1.039197426467922,0.29871292713365444,False,not_significant,0.0005363984632170465
78146,Jerry Sichting,586.0,46.0,1443.89712031321,1422.5569355088955,-37.7023370901637,-47.13939087936411,-0.0643384591982315,-1.024769366942698,-0.8127895770276719,-1.408981430499619,-4.455889432363109e-05,-0.000720371425117,-0.0006758125307934,Q3,-0.0043176990315381795,-0.07129275993618647,-0.06697506090464829,-2.002329003852037,0.04524935859854618,True,significant,0.0007217482145377584
2694,Josh Powell,309.0,38.0,1396.5051820315543,1387.1032722875584,-42.29559263857472,-40.90178901189043,-0.1368789405779117,-1.0763628687339586,-0.7946415600423586,-0.8923637543265672,-9.80153474108762e-05,-0.0007759788980663,-0.0006779635506554,Q3,-0.009632328959530879,-0.07666675947510906,-0.06703443051557818,-2.2318525115000423,0.025624712388598796,True,significant,0.0007821446532274346
306,Steve Colter,504.0,24.0,1474.2283669963483,1537.8307477208486,-7.702729874725948,-25.41841956800952,-0.0152831941958848,-1.05910081533373,-1.30952912464242,-3.7238130880880176,-1.0366910946791376e-05,-0.0006886979057372,-0.0006783309947904,Q3,-0.00017726153829982248,-0.06504245801079474,-0.06486519647249492,-0.2825710817586625,0.7775056506376969,False,not_significant,0.0006887759274316895
76365,Harvey Catchings,588.0,50.0,1283.5833849652763,1285.9184090420697,32.58085929640033,-41.03834184978516,0.055409624653742,-0.8207668369957033,-0.5286241116321007,-1.331795713675414,4.316791982722727e-05,-0.0006382728726989,-0.0006814407925261,Q4,0.0055567343616995755,-0.06864953135894798,-0.07420626572064756,-1.8448738721106115,0.06505588823238113,False,not_significant,0.0006397309819959606
78442,Wally Walker,564.0,64.0,1283.481506278043,1237.0989326456524,39.12173853272508,-49.68804951491454,0.0693647846324912,-0.7763757736705397,-0.6987033542902639,-1.4747233187276578,5.404424161407796e-05,-0.0006275777572697,-0.0006816219988838,Q4,0.006233243851814882,-0.061704330778225416,-0.0679375746300403,-1.723832899752529,0.08473801348116995,False,not_significant,0.0006299004853715445
469,Jamal Mashburn,611.0,52.0,1758.1378348173637,1706.751107603929,435.53802929824167,-25.05712193699577,0.7128281985241272,-0.481867729557611,-0.1027142145755052,-3.3349122582538997,0.0004054450023243,-0.0002823304038947,-0.0006877754062191,Q4,0.0478603563737175,-0.036057845457196855,-0.08391820183091435,-0.8027370224610932,0.4221267494348145,False,not_significant,0.000494060833170467
2588,Matt Bonner,772.0,88.0,1481.6214013018232,1429.140929678744,10.934581378321088,-85.70512284904416,0.0141639655159599,-0.97392185055732,-0.7920114087495719,-1.3057257008790082,9.559773842031994e-06,-0.0006814736254011,-0.0006910333992431,Q4,0.0010366816734531667,-0.06582950264546732,-0.06686618431892048,-2.2327615631417665,0.025564672248858784,True,significant,0.0006815406747900154
1626168,Trey Lyles,648.0,15.0,1477.9782667739128,1463.2666151433018,53.44106489377619,-13.945792615348555,0.082470779157062,-0.9297195076899036,-0.8673865669293799,-2.079623632751852,5.579972385999748e-05,-0.0006353725958538,-0.0006911723197138,Q4,0.006208802771369137,-0.06278609259751103,-0.06899489536888016,-0.9410831326361917,0.34666225866424155,False,not_significant,0.0006378181125876313
202328,Greg Monroe,645.0,28.0,1775.5918493202507,1650.62411156895,147.23824406064995,-26.018300020008645,0.2282763473808526,-0.9292250007145944,-0.9468984759890602,-1.751887381812466,0.0001285635251526,-0.0005629537301689,-0.0006915172553215,Q4,0.016311466895717473,-0.05850057352635976,-0.07481204042207723,-1.4454732319204888,0.1483250065222806,False,not_significant,0.0005774473848851876
956,Erick Dampier,986.0,61.0,1556.952819557192,1564.795877495501,94.57720722887672,-60.26342680115179,0.0959200884674206,-0.9879250295270784,-0.9576251211856938,-1.971034104094328,6.160757555562983e-05,-0.0006313443457611,-0.0006929519213167,Q4,0.007072072603117683,-0.062488732082072534,-0.06956080468519021,-1.4931862714817363,0.13538843470327414,False,not_significant,0.0006343431061266088
202344,Trevor Booker,526.0,16.0,1527.5812413709104,1551.024235665525,61.37252788890184,-15.4819789613181,0.1166778096747183,-0.9676236850823812,-0.94939442098778,-1.178918999315543,7.638075574298565e-05,-0.0006238610995444,-0.0007002418552874,Q4,0.008732627785438572,-0.06390449926059072,-0.0726371270460293,-1.274740314340256,0.20240117255847495,False,not_significant,0.0006285194439097469
2059,Eduardo Najera,617.0,57.0,1442.754227533648,1459.8273348566595,-34.9665180725736,-61.74056864344417,-0.0566718283185957,-1.0831678709376171,-0.886072592323548,-1.7474177749707236,-3.928030653944078e-05,-0.000741983551804,-0.0007027032452646,Q3,-0.0041828026063704055,-0.0720051826336137,-0.06782238002724329,-1.321025044473603,0.18649301369082413,False,not_significant,0.0007430225660298021
386,Elliot Perry,546.0,18.0,1501.3311202875548,1573.341170150101,17.329181253046137,-19.34596325098549,0.0317384272033812,-1.0747757361658603,-1.2902511902172034,-1.3127895518916293,2.114019137717084e-05,-0.0006831167686683,-0.0007042569600455,Q4,0.002613944682918391,-0.06770504560391434,-0.07031899028683274,-1.213805745483968,0.22482191181303202,False,not_significant,0.0006834437996845703
1005,Walt Williams,707.0,35.0,1587.70575449669,1574.8919784705374,73.26644088235649,-35.278801932724086,0.1036300436808436,-1.0079657695064024,-1.1382287992889506,-1.7736949082072753,6.527030804501612e-05,-0.000640022162336,-0.000705292470381,Q4,0.008200689459444431,-0.06196005781998568,-0.07016074727943011,-1.3938947410253568,0.16334939260969392,False,not_significant,0.0006433417298711008
1723,Matt Harpring,665.0,48.0,1636.388624502035,1601.7738716430124,52.99767872794861,-50.48753442565959,0.079695757485637,-1.051823633867908,-0.9532375486634072,-1.220808386338756,4.87022191992376e-05,-0.0006566617501314,-0.0007053639693306,Q4,0.005829427285732855,-0.06393221304621396,-0.06976164033194682,-1.13176436933997,0.25773351124344135,False,not_significant,0.000658465306785835
1628978,Donte DiVincenzo,498.0,58.0,1570.2512381912593,1624.4625162706866,249.4742738520771,-36.50377840770469,0.5009523571326849,-0.6293754897880118,-0.6648637552600868,-2.5616328650794715,0.0003190268824176,-0.0003874361417909,-0.0007064630242086,Q4,0.033830472477302496,-0.04178014757958452,-0.07561062005688703,-1.0270825443399794,0.3043815974007823,False,not_significant,0.0005018813760949011
1065,Erick Strickland,498.0,18.0,1515.8605155492326,1522.9276163938223,-10.842400236753962,-19.801648518688047,-0.0217718880256103,-1.1000915843715582,-1.541606011687287,-2.619474689664868,-1.4362725199502863e-05,-0.0007223531653963,-0.0007079904401968,Q3,5.28216521797593e-05,-0.07083014371391975,-0.07088296536609952,-1.0198599427614137,0.3077948895828586,False,not_significant,0.0007224959400807804
2571,Leandro Barbosa,848.0,119.0,1519.2431824687028,1503.220019502799,85.59044720430614,-115.18474898229675,0.1009321311371534,-0.967939067078124,-0.9505265826467908,-1.5424865709998807,6.64357966531357e-05,-0.0006439104419313,-0.0007103462385845,Q4,0.006827453173464064,-0.059325172080718414,-0.06615262525418249,-1.58284164233308,0.1134575626859734,False,not_significant,0.0006473286431984134
1627751,Jakob Poeltl,639.0,32.0,1544.300847849728,1524.8727830553291,280.96111316864614,-21.01554735092048,0.4396887530025761,-0.6567358547162649,-0.4248849432045887,-1.203161692182639,0.0002847170314092,-0.0004306823900419,-0.0007153994214512,Q4,0.0286786944015655,-0.03959472724774598,-0.06827342164931148,-1.1424813553004793,0.253253991666253,False,not_significant,0.0005162858792051848
201627,Anthony Morrow,553.0,15.0,1516.7686922690962,1472.409146275961,22.876216058550728,-15.25472192844578,0.0413674793102183,-1.0169814618963853,-1.2292857430241693,-1.2421350775389763,2.7273426410412183e-05,-0.0006906921656039,-0.0007179655920143,Q4,0.004847811491650018,-0.06933086496167239,-0.0741786764533224,-2.0468221717911175,0.040675547887878125,True,significant,0.0006912304300410749
229,James Edwards,1104.0,111.0,1535.2103051864633,1541.0163031608586,15.11537501425298,-121.6795252794594,0.0136914628752291,-1.0962119394545893,-0.9040887788607064,-1.5417145566266215,8.91829792242452e-06,-0.0007113564841631,-0.0007202747820855,Q4,0.0013964930382980214,-0.07013827157775383,-0.07153476461605185,-1.9562603517040702,0.05043449224664509,False,not_significant,0.0007114123864529771
2547,Chris Bosh,893.0,89.0,1875.292098955806,1836.1401634784145,497.9616277623858,-69.12533069370893,0.5576278026454489,-0.7766891089180779,-0.0137522822285844,-1.288104425298037,0.0002973551709389,-0.0004230009910826,-0.0007203561620216,Q4,0.03493040535788539,-0.03868948330221041,-0.0736198886600958,-1.162041806864271,0.24521848346007166,False,not_significant,0.0005170589290796207
15,Eric Piatkowski,784.0,17.0,1471.081724004695,1403.4623692329178,-65.26941598257883,-18.695091994474435,-0.0832518061002281,-1.099711293792614,-1.2107103360131386,-1.2633975800979875,-5.659223735958969e-05,-0.0007835702031638,-0.0007269779658042,Q3,-0.00536721371391029,-0.0790295223635531,-0.07366230864964281,-1.6899355757535661,0.09104028054810079,False,not_significant,0.0007856111917580623
42,Monty Williams,455.0,30.0,1427.9402639625844,1455.918667826053,46.23918462513323,-28.79217841989131,0.1016245815936994,-0.9597392806630436,-0.849830363331843,-1.4132282119860116,7.116865050901193e-05,-0.0006591984166918,-0.0007303670672008,Q4,0.007690818572539783,-0.06779431283985764,-0.07548513141239742,-1.4159999007548876,0.15677553351977838,False,not_significant,0.0006630290562141676
202711,Bojan Bogdanovic,719.0,51.0,1666.2680961510457,1643.8005842307086,226.82481847640787,-45.57737597632206,0.3154726265318607,-0.8936740387514129,-0.5795420011767822,-1.237355446327802,0.0001893288524581,-0.0005436632930567,-0.0007329921455148,Q4,0.02218778067337359,-0.05376474624268652,-0.07595252691606011,-0.6705032431754021,0.5025370397020195,False,not_significant,0.0005756867121884579
1630173,Precious Achiuwa,393.0,27.0,1525.0387423095844,1527.693130586996,157.29176579768298,-19.4698122667112,0.400233500757463,-0.7211041580263406,-0.7752298249326735,-1.5535148336037632,0.0002624415299452,-0.0004720216014516,-0.0007344631313968,Q4,0.027425252723519,-0.04523601604304094,-0.07266126876655993,-0.7190062987139798,0.4721370387662737,False,not_significant,0.0005400740216645404
201156,Nick Young,719.0,34.0,1504.4113502079983,1440.0270971932405,23.48887859462448,-35.043490069000775,0.0326688158478782,-1.0306908843823757,-1.1636989693990796,-1.615205806150256,2.17153478956148e-05,-0.0007157440900878,-0.0007374594379834,Q4,0.0029991883673307954,-0.0710032945146033,-0.0740024828819341,-1.4137916217983433,0.15742309425045545,False,not_significant,0.0007160734311715805
78571,Ray Williams,642.0,40.0,1680.7653210990288,1601.801502670336,112.9562204328193,-40.853637448991634,0.1759442685869459,-1.021340936224791,-1.0136219855809472,-3.2620159767313703,0.0001046810440329,-0.0006376201636233,-0.0007423012076562,Q4,0.011757899439304803,-0.04335285189249492,-0.055110751331799726,-0.447122458210383,0.6547866444547192,False,not_significant,0.0006461560136985663
174,John Battle,612.0,55.0,1488.7202440028998,1487.5151623489703,25.476415089000827,-58.58932379196935,0.0416281292303935,-1.065260432581261,-0.982807507475359,-2.289940037557043,2.7962358541227995e-05,-0.0007161341676,-0.0007440965261412,Q4,0.0032484670709025704,-0.07310012329203965,-0.07634859036294223,-1.9081851628782802,0.05636728859898059,False,not_significant,0.0007166798723972461
21,Greg Anthony,755.0,102.0,1522.8245485368648,1517.1341362771077,152.48042757805263,-96.17048569977965,0.2019608312292087,-0.9428478990174476,-1.0499198268619805,-1.957429703442928,0.0001326225213687,-0.0006214664059508,-0.0007540889273195,Q4,0.013989593240335526,-0.058916836248746385,-0.07290642948908191,-1.5460051085597857,0.1221033340639079,False,not_significant,0.0006354598546718713
2584,Willie Green,727.0,36.0,1464.4659662090696,1470.4888460037212,-0.1353389904846256,-40.41244987294133,-0.0001861609222622,-1.122568052026148,-0.9738272958466904,-1.358392026687591,-1.2711864021265477e-07,-0.0007633978694071,-0.0007632707507668,Q3,0.0005215986305105297,-0.07605521249066995,-0.07657681112118048,-1.5081016918776764,0.13152850228216856,False,not_significant,0.0007633978799908004
418,Scott Brooks,669.0,34.0,1418.5067279626892,1439.6499273801096,-60.62455626275116,-40.54414202755463,-0.0906196655646504,-1.1924747655163126,-0.7555750816524471,-1.022870764250229,-6.388384614488343e-05,-0.0008283088428909,-0.0007644249967461,Q3,-0.006324470339351634,-0.08247053628803351,-0.07614606594868188,-2.4783666312469146,0.013198544424433157,True,significant,0.00083076873136242
1747,Rafer Alston,664.0,53.0,1651.196478686098,1657.8879011444942,159.28457035998846,-54.65007347535006,0.2398864011445609,-1.0311334617990575,-0.704971619538634,-2.0664027620584444,0.0001452803492746,-0.0006219560810397,-0.0007672364303143,Q4,0.016875998951050655,-0.06730450893205686,-0.08418050788310752,-1.120563303159509,0.26247379275723787,False,not_significant,0.0006386984786482677
970,Othella Harrington,706.0,26.0,1482.6090760760733,1452.7462261678352,-82.06302245501047,-32.10918642588422,-0.1162365757153122,-1.2349687086878545,-1.0086380876044228,-1.6946424086119405,-7.840001628949163e-05,-0.0008500925257576,-0.0007716925094681,Q3,-0.008202706279803214,-0.08334587463118819,-0.07514316835138497,-1.4986957006279091,0.1339525925972163,False,not_significant,0.0008537001024382792
1721,Keon Clark,353.0,28.0,1577.9131720677133,1568.4303493197312,149.77009393179205,-22.159284627984988,0.4242778864923287,-0.7914030224280353,-1.3013293969494897,-3.0688364695234625,0.0002688854456651,-0.0005045828287952,-0.0007734682744603,Q4,0.03003074955778298,-0.056120846127909546,-0.08615159568569253,-0.8328522485093225,0.4049280633460397,False,not_significant,0.0005717545050154704
121,Patrick Ewing,1181.0,139.0,1948.2355508908893,1983.0531781320783,259.76768907894984,-182.353012109685,0.2199557062480523,-1.3118921734509712,-0.5529885766395324,-1.8843497256951216,0.0001128999551144,-0.0006615516860151,-0.0007744516411296,Q4,0.013924483606562156,-0.06505913496385171,-0.07898361857041386,-1.3138243710438755,0.18890531419877288,False,not_significant,0.0006711162590298755
208,Sam Cassell,992.0,135.0,1773.4523679248127,1649.8245652115695,277.4833558812861,-137.55159211481603,0.2797211248803287,-1.0189006823319706,-0.6151936195028824,-3.092204846461905,0.0001577268890551,-0.0006175812288267,-0.0007753081178819,Q4,0.017490457323253106,-0.051220972742539644,-0.06871143006579275,-1.136038563972165,0.25594042500398523,False,not_significant,0.0006374043816370394
2047,Quentin Richardson,781.0,36.0,1561.8917556911222,1578.3072145744354,42.203187212509405,-42.104635247415445,0.0540373715909211,-1.1695732013170956,-1.3868246403124864,-2.170109813863247,3.459738576250447e-05,-0.0007410301305835,-0.000775627516346,Q4,0.004618402680923931,-0.07554331708361457,-0.0801617197645385,-1.1485855868147097,0.2507269030715691,False,not_significant,0.00074183733630372
77184,Edgar Jones,357.0,15.0,1447.1149174832417,1466.1033261172695,49.531775857839946,-14.976516804236471,0.1387444701900278,-0.9984344536157648,-1.1065158398803796,-2.5767156256712225,9.587660835625003e-05,-0.0006810123378274,-0.0007768889461837,Q4,0.010991434172865426,-0.0678774092004002,-0.07886884337326563,-0.7301611688994007,0.4652916751307145,False,not_significant,0.0006877282372442174
679,Jason Caffey,462.0,35.0,1495.051168344769,1506.4063249012074,21.787067044537068,-39.34742079198289,0.0471581537760542,-1.1242120226280825,-0.8591431326452041,-2.038770430908286,3.154283597414592e-05,-0.0007462873754873,-0.0007778302114615,Q4,0.0036212999365376366,-0.07559701172660684,-0.07921831166314447,-1.3635173569275205,0.17271951805064334,False,not_significant,0.0007469536781574974
1630171,Isaac Okoro,397.0,28.0,1480.9378873856183,1501.4273113548852,52.21272689226203,-29.287903698899203,0.1315182037588464,-1.0459965606749717,-0.7796328429206353,-0.7977335507919842,8.880737327277298e-05,-0.0006966681322261,-0.0007854755054989,Q4,0.010754123343981271,-0.06964652296642718,-0.08040064631040844,-1.3590994363295252,0.1741150814416623,False,not_significant,0.0007023056571087921
1629750,Javonte Green,342.0,25.0,1444.1077528853805,1449.5680241170248,38.81279558619999,-25.65097748800671,0.1134877063923976,-1.0260390995202684,-0.63370832380654,-1.6747726529638758,7.858673022539007e-05,-0.0007078240430594,-0.0007864107732848,Q4,0.008276670908705356,-0.0709228829316773,-0.07919955384038264,-1.6298225214025224,0.10313901244768256,False,not_significant,0.0007121732584845303
2034,Mike Miller,1020.0,92.0,1627.8201834151732,1536.8993390307437,19.098028711163625,-109.84138439347664,0.0187235575599643,-1.1939280912334416,-1.0770025032169432,-1.624994276769498,1.15022271813108e-05,-0.0007768420877755,-0.0007883443149568,Q4,0.0010261491832037675,-0.0723472457481537,-0.07337339493135747,-1.5634166057110297,0.1179546368243217,False,not_significant,0.0007769272363416848
202734,E'Twaun Moore,585.0,24.0,1470.3090421314116,1438.2392454791698,31.37785710135057,-25.990450972858795,0.0536373625664112,-1.08293545720245,-0.7415843074524737,-0.9311563874477912,3.648033238553483e-05,-0.0007529591899306,-0.0007894395223161,Q4,0.004426747606264956,-0.07386927599813055,-0.0782960236043955,-1.3523205091410266,0.1762728062657228,False,not_significant,0.0007538423949022133
100263,Bill Laimbeer,1052.0,113.0,1703.4463170665356,1723.2348076037124,258.89366248920885,-127.54752968739506,0.2460966373471567,-1.1287392007734076,-0.7043927955323726,-2.779128476576445,0.0001444698520179,-0.0006550118392414,-0.0007994816912594,Q4,0.016791842298022382,-0.06382886057960854,-0.08062070287763093,-1.389411013866468,0.1647078030495997,False,not_significant,0.0006707548342639622
98,Nick Anderson,800.0,49.0,1708.6682413787298,1746.8453425996497,119.79651475456409,-61.0070293571394,0.1497456434432051,-1.2450414154518246,-1.4187959517056836,-2.9602954775515924,8.763880536714071e-05,-0.0007127370609689,-0.0008003758663361,Q4,0.01079041300506228,-0.0738661822056866,-0.08465659521074888,-0.9674325372738491,0.33332785104706564,False,not_significant,0.0007181049215015625
200081,Jamario Moon,286.0,19.0,1555.726131722127,1520.663141738844,6.952362880565134,-22.714140442458035,0.0243089611208571,-1.195481075918844,-1.6008908446865695,-1.3842523813430565,1.562547586312512e-05,-0.0007861577249461,-0.0008017832008092,Q4,0.0029333036266938387,-0.07459868431278317,-0.077531987939477,-0.7352297989897473,0.4621995537157165,False,not_significant,0.0007863129936535304
2397,Yao Ming,486.0,28.0,1899.4707513751896,1930.471911389182,507.7737891907045,-13.762084727915049,1.04480203537182,-0.491503025996966,-0.0728340353034651,-6.309987047025444,0.0005500490252958,-0.0002546025265103,-0.0008046515518061,Q4,0.06489170161590176,-0.022319299218330518,-0.08721100083423226,-0.678587859683263,0.4973990372699955,False,not_significant,0.0006061158113218032
2200,Pau Gasol,1226.0,136.0,1884.8048527760077,1917.7771649672368,344.6943039102698,-171.13998165840158,0.281153592096468,-1.2583822180764823,-0.5783190468608169,-2.016763095221741,0.0001491685421344,-0.0006561670673026,-0.000805335609437,Q4,0.018363305311705297,-0.068591278105181,-0.08695458341688629,-1.734984828326347,0.08274349251687736,False,not_significant,0.0006729089642551934
201935,James Harden,1220.0,190.0,1980.3468467292764,1961.5811404498843,625.1592706166633,-203.75191362627723,0.5124256316530027,-1.07237849276988,0.1367625115709563,-0.5114185251092499,0.0002587554965431,-0.0005466908661876,-0.0008054463627307,Q4,0.02943274257792481,-0.044249307637292866,-0.07368205021521769,-1.3754864295183278,0.16898069004641048,False,not_significant,0.0006048349445627416
1715,Jason Williams,785.0,67.0,1640.841608889085,1645.4118192706214,134.6504788075705,-77.6685339949507,0.1715292723663318,-1.159231850670906,-1.0551195645888916,-2.4708213185952426,0.0001045373736484,-0.0007045238384058,-0.0008090612120542,Q4,0.012921657399625017,-0.06878021830544495,-0.08170187570506997,-1.0434287095516472,0.2967497826147933,False,not_significant,0.000712237250760831
56,Gary Payton,1335.0,154.0,1879.414808106683,1757.91027214083,243.0685792593844,-192.84595074752963,0.1820738421418609,-1.252246433425517,-0.5451569520665088,-1.8996650719086223,9.687794379213264e-05,-0.000712349460192,-0.0008092274039841,Q4,0.012018725879588441,-0.07196159901526182,-0.08398032489485027,-1.7642029615584853,0.07769781431310725,False,not_significant,0.0007189068711795884
293,Charles Smith,562.0,66.0,1689.8032667133075,1620.9503561815632,152.81340424112472,-69.3901206583416,0.2719099719592966,-1.0513654645203272,-1.306293516053032,-1.8171788767510493,0.0001609122063588,-0.0006486105268498,-0.0008095227332087,Q4,0.018829465652834755,-0.061342012167478144,-0.08017147782031289,-1.3870367585580015,0.16543055436361487,False,not_significant,0.0006682726641840381
894,Ricky Pierce,959.0,96.0,1671.7972614632156,1710.7062696007963,179.2329134691017,-114.6026134947418,0.1868956344829006,-1.1937772239035604,-0.9560680284218148,-3.4431065915775445,0.0001117932411967,-0.0006978271168563,-0.0008096203580531,Q4,0.012718791118768719,-0.07360246279323447,-0.0863212539120032,-1.484491389385809,0.13767860581493946,False,not_significant,0.0007067251331297336
1890,Shawn Marion,1162.0,108.0,1861.6934954729827,1860.9401973099637,239.70083209417675,-140.87003570887666,0.2062829880328543,-1.3043521824895987,-0.4636762942480523,-3.606193729246077,0.0001108039473385,-0.0007009103163954,-0.000811714263734,Q4,0.013460195676520133,-0.06971276438349412,-0.08317296006001426,-1.289390056169618,0.1972625166625225,False,not_significant,0.0007096145336556269
351,Stacey King,438.0,61.0,1452.492813495386,1459.28599401636,17.99377580945832,-69.81717486436352,0.0410816799302701,-1.1445438502354677,-0.8968511581359302,-1.2433949540317184,2.828356846145637e-05,-0.0007843177108041,-0.0008126012792656,Q4,0.002747904693431171,-0.07601739047465543,-0.07876529516808661,-2.0486547971094473,0.04049588226694387,True,significant,0.0007848275171818951
1886,Jonathan Bender,253.0,31.0,1442.5307470316022,1485.8426368180335,38.30587024348096,-32.60242220289226,0.1514066017528891,-1.051691038802976,-1.3860477307458912,-1.8575318993244696,0.0001049590118369,-0.0007078078207899,-0.0008127668326269,Q4,0.011315690097739799,-0.072083415933668,-0.0833991060314078,-1.5381972627204343,0.12400039008019262,False,not_significant,0.0007155475563071442
201161,Daequan Cook,322.0,44.0,1431.2307327610545,1419.5079410904425,-9.445646983423185,-52.12126517038951,-0.0293343074019353,-1.1845742084179434,-1.0981287836045852,-1.0822636229841192,-2.049586186941721e-05,-0.0008344963590044,-0.000814000497135,Q3,-0.0010817004832729333,-0.0815257877911228,-0.08044408730784985,-1.1086029752320876,0.267601494068241,False,not_significant,0.0008347480179942751
77586,Dave Meyers,208.0,16.0,1477.3213812207075,1485.6015250563178,-10.473279498667088,-20.276711103435115,-0.0503523052820533,-1.2672944439646947,-1.5917494516893065,-0.4148786345460337,-3.408351488181082e-05,-0.0008530513886734,-0.0008189678737916,Q3,8.844160243905048e-05,-0.08274211275620777,-0.08283055435864682,-0.38962398693026146,0.6968146121923787,False,not_significant,0.000853732017499821
77438,Kyle Macy,494.0,44.0,1576.1028500663674,1578.752682129537,34.10433217793702,-53.84752270353312,0.0690371096719372,-1.2238073341712072,-1.1390520551372534,-2.4720587673635617,4.380241408042009e-05,-0.0007751735582298,-0.0008189759723102,Q4,0.00500531733943008,-0.07316367173112369,-0.07816898907055377,-0.8975558035545781,0.3694224103468582,False,not_significant,0.0007764101344379282
201970,Sam Young,246.0,30.0,1469.4575744770218,1455.90424630794,16.43918358131075,-33.78572895787152,0.0668259495175233,-1.126190965262384,-1.5126328639529758,-0.8579019930094262,4.547661033446757e-05,-0.0007735336771757,-0.0008190102875102,Q4,0.005011365618052072,-0.07440339783543319,-0.07941476345348525,-0.9995679919380909,0.3175196196296193,False,not_significant,0.0007748693256365702
1629680,Matisse Thybulle,373.0,30.0,1436.5239312001102,1438.144822994952,19.85711172848177,-33.86351392076515,0.0532362244731414,-1.1287837973588384,-0.7002223177218811,-2.0354927554053712,3.70590585488308e-05,-0.0007848888229546,-0.0008219478815034,Q4,0.004418735086250079,-0.07692200272648983,-0.08134073781273991,-1.0628987733374087,0.28782785937128735,False,not_significant,0.0007857632202003242
38,Brad Lohaus,653.0,19.0,1409.8909661781854,1412.8691525267373,-56.76280834946754,-23.76439283490149,-0.0869261996163362,-1.250757517626394,-1.087290695319983,-1.028618631276276,-6.165455464401511e-05,-0.0008852606877215,-0.0008236061330775,Q3,-0.005884761820927875,-0.08621712127326889,-0.08033235945234102,-1.0106770821431657,0.3121710094187666,False,not_significant,0.0008874050762382955
265,Harvey Grant,782.0,18.0,1536.7983300430597,1518.9620811371988,-49.353774018447616,-23.65672491799971,-0.0631122429903422,-1.3142624954444284,-0.8350688749004691,-1.628835330824229,-4.106735526487322e-05,-0.0008652371983245,-0.0008241698430597,Q3,-0.003950025460288474,-0.09116572070339292,-0.08721569524310444,-0.8969351634161393,0.36975351527949213,False,not_significant,0.0008662112542751229
711,Jerry Stackhouse,970.0,75.0,1711.128826063745,1643.3352774292262,91.92310298244314,-94.89829954409409,0.0947660855489104,-1.2653106605879212,-0.9349871228724712,-2.302729161630536,5.5382203902735326e-05,-0.0007699650083379,-0.0008253472122407,Q4,0.007863292606827596,-0.07390378440266483,-0.08176707700949244,-1.1905593843315696,0.233826604242789,False,not_significant,0.0007719542101536247
1630595,Cade Cunningham,272.0,20.0,1859.2558344721,2012.0065747355077,558.4687603518644,11.142727816087463,2.0531939718818544,0.5571363908043733,1.3381335165051769,0.2780770680139126,0.0011043095489141,0.0002769058500107,-0.0008274036989033,Q1,0.125766816315678,0.03078140025260682,-0.09498541606307118,-0.529140776245635,0.5967077966634924,False,not_significant,0.0011384974438236617
417,Sam Mitchell,986.0,59.0,1486.1474186533137,1420.0983541042765,11.09907394783196,-68.70175830962195,0.0112566672898904,-1.164436581519016,-0.913832241161904,-1.4386058222821536,7.574394806735096e-06,-0.0008199689677504,-0.0008275433625571,Q4,0.0021828103102295147,-0.08020665742717106,-0.08238946773740058,-2.0792769310111887,0.037591904206371006,True,significant,0.000820003950923619
203081,Damian Lillard,900.0,69.0,1971.4129864145289,1960.1189502742784,561.6568213234463,-69.29157163552705,0.6240631348038291,-1.0042256758772037,0.1751651494897841,-0.3840102070545672,0.0003165562665481,-0.0005123289460247,-0.0008288852125728,Q4,0.038538790101688224,-0.04614005946394885,-0.08467884956563708,-0.9924421392606114,0.3209818914813951,False,not_significant,0.0006022365140255544
201971,DeJuan Blair,419.0,39.0,1551.424874390073,1578.491845810266,67.79939150707253,-44.62445896071633,0.1618123902316766,-1.144216896428624,-1.3468212602388925,-2.1248346653583123,0.00010429921094,-0.0007248798272006,-0.0008291790381407,Q4,0.011485453208282346,-0.06989896565863878,-0.08138441886692113,-1.6301865560634872,0.10306207441373838,False,not_significant,0.0007323449250763456
722,Corliss Williamson,820.0,65.0,1559.6577885109714,1563.6803246828736,123.11578366979673,-74.53651507604826,0.1501411995973131,-1.1467156165545886,-0.7567765886226967,-1.6089437658841717,9.62654761213068e-05,-0.0007333440208037,-0.000829609496925,Q4,0.010667241216614639,-0.0739057145584568,-0.08457295577507144,-1.876994929801655,0.060518788774170676,False,not_significant,0.0007396353795901055
948,Marcus Camby,971.0,77.0,1716.7678352606415,1718.1533017353563,212.94387450051127,-93.42283861368276,0.2193036812569632,-1.2132836183595164,-1.1254816261552762,-3.901229460315456,0.000127742188986,-0.0007061556248409,-0.0008338978138269,Q4,0.015241003649649363,-0.07046536536963616,-0.08570636901928552,-1.1330244813841472,0.2572039726660341,False,not_significant,0.0007176167733138468
436,Juwan Howard,1204.0,47.0,1673.7175231445394,1447.4661748083986,1.015045400328634,-57.047256515603344,0.0008430609637281,-1.2137714152256032,-0.9057834918367482,-0.7668132630229962,5.037056445129278e-07,-0.000838549070334,-0.0008390527759785,Q4,0.0007741742095164728,-0.07637099173277298,-0.07714516594228946,-1.6781440199367328,0.09331898698562112,False,not_significant,0.0008385492216187384
1630198,Isaiah Joe,386.0,56.0,1449.0127049090377,1519.5541000161124,172.19816088208557,-45.4572351336132,0.4461092250831232,-0.8117363416716643,-0.4132573508742384,-1.380865538783925,0.0003078711619102,-0.0005341937754391,-0.0008420649373494,Q4,0.030660427411934487,-0.05490971945109341,-0.0855701468630279,-2.33391957847221,0.019599933367501467,True,significant,0.0006165611421860902
76170,Otis Birdsong,657.0,35.0,1683.248552923348,1682.3939289012349,119.03761927583142,-43.27221853330368,0.1811835909830006,-1.2363491009515335,-1.2236365788766403,-3.732229001573174,0.0001076392376326,-0.0007348749182416,-0.0008425141558743,Q4,0.01349908567887682,-0.0719933443171114,-0.0854924299959882,-0.69949867447165,0.48424044111025716,False,not_significant,0.0007427161981125264
2078,Jason Hart,331.0,19.0,1473.7256584319182,1426.3475460737782,-34.40633922959777,-24.771237667418536,-0.1039466441981805,-1.303749350916765,-1.3211621800065316,-1.388269939128842,-7.05332390757059e-05,-0.0009140474595448,-0.0008435142204691,Q3,-0.006643095136812954,-0.0906873090294992,-0.08404421389268625,-2.2662495232193405,0.023436110042966616,True,significant,0.0009167647986887441
1641710,Anthony Black,208.0,17.0,1496.0384899427477,1628.9954399797264,209.4421254013708,-4.782277642069124,1.0069332951988978,-0.2813104495334779,-0.8099111823803569,-1.4209932506874596,0.0006730664364373,-0.0001726895254764,-0.0008457559619138,Q4,0.06726501362205589,-0.0131504950463215,-0.08041550866837739,-0.7506272448385307,0.45287701982330175,False,not_significant,0.0006948669657334921
78404,Kiki Vandeweghe,792.0,68.0,1740.8583147368165,1753.8762296384214,138.07677234523382,-89.0306969976475,0.1743393590217598,-1.3092749558477572,-0.9622655947138375,-2.9658556075654774,0.0001001456336486,-0.0007465036207929,-0.0008466492544415,Q4,0.012524134507937854,-0.0785763519656369,-0.09110048647357476,-1.2391163755575079,0.21530240342859294,False,not_significant,0.0007531910805338772
61,Carl Herrera,465.0,41.0,1435.258164617226,1429.412345173714,-55.67744398018219,-55.20859692817344,-0.1197364386670584,-1.346551144589596,-1.166088914135936,-1.7083336735507473,-8.34250183129886e-05,-0.000942031282391,-0.000858606264078,Q3,-0.008932036977033113,-0.08929431004090414,-0.08036227306387103,-1.407747020276802,0.15920599322971052,False,not_significant,0.0009457180714588013
76966,Joey Hassett,291.0,16.0,1277.7859344935716,1231.1102130691793,-117.6456332258228,-23.194518789723183,-0.4042805265492192,-1.449657424357699,-0.7904831334568172,-1.468075639702914,-0.0003163914358702,-0.0011775204274714,-0.0008611289916012,Q3,-0.028780000514283928,-0.11741717587410594,-0.08863717535982202,-2.839094024526916,0.0045241823737482085,True,significant,0.0012192858146490655
1627788,Furkan Korkmaz,326.0,33.0,1477.3264929263205,1480.066651409444,10.707213221246032,-41.09624335417144,0.0328442123351105,-1.245340707702165,-0.9048482638572176,-1.898627594602344,2.2232196127514094e-05,-0.0008414085315119,-0.0008636407276394,Q4,0.0027072614815334467,-0.08355180740965024,-0.08625906889118368,-1.925985666715599,0.05410616358254466,False,not_significant,0.0008417021964125223
202691,Klay Thompson,934.0,161.0,1734.433825365612,1777.104419680208,267.4067418906906,-200.08262205167853,0.2863027215103754,-1.2427492052899287,-0.6926711183193813,-2.267684810455308,0.0001650698443049,-0.0006993113018724,-0.0008643811461774,Q4,0.01822361627113859,-0.06734667857351892,-0.0855702948446575,-1.3122416899710618,0.1894385994293344,False,not_significant,0.0007185292968455182
452,Vin Baker,788.0,24.0,1727.73514961614,1638.1241232635214,61.57012103605815,-32.45451436313023,0.078134671365556,-1.352271431797093,-1.0910798572199123,-2.628020988578338,4.5223755147260624e-05,-0.0008254999804917,-0.000870723735639,Q4,0.006225599443016673,-0.07346308097055539,-0.07968868041357206,-0.6422329866181535,0.5207219180597299,False,not_significant,0.0008267378095995226
76231,Dudley Bradley,586.0,30.0,1376.3818154242565,1333.0548145408625,-24.39744057120389,-36.13484712889928,-0.0416338576300407,-1.2044949042966426,-0.9986853786269534,-1.393700525447179,-3.024877048176312e-05,-0.0009035599220362,-0.0008733111515545,Q3,-0.001594842923164862,-0.08851932302301013,-0.08692448009984527,-2.0703454717059167,0.03842000422936154,True,significant,0.0009040661042344868
979,Jermaine O'Neal,1008.0,94.0,1690.0166505705913,1712.8768663922851,244.56262137421615,-117.86202082712344,0.2426216481887065,-1.2538512853949302,-1.0181410801105448,-1.923271544746916,0.0001435616910086,-0.0007320148400601,-0.0008755765310688,Q4,0.01593842209421718,-0.07171234697229979,-0.08765076906651698,-1.4666425543455455,0.1424733174730438,False,not_significant,0.0007459595734310689
2748,Dorell Wright,546.0,19.0,1571.1115343057313,1494.5579263851378,55.9423457733551,-23.02494874118782,0.1024585087424086,-1.211839407430938,-1.3206140413711838,-2.1146114425410696,6.521402618795277e-05,-0.0008108346863222,-0.0008760487125102,Q4,0.008035218935866947,-0.07886257672913216,-0.08689779566499911,-0.8499900969135104,0.395330592085298,False,not_significant,0.000813452984354267
77328,Tom LaGarde,311.0,23.0,1344.4400781300053,1307.9830481640977,-70.86970048718582,-31.47237842124934,-0.2278768504411119,-1.368364279184754,-1.0020551321243196,-1.4866381142955436,-0.0001694957284805,-0.0010461636189439,-0.0008766678904634,Q3,-0.014686771885176577,-0.11029016914964326,-0.09560339726446669,-2.0327701132134837,0.042075753936998125,True,significant,0.0010598052271879644
1628972,Troy Brown Jr.,354.0,15.0,1444.0899445922605,1453.879625413789,-10.780815655164602,-19.60276322380018,-0.0304542815117644,-1.3068508815866788,-1.070187282361863,-1.609263866068347,-2.1088909057090063e-05,-0.000898871446262,-0.000877782537205,Q3,-0.001169890926062718,-0.08975509974932867,-0.08858520882326595,-2.3777650086972506,0.017417922028627714,True,significant,0.000899118801377414
203,Nate McMillan,796.0,97.0,1577.400499155544,1577.8619949449308,174.1274893725125,-113.34010073800634,0.2187531273524026,-1.1684546467835706,-0.7244238964449475,-1.719573010649287,0.0001386795094013,-0.0007405303192085,-0.0008792098286099,Q4,0.014768226857524942,-0.07055436542710071,-0.08532259228462566,-1.551728855556338,0.12072711524361321,False,not_significant,0.0007534037164726679
252,Karl Malone,1462.0,193.0,2073.514498123452,2093.755701769515,626.3981667554777,-272.0862684144545,0.4284529184373993,-1.4097734114738574,0.5659475492939166,-2.907180820165164,0.0002066312624412,-0.0006733227808203,-0.0008799540432615,Q4,0.025124077597002692,-0.0661782645940554,-0.0913023421910581,-1.8148372616495498,0.06954892228225146,False,not_significant,0.0007043153028222699
77377,Cliff Levingston,816.0,82.0,1503.69992308867,1442.499489438997,43.433854780679226,-99.93527997163612,0.0532277632116167,-1.2187229264833672,-0.971478609260089,-1.4250776115727626,3.539786256175659e-05,-0.0008448688789188,-0.0008802667414806,Q4,0.0036416887022660835,-0.07859470279670298,-0.08223639149896908,-2.701511166918561,0.0069025162401117925,True,significant,0.000845610094097422
76782,Winston Garland,511.0,20.0,1510.0772502036666,1498.4203748227387,59.09147722196391,-24.138810122802283,0.1156388986731191,-1.2069405061401142,-1.0575391701774275,-2.19615542043862,7.65781344348594e-05,-0.0008054752367358,-0.0008820533711706,Q4,0.009562256434030556,-0.07306229338164126,-0.08262454981567183,-0.7649535836712125,0.4442991846581818,False,not_significant,0.000809107265860415
77609,Dirk Minniefield,222.0,19.0,1449.2211621687188,1420.3303117285957,7.592668546015986,-23.24923513205609,0.0342012096667386,-1.2236439543187416,-1.3813794088189049,-1.3879388702277828,2.359971725472013e-05,-0.000861520692908,-0.0008851204101627,Q4,0.003570548611229555,-0.08546670615822875,-0.08903725476945831,-2.249144713308314,0.024503290581208603,True,significant,0.0008618438669290298
2553,Jarvis Hayes,427.0,15.0,1466.018537297737,1438.8391324912009,12.119496720066468,-18.696687116491397,0.0283828962999214,-1.246445807766093,-1.0813533603280776,-1.9603243298140256,1.9360530291955727e-05,-0.0008662857296687,-0.0008856462599607,Q4,0.00399737747164311,-0.08597026067597793,-0.08996763814762104,-0.9988660147969816,0.3178596014607688,False,not_significant,0.0008665020459068852
2568,Carlos Delfino,506.0,40.0,1494.8935598237194,1444.973431025708,146.44779730640187,-40.01726932416709,0.2894225243209523,-1.0004317331041772,-0.932315480026466,-1.7056449988890092,0.0001936074461081,-0.0006923530299059,-0.000885960476014,Q4,0.020191904476299746,-0.06628762444484122,-0.08647952892114096,-1.2389497575219761,0.21536410510854884,False,not_significant,0.0007189134587753806
2224,Jamaal Tinsley,546.0,41.0,1633.3385840741444,1669.435611158876,42.17881242757358,-57.77462009097331,0.0772505722116732,-1.4091370753895929,-1.6615567573992598,-3.4536931525731056,4.729611665634079e-05,-0.0008440799189681,-0.0008913760356245,Q4,0.006896736605510921,-0.08535283847461748,-0.09224957508012842,-0.9859624391011321,0.3241515449402037,False,not_significant,0.0008454039462032127
76046,Ron Anderson,658.0,27.0,1545.7394322659811,1561.1242727811805,41.08090861386955,-35.92151992578658,0.0624329918143914,-1.3304266639180216,-1.0316240714144973,-3.852940843179713,4.039037273110617e-05,-0.0008522234181573,-0.0008926137908884,Q4,0.0053971551044279704,-0.08852394884665318,-0.09392110395108115,-1.0066679734533246,0.3140943575190376,False,not_significant,0.0008531800142203694
969,Travis Knight,350.0,24.0,1431.7445692886806,1411.4022077548611,-79.63313590777801,-35.62485657877706,-0.2275232454507943,-1.484369024115711,-0.968457524285127,-0.9015027231350468,-0.0001589132938453,-0.0010516981027519,-0.0008927848089066,Q3,-0.016406251224530714,-0.09941717572003547,-0.08301092449550476,-1.9508932937066639,0.051069740584094324,False,not_significant,0.0010636363731523612
1629020,Jarred Vanderbilt,367.0,38.0,1490.970689324044,1518.729906533918,43.312955334796285,-47.11626004052553,0.1180189518659299,-1.2399015800138298,-0.9796163775912629,-1.726821904877491,7.915578267969557e-05,-0.0008164069033469,-0.0008955626860266,Q4,0.008606577808845772,-0.08377112710808678,-0.09237770491693255,-1.7778054177329532,0.07543581838934561,False,not_significant,0.0008202352526952921
2229,Mike James,590.0,31.0,1554.5588632052632,1554.0203838910156,55.27516875624957,-40.3934097213884,0.0936867267055077,-1.3030132168189803,-1.0909822443426962,-2.2459559870380588,6.026579560476727e-05,-0.0008384788451464,-0.0008987446407512,Q4,0.0071901230151644084,-0.08461910932379688,-0.09180923233896128,-1.5950081830258527,0.11071040590281646,False,not_significant,0.0008406418618400563
23,Dennis Rodman,910.0,169.0,1657.1123673183663,1647.0765383558312,321.8825029945652,-191.37401416463445,0.3537170362577639,-1.1323906163587838,-0.6175195845397212,-2.9556000819041826,0.0002134538630172,-0.0006875154796929,-0.0009009693427102,Q4,0.023296260653984432,-0.06880465339417366,-0.0921009140481581,-2.251838435122305,0.02433248383064452,True,significant,0.000719888940361167
77770,Louis Orr,560.0,22.0,1496.1630790132308,1479.3141057704988,37.284513495575474,-28.05633233069318,0.0665794883849562,-1.2752878332133264,-0.960845602521108,-1.0723484691345655,4.4500154641476366e-05,-0.0008620804927355,-0.000906580647377,Q4,0.0054031722993998135,-0.08567521902209149,-0.09107839132149131,-1.0815147511762622,0.2794682025779419,False,not_significant,0.000863228266287775
2449,Luis Scola,742.0,47.0,1663.6492803977883,1561.7807684434786,78.34463833124046,-62.55208132571091,0.105585765945068,-1.3308953473555512,-0.9007437303733086,-2.0513263807240367,6.346636108292116e-05,-0.0008521652809708,-0.0009156316420537,Q4,0.00784707178526923,-0.08090195153549788,-0.08874902332076712,-0.8913687804369385,0.372731360568781,False,not_significant,0.000854525391712353
262,Michael Cage,1111.0,53.0,1538.1646574258543,1519.8423225272902,17.1165756265202,-73.14423150004481,0.0154064587097391,-1.380079839623487,-0.8307141510225163,-1.6616363999429125,1.0016131000904762e-05,-0.0009080414587538,-0.0009180575897547,Q4,0.0012665138766456373,-0.08771108446132589,-0.08897759833797153,-1.8184844564195903,0.06899012029769785,False,not_significant,0.0009080966984280674
1074,Matt Maloney,293.0,21.0,1515.7696684404436,1620.0953743710152,31.91393926364856,-29.046222522928943,0.1089212944151827,-1.3831534534728067,-1.3569039649444807,0.0495557828368532,7.185873730225156e-05,-0.0008537481652953,-0.0009256069025976,Q4,0.009014227724697885,-0.07944592432967548,-0.08846015205437337,-0.34185888163790157,0.7324570949829938,False,not_significant,0.0008567669507350087
77689,Swen Nater,481.0,17.0,1524.644483604746,1419.102809733483,-0.18875131109316,-22.48746385523948,-0.000392414368177,-1.3227919914846753,-1.5121246610214754,-1.8587845885013128,-2.5738089921740644e-07,-0.0009321325998453,-0.0009318752189461,Q3,0.0025310264232831824,-0.09298625411493558,-0.09551728053821876,-2.233903312412994,0.025489435575560982,True,significant,0.0009321326353793678
203458,Alex Len,685.0,17.0,1484.129239766652,1397.9161882500568,-67.74737792371869,-23.819257043269232,-0.0989012816404652,-1.4011327672511311,-0.9616469895056874,-1.1325875653799449,-6.663926495782495e-05,-0.0010023009812949,-0.0009356617163371,Q3,-0.006651984702565078,-0.09867074423022282,-0.09201875952765773,-3.425117585045079,0.0006145333898537338,True,significant,0.0010045138370071557
1630241,Sam Merrill,223.0,43.0,1475.473535114554,1501.287065070249,134.38923790995656,-34.107232888135336,0.6026423224661729,-0.7931914625147752,-0.8536269197770991,-1.4830271302920848,0.0004084399402117,-0.0005283409688723,-0.000936780909084,Q4,0.04183701952054325,-0.05312162786116964,-0.09495864738171289,-1.548937548673742,0.12139673348837139,False,not_significant,0.0006678078796697877
101122,Danny Granger,586.0,35.0,1751.7303342406744,1655.1145743130337,145.74663552047463,-46.12407111841612,0.2487143950861342,-1.3178306033833176,-0.9190896810743678,-3.277394873253176,0.0001419821248879,-0.0007962171464354,-0.0009381992713234,Q4,0.017763984220155973,-0.07805809779929436,-0.09582208201945033,-1.0085357882368227,0.31319731583094157,False,not_significant,0.0008087772672778424
202397,Ish Smith,794.0,23.0,1477.6948084944308,1429.8740269114342,-22.246331595745374,-31.540377295345323,-0.0280180498686969,-1.3713207519715358,-0.8801264425900513,-1.519045737775656,-1.8960647156393217e-05,-0.0009590500464811,-0.0009400893993247,Q3,-0.0016651119045294138,-0.09301320364803017,-0.09134809174350075,-1.565777574319236,0.1174006980319075,False,not_significant,0.0009592374564183727
699,Brent Barry,909.0,88.0,1602.017626544921,1580.1854937120088,146.78001143478133,-116.84380197372148,0.1614741599942588,-1.3277704769741077,-0.9969161174533984,-2.1345399981972584,0.0001007942467789,-0.0008402624136581,-0.0009410566604371,Q4,0.010938099638895945,-0.07878190591917243,-0.08972000555806839,-2.0376601563140073,0.041583931450270624,True,significant,0.000846286242349633
2306,Carlos Arroyo,564.0,33.0,1491.5972872420857,1516.2319358881423,96.38225000923148,-41.59685642880055,0.170890514200765,-1.260510800872744,-0.8425935381370738,-1.4623686014269288,0.0001145688019564,-0.0008313443154951,-0.0009459131174515,Q4,0.012184078935324808,-0.08283691973467906,-0.09502099867000388,-2.9160847866298965,0.003544541626373052,True,significant,0.0008392016332728036
288,Armen Gilliam,928.0,34.0,1653.8739620807953,1619.0094295009137,130.53877640068413,-47.40713656835631,0.1406667849145303,-1.3943275461281266,-1.3052753009143914,-2.4469000951558217,8.505290496112086e-05,-0.00086122262213,-0.0009462755270912,Q4,0.010687525012541374,-0.09094437608675601,-0.10163190109929737,-1.4694423669597543,0.1417128430632549,False,not_significant,0.0008654122725677042
202334,Ed Davis,719.0,32.0,1531.5016016903287,1533.5721509496398,-9.243200771224132,-47.03720016356832,-0.0128556338960001,-1.4699125051115098,-0.931301204247076,-1.726432508758649,-8.394136762123744e-06,-0.0009584893049872,-0.0009500951682251,Q3,-0.0003563786141163377,-0.09495544356464919,-0.09459906495053284,-2.2915845495496683,0.02192962787776136,True,significant,0.0009585260608386331
1080,Henry James,209.0,16.0,1436.0532061917138,1408.8946126643043,-28.54742642722883,-23.59442619798672,-0.1365905570680805,-1.4746516373741698,-1.5287382776110534,-1.547042628856642,-9.51152481531702e-05,-0.0010466727774517,-0.0009515575292985,Q3,-0.008704770939824491,-0.10468095860071537,-0.09597618766089087,-2.7680191164647763,0.005639814746631279,True,significant,0.0010509856390501706
203503,Tony Snell,596.0,46.0,1432.1681642743024,1435.7534272904518,-6.964290342441241,-63.632144212545775,-0.0116850509101363,-1.3833074828814298,-0.9846477390454754,-1.989147868224565,-8.158993616547309e-06,-0.0009634714823505,-0.000955312488734,Q3,-0.0001917386129653259,-0.09724312096263502,-0.09705138234966969,-1.8612498737740422,0.06270889827093015,False,not_significant,0.00096350602825281
1628449,Chris Boucher,415.0,15.0,1580.284399802836,1550.9719563858164,90.41164650904112,-19.137837614703088,0.2178593891784123,-1.275855840980206,-1.343532522349764,-4.009309021155275,0.0001378608744132,-0.0008226169633352,-0.0009604778377484,Q4,0.01574575458233728,-0.08615286193350624,-0.10189861651584353,-0.893376330268171,0.37165567390631693,False,not_significant,0.0008340888975767499
764,David Robinson,987.0,123.0,2079.6404948193986,2030.8123042180991,460.0126061990187,-183.99040957648276,0.4660715361692185,-1.4958569884266888,-0.350339967099349,-2.223428715024047,0.0002241115891569,-0.0007365806211237,-0.0009606922102807,Q4,0.02807618833114694,-0.06830463921907567,-0.0963808275502226,-1.6370562569211606,0.10161871540696944,False,not_significant,0.0007699201359942516
904,Chris Mullin,983.0,71.0,1748.7233260206942,1672.07113161264,181.66771434593076,-101.92807990814254,0.1848094754282103,-1.4356067592696131,-0.35914466355411,-2.72265836144647,0.0001056825128814,-0.0008585799563951,-0.0009642624692765,Q4,0.012839139315407654,-0.08530729755260666,-0.0981464368680143,-1.2820268333689104,0.19983323337778544,False,not_significant,0.0008650597291819445
1628371,Jonathan Isaac,327.0,18.0,1536.3068561039336,1593.7277831588312,30.953428879349232,-25.92878548859745,0.0946588039123829,-1.4404880826998585,-1.1790386056287774,-1.5954869778717744,6.161451635543516e-05,-0.0009038482593587,-0.0009654627757142,Q4,0.007251691353274852,-0.08899217785297442,-0.09624386920624928,-0.568272008316219,0.5698502828721896,False,not_significant,0.0009059459280616398
76890,Darrell Griffith,740.0,37.0,1627.2643655287784,1669.2175367725088,74.71877091421068,-55.96013382698429,0.1009713120462306,-1.5124360493779538,-1.0616317672884583,-1.4202596561396876,6.204972847999414e-05,-0.0009060748620592,-0.0009681245905391,Q4,0.008269085379353357,-0.0884886922401817,-0.09675777761953505,-0.9981190993007614,0.31822160971328606,False,not_significant,0.0009081970185262884
1720,Michael Doleac,585.0,29.0,1378.2139409174022,1358.754772125484,-63.816767442345,-41.33800898703157,-0.1090884913544359,-1.4254485857597097,-0.8450467834665376,-0.8276771217536989,-7.915207364817513e-05,-0.0010490845110555,-0.0009699324374074,Q3,-0.007523903042352919,-0.09873307454756314,-0.09120917150521021,-2.2403264745603084,0.02506973571842139,True,significant,0.0010520662346541513
203488,Mike Muscala,537.0,34.0,1427.502098594004,1439.0509060667146,-36.35330935237752,-49.81013231962365,-0.0676970379001443,-1.4650038917536368,-0.758440009151985,-1.3929196940335808,-4.7423424432665625e-05,-0.0010180347933332,-0.0009706113689005,Q3,-0.004691082396262975,-0.1010566482626592,-0.09636556586639622,-2.3341405333975294,0.019588364481788315,True,significant,0.0010191387646546922
78369,Kelly Tripucka,696.0,25.0,1676.9456296165506,1685.0868535560203,115.80301876009534,-36.8645421094092,0.1663836476438151,-1.474581684376368,-1.3555795000927873,-3.202785714326318,9.921827202105553e-05,-0.0008750775553583,-0.0009742958273794,Q4,0.013190569905682448,-0.08903823559591417,-0.10222880550159663,-0.8430955064396707,0.3991750316806362,False,not_significant,0.0008806843892080197
96,Detlef Schrempf,1134.0,114.0,1730.8601440181478,1745.4002331183235,302.4122441390501,-165.66890430517842,0.2666774639674163,-1.4532360026770037,-0.3520914849842748,-2.798250767514569,0.0001540722194621,-0.0008326090343649,-0.000986681253827,Q4,0.017621454690206602,-0.0873451267895848,-0.1049665814797914,-2.405527626724462,0.016149130868443762,True,significant,0.0008467443846380257
1714,Robert Traylor,435.0,22.0,1410.9926148363204,1394.93148276718,24.60467162061345,-29.04962099359697,0.0565624634956631,-1.3204373178907711,-0.9749412392994254,-1.4634601806480914,4.008700180349599e-05,-0.0009465965419831,-0.0009866835437865,Q4,0.004482868165677518,-0.09153586934133022,-0.09601873750700773,-1.4522863308107856,0.14642200663399332,False,not_significant,0.0009474449751874544
104,Benoit Benjamin,805.0,18.0,1599.3188989355504,1618.7095672389546,74.85903630950229,-27.111052004335956,0.0929925916888227,-1.506169555796442,-1.135062941476678,-2.365220938962642,5.8145121495603705e-05,-0.0009304754764411,-0.0009886205979367,Q4,0.007297638244579107,-0.09434736712164155,-0.10164500536622065,-0.8211620291135401,0.41155398173451324,False,not_significant,0.0009322904415535056
1628983,Shai Gilgeous-Alexander,530.0,63.0,1994.8334968309864,2198.1181574011903,789.9473393612408,-33.44449827178376,1.490466678040077,-0.5308650519330755,1.412947202406181,0.2051309394770847,0.0007471634501866,-0.0002415088789224,-0.000988672329109,Q4,0.08436713645196194,-0.0188328882147346,-0.10320002466669655,-1.074686019841192,0.2825153249159734,False,not_significant,0.0007852259292032443
133,David Wesley,945.0,55.0,1695.9621640565997,1713.465118472611,143.16260928591214,-84.78910650601179,0.1514948246411768,-1.5416201182911236,-0.7725579423094218,-1.3461206879870835,8.932677146453191e-05,-0.0008997090758785,-0.000989035847343,Q4,0.010493540001697596,-0.09211038158485775,-0.10260392158655536,-1.3138213850642961,0.18890631928288357,False,not_significant,0.0009041325640183641
1629027,Trae Young,497.0,33.0,1950.515591734163,1997.5932758103072,479.3869070721729,-32.91538244912725,0.9645611812317362,-0.9974358317917348,0.8654978001568606,4.09050356182803,0.0004945160065981,-0.0004993187771855,-0.0009938347837836,Q4,0.06066161162308272,-0.04576885707524437,-0.10643046869832709,-0.6687289463025681,0.5036683991198505,False,not_significant,0.0007027555208120068
761,Matt Geiger,552.0,37.0,1549.5511176034809,1588.7988822609457,115.22181291864533,-50.64320548085441,0.2087351683308792,-1.3687352832663355,-1.060483600498297,-2.3700185571650065,0.0001347068618515,-0.0008614905879833,-0.0009961974498349,Q4,0.014635286437959019,-0.0875728069923943,-0.10220809343035331,-1.4367196157805024,0.15079767895389418,False,not_significant,0.0008719586984563495
1626181,Norman Powell,671.0,94.0,1658.517651362073,1601.786723158736,416.1067649835207,-93.82674755171432,0.6201293069799116,-0.9981568888480248,-0.6202470515860559,-2.255754583976429,0.0003739057624563,-0.00062315218026,-0.0009970579427164,Q4,0.039790473798846426,-0.0585543830635439,-0.09834485686239032,-1.398418427185326,0.16198745276934065,False,not_significant,0.0007267215140346531
2240,Gilbert Arenas,552.0,30.0,1824.87813902384,1908.367256025408,195.4968268431132,-46.17424841611179,0.3541609181940456,-1.5391416138703928,-0.7371641749002191,-2.1785935061659423,0.0001940737360049,-0.0008065227534222,-0.0010005964894271,Q4,0.025016639043166842,-0.08921736768844894,-0.11423400673161578,-0.8192277251419884,0.4126564993822717,False,not_significant,0.0008295441921890758
2443,Darius Songaila,495.0,20.0,1469.915863759191,1516.602902237058,-15.868356974824394,-31.144484082095197,-0.032057286817827,-1.5572242041047597,-1.0524382752952948,-2.564980847869709,-2.1808926352997604e-05,-0.0010267844020394,-0.0010049754756864,Q3,-0.0018985098505213563,-0.10240970407743921,-0.10051119422691786,-1.5578096565932438,0.1192783762073394,False,not_significant,0.0010270159869934248
202340,Avery Bradley,656.0,39.0,1550.5026253965666,1654.6246515527444,48.08339019959684,-61.93706357475688,0.0732978509140195,-1.5881298352501765,-1.0057727579596534,-4.924615292156695,4.727360645085812e-05,-0.0009598127489275,-0.0010070863553784,Q4,0.005535553716702587,-0.09753880954834454,-0.10307436326504713,-0.7123684485060635,0.4762366481243568,False,not_significant,0.0009609762259653641
1627736,Malik Beasley,572.0,44.0,1537.068958953006,1552.6807969946044,212.41970928859212,-52.69774435726039,0.3713631281269093,-1.1976760081195543,-0.7241513184655375,-1.9540151760831488,0.0002416047282484,-0.0007713600956731,-0.0010129648239215,Q4,0.025314625316712604,-0.0776577436887234,-0.10297236900543599,-1.8159890523714988,0.06937205149177146,False,not_significant,0.0008083125892306745
1449,Larry Bird,882.0,163.0,1979.669881835321,2073.1417277554547,648.886110376261,-217.55835166171144,0.7356985378415657,-1.3347138138755303,0.1934644108421766,-1.1178380624201243,0.0003716268780931,-0.0006438121407746,-0.0010154390188678,Q4,0.04427089623009883,-0.0648495621357297,-0.10912045836582855,-1.699305298898673,0.089261674693498,False,not_significant,0.0007433711113098202
762,Shawn Bradley,826.0,39.0,1586.574432880063,1536.4968472551093,22.28234605049475,-59.83026428843343,0.0269762058722696,-1.5341093407290622,-1.0616236380594026,-2.1951459944265257,1.7002798805537627e-05,-0.0009984461363976,-0.0010154489352032,Q4,0.002861349394144099,-0.10095159022537699,-0.10381293961952108,-2.6103503437642157,0.009044953814456306,True,significant,0.0009985908984436603
101154,Andray Blatche,560.0,27.0,1550.955879133246,1615.71449129586,221.34568884833905,-33.32065233107754,0.3952601586577483,-1.2340982344843534,-0.9995181578764224,-2.559170177748947,0.0002548493893189,-0.0007638095970127,-0.0010186589863317,Q4,0.02650862325461227,-0.07666123541922792,-0.1031698586738402,-2.3071440790758753,0.021046789339246075,True,significant,0.0008052038945043171
258,Brian Grant,756.0,57.0,1665.0157014319416,1633.6275218752469,71.85099742843816,-89.66711010137048,0.0950410018894684,-1.5731071947608857,-1.3847199109310369,-2.678929863395596,5.708114452478232e-05,-0.0009629534111638,-0.0010200345556886,Q4,0.007071169165322791,-0.09506535588050795,-0.10213652504583073,-1.199021213593674,0.23051969705353487,False,not_significant,0.0009646437317125207
140,Donald Royal,504.0,36.0,1440.2990174367285,1480.020589045152,-7.396998624389273,-55.1971739933633,-0.0146765845722009,-1.5332548331489806,-0.8413632481393478,-1.6299600469490385,-1.0189956664915707e-05,-0.0010359685834763,-0.0010257786268114,Q3,-0.0009312831593235901,-0.10402627067753406,-0.10309498751821047,-3.228826347211389,0.0012429934678967057,True,significant,0.0010360186973055671
203092,Tyler Zeller,411.0,25.0,1488.013303726092,1445.9536618284749,33.11335615414193,-35.22909362770426,0.0805677765307589,-1.4091637451081704,-1.23560168931291,-1.6531063336227785,5.414452702070033e-05,-0.0009745566419647,-0.0010287011689854,Q4,0.006754117564328773,-0.09588208775957847,-0.10263620532390726,-2.8913342039459127,0.0038360994100976606,True,significant,0.0009760595669342153
203939,Dwight Powell,760.0,41.0,1527.498953514285,1556.4331747282035,-1.4977513522021872,-65.96526724528466,-0.0019707254634239,-1.608908957202065,-0.9212629292628964,-1.995039792068978,-1.2901648533964123e-06,-0.0010337154099038,-0.0010324252450504,Q3,-0.0003455301489532733,-0.10315618355606236,-0.1028106534071091,-1.6235431398402413,0.10447334917425136,False,not_significant,0.0010337162150212845
1630598,Aaron Wiggins,338.0,47.0,1477.2757536397512,1526.0469053984912,126.45330895703724,-56.039616614104965,0.3741222158492226,-1.192332268385212,-0.8749287870897136,-2.082497451381492,0.0002532514426825,-0.0007813208520441,-0.0010345722947266,Q4,0.0267249935076373,-0.07647883561724739,-0.1032038291248847,-2.0474015210358214,0.040618677162408946,True,significant,0.0008213394956165727
2757,Beno Udrih,821.0,47.0,1536.5554224203258,1497.269202114354,131.89807853703098,-66.36451065574332,0.1606553940767734,-1.4120108650158152,-0.932315926040195,-1.8793436839126207,0.0001045555479044,-0.0009430574428578,-0.0010476129907623,Q4,0.011526133564312363,-0.0944152764557394,-0.10594141002005177,-2.145606101556453,0.03190441823841313,True,significant,0.000948835709239003
1725,Rasho Nesterovic,808.0,62.0,1515.5420213149796,1544.1023914365896,91.1205938650786,-93.24566850415113,0.1127730122092556,-1.5039623952282437,-0.9152168650173124,-1.6962690483637353,7.441100980585593e-05,-0.0009740043170511,-0.001048415326857,Q4,0.0079076018737675,-0.09155977411015218,-0.09946737598391968,-2.3539468239628056,0.01857526814782746,True,significant,0.0009768425707423417
203994,Jusuf Nurkic,629.0,21.0,1665.787318660833,1737.2107387781084,215.00388091175756,-30.91282761051597,0.3418185706069277,-1.47203941002457,-0.7977943007291011,-1.4109848764108155,0.0002051994073779,-0.0008473579958755,-0.0010525574032535,Q4,0.02303227875752498,-0.08689047689415799,-0.10992275565168297,-1.2107046823979382,0.22600860721058327,False,not_significant,0.0008718499698700374
1628988,Aaron Holiday,504.0,24.0,1413.898461707237,1418.630292311188,-38.464753426197085,-37.74648686403764,-0.0763189552107085,-1.5727702860015684,-0.7949755503200411,-1.0225491664185646,-5.397767751904604e-05,-0.0011086540972132,-0.0010546764196941,Q3,-0.004972533880081336,-0.11059590134656545,-0.10562336746648411,-2.023267172240609,0.0430456095019627,True,significant,0.0011099673404825774
41,Anthony Bonner,315.0,23.0,1505.274335299245,1494.4015754061609,58.7651817116285,-32.06416207911206,0.1865561324178682,-1.3940940034396547,-1.3300559342054503,-1.314271868326352,0.0001239349718805,-0.0009328777661792,-0.0010568127380598,Q4,0.014281245429606152,-0.09351184486330978,-0.10779309029291594,-2.4846993346346764,0.012966089393054698,True,significant,0.0009410742818112258
76011,Alvan Adams,837.0,59.0,1643.6201709233126,1650.527606426041,89.78772878916762,-96.94575488574576,0.1072732721495431,-1.643148387893996,-1.0287990874266355,-2.3976049999774114,6.52664612221702e-05,-0.0009955291759414,-0.0010607956371636,Q4,0.008146056189080774,-0.0998947664356493,-0.10804082262473008,-1.3490629748355916,0.1773167394441627,False,not_significant,0.0009976663024834646
203457,Nerlens Noel,465.0,17.0,1549.4009591979473,1507.464198090417,44.35421560149888,-25.65018422823805,0.0953854098956965,-1.508834366366944,-0.989968228862012,-2.9102825088243582,6.156276677734412e-05,-0.0010009089225988,-0.0010624716893761,Q4,0.008985870635152339,-0.10035525418955189,-0.10934112482470423,-1.3536210541056153,0.17585730635598312,False,not_significant,0.0010028004016708271
1627734,Domantas Sabonis,665.0,25.0,1885.9316844089087,1727.0090295614425,492.7644715656675,-29.00630571979643,0.740999205361906,-1.1602522287918573,0.2697549154369532,-2.4962137537474347,0.0003929088267023,-0.0006718275405233,-0.0010647363672256,Q4,0.0450990956064549,-0.0516688912855292,-0.0967679868919841,-0.8691647067765872,0.38475704849995956,False,not_significant,0.0007782863164068635
77353,Allen Leavell,678.0,63.0,1547.1608713789146,1503.059551228798,132.97536386134564,-89.30699075991878,0.1961288552527222,-1.4175712819034727,-1.194976946198498,-2.015220157275504,0.0001267669438136,-0.0009431238308186,-0.0010698907746322,Q4,0.014019953326099146,-0.09088941220539204,-0.10490936553149117,-1.6825955140719633,0.09245342070219086,False,not_significant,0.0009516051798418248
1630573,Sam Hauser,333.0,55.0,1497.336655433148,1506.080187283967,162.61921848626912,-61.717496557861566,0.4883460014602676,-1.1221363010520284,-0.7768745829483042,-1.8908671911349293,0.0003261430885888,-0.0007450707542177,-0.0010712138428065,Q4,0.03359859030147304,-0.07459830429089653,-0.10819689459236957,-2.2953554914465357,0.02171275987349437,True,significant,0.0008133263447256423
1629001,De'Anthony Melton,405.0,32.0,1512.9893548163188,1524.7272383363902,166.82449185813385,-39.10347138286192,0.4119123255756391,-1.221983480714435,-0.5116304269259939,-2.9017258276994524,0.0002722506435781,-0.0008014439894493,-0.0010736946330275,Q4,0.028670585413986163,-0.08113658618705535,-0.10980717160104152,-1.4448183249311786,0.1485089224485712,False,not_significant,0.000846423582583271
101107,Marvin Williams,1072.0,59.0,1582.0744855755847,1611.1311084256797,133.79311975330617,-95.67336517909482,0.1248070146952483,-1.621582460662624,-0.6839840258266652,-3.102406218025405,7.888820395826145e-05,-0.0010064869656989,-0.0010853751696572,Q4,0.008779600445159593,-0.096825803411837,-0.10560540385699659,-1.432178502657854,0.15209274237473627,False,not_significant,0.001009573851110229
76599,Larry Drew,642.0,31.0,1546.9409602124815,1389.7591583502278,-5.383266379299689,-47.09723033973519,-0.0083851501235197,-1.5192654948301674,-0.9772087831170652,-1.228742816037513,-5.420471976104385e-06,-0.0010931861723679,-0.0010877657003918,Q3,-2.9078543962283798e-05,-0.09764561748333868,-0.0976165389393764,-1.8215484256107046,0.06852353254801581,False,not_significant,0.0010931996107632054
1627814,Damion Lee,314.0,23.0,1478.6564564977034,1440.0774676222732,18.07786732242005,-34.74699846343285,0.0575728258675797,-1.5107390636275153,-1.0004110140507176,-1.6889573278377237,3.893590401921004e-05,-0.0010490679130768,-0.001088003817096,Q4,0.005333074273371833,-0.10458197042112895,-0.10991504469450078,-2.940382586499164,0.003278072127444703,True,significant,0.0010497902127897295
1627863,Danuel House Jr.,290.0,28.0,1481.479701209315,1524.38925448008,12.170003587061272,-45.25266305124646,0.0419655296105561,-1.6161665375445164,-0.816627973716086,-1.6421153527021657,2.8326766526939334e-05,-0.0010602059367675,-0.0010885327032945,Q4,0.003669887893504845,-0.10593991035858484,-0.10960979825208968,-0.7768595989287064,0.43724160956641417,False,not_significant,0.0010605842889930643
2743,Kris Humphries,787.0,19.0,1501.9863441315915,1529.4812103317645,75.73458514456804,-29.8878054354622,0.0962320014543431,-1.573042391340116,-0.937059591005264,-2.446299634212912,6.406982448963736e-05,-0.0010284810174287,-0.0010925508419183,Q4,0.007006061377415138,-0.10381162703420113,-0.11081768841161627,-2.2121152674321927,0.026958701470043943,True,significant,0.0010304747185745542
76296,Quinn Buckner,703.0,68.0,1432.6449394927774,1411.123091545967,79.03099380486395,-97.5762762419298,0.1124196213440454,-1.4349452388519088,-0.8975405505664295,-1.4500474900930636,7.846998111328771e-05,-0.0010168816933467,-0.0010953516744599,Q4,0.008940532881287296,-0.09832815020767476,-0.10726868308896204,-2.3226910294222165,0.020195756529105633,True,significant,0.0010199048564447431
1628991,Jaren Jackson Jr.,455.0,31.0,1728.9805403003709,1672.9220624859092,359.02824602720364,-33.202074694851106,0.7890730681916563,-1.0710346675758422,-0.1375374401279465,-3.1185752952000727,0.0004563805374319,-0.0006402179106803,-0.0010965984481123,Q4,0.051269203072839005,-0.058673401553837254,-0.10994260462667627,-0.895307798450535,0.37062257267558557,False,not_significant,0.0007862328968584808
203926,Doug McDermott,725.0,28.0,1453.2025550492,1397.1697375949525,-80.2926048131579,-46.065055431424895,-0.1107484204319419,-1.6451805511223176,-0.8431238803525279,-1.7258802999748724,-7.620989933381475e-05,-0.0011775094370096,-0.0011012995376758,Q3,-0.00769636993271763,-0.11821768681417126,-0.11052131688145364,-2.5228389047372084,0.01164117165843414,True,significant,0.0011799730602870284
947,Allen Iverson,914.0,71.0,1985.0303798547832,2045.059718773959,440.9605563093027,-126.58438233560624,0.4824513745178366,-1.7828786244451582,0.0212616320449542,-2.957406312998561,0.000243044831663,-0.0008717978297054,-0.0011148426613684,Q4,0.031437178475623336,-0.08766783391521363,-0.11910501239083696,-1.0847353827782051,0.2780388719292828,False,not_significant,0.0009050426763844573
1628418,Thomas Bryant,392.0,32.0,1584.5934600413286,1478.6196340511333,52.60191118217183,-48.76250941923623,0.1341885489341118,-1.5238284193511322,-1.356806149316552,-1.7588538404118514,8.468326565642393e-05,-0.0010305749932294,-0.0011152582588858,Q4,0.010034221057172213,-0.10289859195588685,-0.11293281301305907,-3.8300048089227916,0.000128140754756458,True,significant,0.0010340483896568934
76290,Joe Bryant,524.0,27.0,1335.078750111109,1284.723685100682,24.837372977896003,-37.49971741392871,0.0473995667517099,-1.3888784227381004,-1.1542633623214478,-2.6115928512534,3.550319915418113e-05,-0.0010810717034684,-0.0011165749026226,Q4,0.004858808261116988,-0.10918755061600108,-0.11404635887711806,-2.1860999289860827,0.028808295196929387,True,significant,0.0010816545221050248
2049,Speedy Claxton,333.0,30.0,1584.1470703707462,1557.1729821747854,136.75524171351384,-40.29196456677134,0.4106764015420836,-1.3430654855590447,-1.8228800624759964,-2.4312559918297776,0.0002592413351154,-0.0008625024328917,-0.0011217437680071,Q4,0.02955847702424133,-0.08411908570175088,-0.11367756272599219,-1.460778282264652,0.14407629772170039,False,not_significant,0.0009006200733808439
767,Terry Catledge,512.0,19.0,1581.1412808572927,1563.6262889610766,160.66003975593944,-27.65228974020921,0.3137891401483192,-1.4553836705373269,-1.2541444818522651,-3.669458445140085,0.0001984573699689,-0.0009307746235862,-0.0011292319935552,Q4,0.022333775687972728,-0.09530824231244031,-0.11764201800041303,-0.43461978534949414,0.6638384312795332,False,not_significant,0.0009516967624233075
782,Mitch Richmond,976.0,23.0,1804.0733969991395,1790.570675931753,177.69828303598652,-42.34958010147548,0.1820679129467075,-1.8412860913684992,-0.542503463868659,-2.4020931370732503,0.0001009204576984,-0.0010283236043784,-0.0011292440620768,Q4,0.01327560395933508,-0.10395911915971179,-0.11723472311904687,-0.5372604696481399,0.5910877069654321,False,not_significant,0.0010332639421289406
201942,DeMar DeRozan,1264.0,69.0,1881.9171259546888,1891.0986680859232,462.0371268716892,-122.32403050376055,0.3655357016389945,-1.772812036286385,-0.0551306726381737,-2.299079368526886,0.0001942358122988,-0.0009374508407225,-0.0011316866530214,Q4,0.022848481942906736,-0.08944992594559391,-0.11229840788850064,-1.207852812516995,0.2271038829377815,False,not_significant,0.0009573618070252733
1630202,Payton Pritchard,424.0,75.0,1508.7928777148295,1527.4074437846457,405.2644292205408,-57.14950073669204,0.9558123330673132,-0.7619933431558938,-0.7189052099981005,-2.0725305593811054,0.0006334947275963,-0.0004988802079344,-0.0011323749355308,Q4,0.06138378227813729,-0.048555766439415754,-0.10993954871755304,-2.1275435609314406,0.03337494594155605,True,significant,0.0008063479594821213
77719,Kurt Nimphius,544.0,25.0,1412.5506966179296,1420.4415633021476,-71.46867712245711,-43.89606239982165,-0.1313762447103991,-1.755842495992866,-1.1536139729149248,-1.3122892295468345,-9.300639263776746e-05,-0.001236124414658,-0.0011431180220203,Q3,-0.008781542632449771,-0.12191063909493824,-0.11312909646248848,-2.3261475934874727,0.020010678298941858,True,significant,0.0012396183919194945
695,Eldridge Recasner,296.0,17.0,1492.9883641017464,1473.8111513893002,3.4923092389861377,-28.55148041692172,0.0117983420236018,-1.6794988480542186,-1.6051978357951135,-2.146804240152917,7.90250098881398e-06,-0.0011395617725317,-0.0011474642735205,Q4,0.001692046656498132,-0.11304143095734635,-0.11473347761384448,-1.331789815477125,0.18292926555952382,False,not_significant,0.0011395891728765539
203903,Jordan Clarkson,824.0,61.0,1628.0820274065586,1563.222693525281,184.89512422165575,-96.9351745951907,0.2243872866767667,-1.5891012228719787,-0.5488997704090885,-2.486054409436149,0.000137823084402,-0.0010165546018835,-0.0011543776862856,Q4,0.01595006237012589,-0.101777607981683,-0.1177276703518089,-2.7756305016204914,0.005509478340776099,True,significant,0.0010258549903395715
899,Mark Price,721.0,47.0,1828.1925314093453,1852.109691104628,235.26435420869075,-85.01008549166882,0.3263028491105281,-1.808725223226996,-0.6035879778666664,-2.421452669664234,0.000178483854137,-0.0009765756487933,-0.0011550595029304,Q4,0.021320822004150183,-0.09576004020728507,-0.11708086221143524,-1.1299898835857107,0.258480487269053,False,not_significant,0.0009927519750691273
297,Alonzo Mourning,836.0,95.0,1910.4855822042896,1882.103535698131,260.8374115633147,-177.57853955364155,0.3120064731618596,-1.8692477847751745,-0.9748843535722772,-2.0208359237520805,0.0001633126552056,-0.0009931694773007,-0.0011564821325063,Q4,0.020041029804165264,-0.10216039854858705,-0.1222014283527523,-1.6292787793799488,0.10325401633353565,False,not_significant,0.0010065071455245852
1630228,Jonathan Kuminga,292.0,40.0,1572.6171955238865,1600.6126717613188,265.35727792329203,-37.10993780786389,0.9087578011071644,-0.9277484451965974,-0.7891634696913357,-2.924340528227674,0.0005778633247135,-0.0005796208299261,-0.0011574841546397,Q4,0.06046846437317147,-0.059946702537490966,-0.12041516691066244,-1.8368532832764348,0.06623155745225465,False,not_significant,0.0008184658383421759
1513,Scot Pollard,500.0,57.0,1507.2447044522428,1543.8939727145546,34.717486996505066,-98.91944806411742,0.0694349739930101,-1.7354289134055687,-1.0161613471864377,-1.9630261233873745,4.606748578243898e-05,-0.0011240596466312,-0.0011701271324136,Q4,0.004480921955122277,-0.11485320755840529,-0.11933412951352756,-3.762617790799139,0.00016814407089453773,True,significant,0.0011250032455201954
1630540,Miles McBride,266.0,55.0,1423.456494288696,1556.379699207772,186.78358311859864,-57.993688101117975,0.7021939214984911,-1.0544306927475997,-0.7081154732996932,-2.549725251732581,0.0004933019901316,-0.0006774893641213,-0.001170791354253,Q4,0.047807128095192934,-0.06708471719662505,-0.11489184529181798,-1.5998743546120833,0.10962645958356267,False,not_significant,0.0008380564968814934
255,Grant Hill,1026.0,39.0,1811.615648484419,1695.5605548772917,177.0965073822,-71.13641381188233,0.1726086816590643,-1.8240106105610856,-0.6881525970699772,-3.354941987779594,9.52788643680944e-05,-0.0010757566902074,-0.0011710355545755,Q4,0.012097760802352081,-0.09511950992063795,-0.10721727072299002,-1.2224860559393207,0.2215238738218021,False,not_significant,0.0010799678321696685
361,Clifford Robinson,1379.0,140.0,1678.9120788167077,1605.24778300872,201.01642045081255,-244.7783786308616,0.1457697030100163,-1.74841699022044,-0.7803138694885732,-2.3571600728090303,8.682390510452128e-05,-0.0010891882292111,-0.0011760121343157,Q4,0.008700946236489879,-0.09940598532284818,-0.10810693155933807,-2.254216922125391,0.02418252472927676,True,significant,0.0010926433037133439
363,Christian Laettner,868.0,45.0,1716.3316464095349,1719.893962125617,147.7344000532176,-83.36100433373952,0.1702009217202967,-1.852466762971989,-0.8124160673289087,-2.246346793327901,9.916552088073837e-05,-0.0010770819618917,-0.0011762474827724,Q4,0.012431309720501701,-0.11195585400795452,-0.12438716372845622,-1.8029581622442088,0.07139478551304355,False,not_significant,0.0010816373482660545
78555,Kenny Williams,259.0,17.0,1410.0372467920229,1440.750523774677,36.4596040758966,-26.57592152931655,0.1407706721077088,-1.563289501724503,-1.0374198852118246,-1.7880781911447028,9.98347188543965e-05,-0.0010850521835166,-0.001184886902371,Q4,0.010314739331260519,-0.10949070100831444,-0.11980544033957496,-3.623239957551542,0.00029093568602788785,True,significant,0.0010896353573755203
1739,Ruben Patterson,646.0,20.0,1603.138031959265,1587.550791946366,208.92736668212663,-31.345106031674124,0.3234169762881217,-1.5672553015837063,-0.9086374958007558,-2.814454993445822,0.0002017399436858,-0.0009872158481696,-0.0011889557918554,Q4,0.02206452405002424,-0.09412275876855018,-0.11618728281857442,-1.0795723577527772,0.28033265623949377,False,not_significant,0.0010076180505308409
355,Vincent Askew,465.0,50.0,1457.4145663864213,1477.7617897259197,61.75010997788961,-81.12387639154396,0.1327959354363217,-1.6224775278308792,-0.6016742897636329,-1.2679587241633477,9.111747508163164e-05,-0.0010979290025707,-0.0011890464776523,Q4,0.009149788066870357,-0.10848474636010674,-0.11763453442697709,-3.0891076335079517,0.002007586923246023,True,significant,0.0011017034487334348
600014,Artis Gilmore,844.0,42.0,1766.8606989256496,1754.678293436978,70.72557722046118,-84.34256812905964,0.0837980772754279,-2.008156384025229,-0.8970701534669264,-1.2661610191308403,4.74276649689372e-05,-0.0011444584409212,-0.0011918861058901,Q4,0.006215882340708302,-0.11731430705535588,-0.1235301893960642,-1.2709550044658005,0.2037446564891174,False,not_significant,0.0011454407476601265
76268,Tony Brown,350.0,17.0,1407.9053916485834,1348.445292867937,-79.81170855670227,-31.08584136106767,-0.2280334530191493,-1.828578903592216,-1.0196616346291147,-1.4349291725172415,-0.0001619664605106,-0.0013560645828672,-0.0011940981223565,Q3,-0.014961895896571355,-0.1314939349435363,-0.11653203904696495,-2.5450431824082513,0.010926422514766606,True,significant,0.0013657028546638999
78097,Charlie Scott,270.0,15.0,1446.1222515011927,1569.8115069599094,4.059124242870223,-27.888248719279105,0.0150337934921119,-1.8592165812852737,-2.155144108604542,1.2413812149109782,1.0395935389629496e-05,-0.0011843565759597,-0.0011947525113493,Q4,0.004667778848769377,-0.10844806254094455,-0.11311584138971392,-0.2151514465787154,0.8296492444104169,False,not_significant,0.001184402201319978
78440,Kenny Walker,448.0,26.0,1437.223497561385,1451.2602920151671,-64.21824487905472,-48.997624960998,-0.1433442966050328,-1.8845240369614615,-1.152352019141849,-2.5155408549343257,-9.973695590717305e-05,-0.0012985430989396,-0.0011988061430324,Q3,-0.009629844606186622,-0.12745217789469065,-0.11782233328850404,-2.479802718545332,0.013145509204630984,True,significant,0.0013023677054416274
1626157,Karl-Anthony Towns,720.0,72.0,1953.761269405881,1930.2200231857505,629.2065155776945,-104.59454616096836,0.8738979383023535,-1.4527020300134492,0.1148674184348393,-1.4161756770874692,0.0004472900307661,-0.0007526095536071,-0.0011998995843733,Q4,0.052782845775772746,-0.07308411830627136,-0.1258669640820441,-1.8637577904038372,0.06235572574074408,False,not_significant,0.0008754938673705356
202390,Gary Neal,352.0,45.0,1510.1868906160262,1517.9841927525038,128.72296001894253,-65.55991677896785,0.3656902273265413,-1.4568870395326188,-0.7812725760030363,-2.7169385198103604,0.0002421489880483,-0.0009597511268486,-0.0012019001148969,Q4,0.025474020609315858,-0.09385598094452653,-0.11933000155384238,-1.6938535472074971,0.09029311591917123,False,not_significant,0.0009898274384456986
101150,Lou Williams,1110.0,89.0,1658.6058693202945,1661.3068412206485,229.99865308536303,-159.82357841226667,0.2072059937705973,-1.7957705439580525,-0.7860665263234293,-2.931348472606121,0.0001249278069029,-0.0010809385114182,-0.0012058663183212,Q4,0.013531983103412063,-0.10688777901274293,-0.12041976211615502,-2.2434525406272527,0.024867647030538877,True,significant,0.0010881337336947892
1928,Todd MacCulloch,217.0,42.0,1520.1366315132698,1483.1072522168338,171.58716191072972,-42.94401481290121,0.7907242484365424,-1.0224765431643146,-1.279812046078182,-1.801105725990622,0.0005201665640077,-0.000689415105776,-0.0012095816697837,Q4,0.053857042816224325,-0.0663584726518979,-0.12021551546812222,-1.9440176428669182,0.05189332358360957,False,not_significant,0.000863635595829462
1122,Dominique Wilkins,1060.0,56.0,1933.00858719958,1986.4694031890128,344.0795416316236,-116.71194180594388,0.3246033411619091,-2.084141817963283,0.0993495550196389,-2.947350184405336,0.0001679264868823,-0.001049168849325,-0.0012170953362074,Q4,0.021294510708629942,-0.10343453246863867,-0.1247290431772686,-1.2696257062410687,0.20421798815089484,False,not_significant,0.0010625227429992149
76,Cedric Ceballos,604.0,59.0,1681.7102610242002,1689.736371384396,258.25991028881793,-96.02869224735274,0.4275826329285065,-1.6276049533449617,-1.2237407417346948,-2.566578705127057,0.0002542546375783,-0.000963230111459,-0.0012174847490373,Q4,0.02764087084699977,-0.08975020906034785,-0.11739107990734762,-1.7810144772206231,0.07491008570705071,False,not_significant,0.0009962216963865977
978,Peja Stojakovic,804.0,94.0,1770.8283267711545,1804.12048028086,301.8829565150138,-171.37823820879277,0.3754763140734002,-1.823172746902051,-0.3406599895919552,-2.754196864230443,0.0002120342827122,-0.0010105604181258,-0.001222594700838,Q4,0.024300903306274886,-0.10272648406195385,-0.12702738736822874,-1.666076139854142,0.09569825020958002,False,not_significant,0.001032565201683588
76001,Alaa Abdelnaby,256.0,17.0,1410.268748961474,1422.6504813654774,-37.15561818644609,-32.30818106338108,-0.145139133540805,-1.9004812390224164,-1.0722231862614695,-1.3039167213642804,-0.0001029159397084,-0.0013358736133124,-0.001232957673604,Q3,-0.010110510134051131,-0.13386873760781845,-0.12375822747376733,-2.849071727929633,0.004384699395849504,True,significant,0.0013398320795496692
202066,Garrett Temple,764.0,21.0,1437.8661793339795,1425.306840214204,-104.64853424295411,-39.77578538896168,-0.1369745212604111,-1.8940850185219849,-0.9604395056673296,-1.6965646205772518,-9.52623569766818e-05,-0.0013288963225892,-0.0012336339656125,Q3,-0.009739833779477097,-0.13226800877733214,-0.12252817499785504,-1.2731718791169169,0.2029570569653398,False,not_significant,0.0013323064035152918
101145,Monta Ellis,833.0,38.0,1790.56806297228,1711.337311946121,196.02634085815487,-71.81879987509605,0.2353257393255161,-1.8899684177656852,-0.7446893818719835,-1.9348863288128275,0.0001314251852202,-0.0011043810034249,-0.0012358061886451,Q4,0.016565477158468678,-0.11456092262460899,-0.1311263997830777,-1.3846228050423504,0.16616783450037198,False,not_significant,0.0011121735386332267
78437,Darrell Walker,710.0,34.0,1566.5948143898986,1503.342295415132,66.2747590286677,-60.12140758654112,0.0933447310262925,-1.7682766937217975,-1.1600505204971876,-1.807984958063765,5.9584475940350354e-05,-0.0011762302564856,-0.0012358147324259,Q4,0.007018084099756254,-0.11566713018247163,-0.12268521428222788,-1.3060800364518796,0.19152534114916223,False,not_significant,0.001177738479478898
47,Wayman Tisdale,838.0,22.0,1652.217651221412,1549.711927494714,36.41799285682222,-41.40661155553309,0.0434582253661363,-1.8821187070696856,-1.0987906602420336,-1.7648223766400926,2.6302966400346557e-05,-0.0012144958515692,-0.0012407988179695,Q4,0.004083634090206752,-0.12345098036970543,-0.12753461445991218,-1.64636769811708,0.09968807928962586,False,not_significant,0.001214780646668465
76771,Mike Gale,452.0,28.0,1437.5244547908987,1441.853874412394,32.38176625090617,-48.09354972823718,0.071641075776341,-1.7176267760084707,-0.816657433446301,-1.9916449501821485,4.9836422286646896e-05,-0.0011912627253635,-0.0012410991476501,Q4,0.006753505851420327,-0.11624111619532064,-0.12299462204674097,-1.2055198312324829,0.22800268700099427,False,not_significant,0.0011923047218839681
203506,Victor Oladipo,504.0,34.0,1742.9061932936988,1707.9387943394208,231.53765439272695,-57.00678041810667,0.4594001079220773,-1.676670012297255,-1.2435120867667575,-4.432374444004308,0.0002635828076632,-0.0009816920945025,-0.0012452749021658,Q4,0.032358855342360826,-0.10284155578984787,-0.13520041113220868,-1.186107374759627,0.2355798985168624,False,not_significant,0.0010164621315643396
1711,Raef LaFrentz,559.0,35.0,1643.9016608924285,1615.35057402374,36.49773017223383,-68.52350165171055,0.0652911094315453,-1.957814332906016,-1.5965612672156422,-5.669236056537613,3.971716251938123e-05,-0.0012120058421926,-0.001251723004712,Q4,0.005338115351177394,-0.11903963395769304,-0.12437774930887044,-1.3566380082638005,0.174896258711327,False,not_significant,0.0012126564288814804
201585,Kosta Koufos,672.0,34.0,1471.193164850882,1456.963387948037,55.2336077213312,-59.45692270458399,0.0821928686329333,-1.7487330207230585,-0.7836524084665498,-1.7215046133806673,5.586816918175682e-05,-0.0012002587266011,-0.0012561268957829,Q4,0.005999757898856073,-0.1185550035033248,-0.12455476140218087,-3.6481192717835835,0.0002641670049574621,True,significant,0.0012015582645505858
76822,Mike Glenn,576.0,21.0,1403.646454304908,1414.9666599193351,3.6377803478538886,-37.466198332802016,0.0063155908816907,-1.7841046825143816,-0.814542524820571,-1.5260522598980328,4.4994171162697e-06,-0.0012608810744813,-0.0012653804915976,Q4,0.001143179982778263,-0.12542677032731991,-0.12656995031009818,-3.2651473634041053,0.0010940714056367705,True,significant,0.0012608891024747195
78245,Larry Steele,234.0,27.0,1338.8966766470917,1340.7341137437886,36.58387805931917,-41.63699718959963,0.1563413592278597,-1.5421110070222086,-1.2004673839271105,-4.71432859421498,0.0001167688007258,-0.0011501989777198,-0.0012669677784456,Q4,0.013074533275211518,-0.1056498398328803,-0.11872437310809182,-0.709650222281281,0.47792106746921886,False,not_significant,0.0011561109986375072
779,Glen Rice,1000.0,55.0,1768.9479005527246,1759.677775600882,172.57000362328316,-113.1920049819524,0.1725700036232831,-2.0580364542173166,-0.6902977481177213,-1.6618100786328551,9.755516460906622e-05,-0.0011695530185999,-0.001267108183209,Q4,0.012148917699179362,-0.11875334446557391,-0.13090226216475326,-1.3774737791394644,0.16836581612735135,False,not_significant,0.0011736146187987094
76351,M.L. Carr,590.0,67.0,1436.2828807919109,1412.172725464157,89.93062421801054,-110.21313492071972,0.1524247868101873,-1.6449721629958165,-0.9083179658001562,-1.3733730059299252,0.0001061244890185,-0.0011648519570827,-0.0012709764461013,Q4,0.01228929011619016,-0.11457321599913442,-0.1268625061153246,-1.9428390246127547,0.052035611135620226,False,not_significant,0.001169676232591239
600013,Rick Barry,301.0,18.0,1694.1451441874171,1757.17703752569,4.78872621442258,-39.96565302835094,0.0159093894166863,-2.220314057130608,-2.470173431454496,-3.825409657713502,9.390806609027068e-06,-0.0012635687865902,-0.0012729595931992,Q4,0.00542300421003068,-0.13239151387069928,-0.13781451808072995,-0.5277017061619101,0.5977063888662476,False,not_significant,0.0012636036822096547
2422,John Salmons,884.0,23.0,1531.4085681563638,1689.0465039430078,27.0838728212148,-48.70599218101065,0.0306378651823696,-2.1176518339569848,-1.0155311010389227,-3.2436190314833486,2.0006330001962884e-05,-0.001253755790035,-0.001273762120037,Q4,0.002464787811839217,-0.13441646907427987,-0.1368812568861191,-1.0977183805315043,0.27232748111099886,False,not_significant,0.001253915401566802
690,Don Reid,399.0,15.0,1425.2604054551,1429.8369986338582,-56.62928814275079,-29.46160159037078,-0.141928040458022,-1.9641067726913848,-0.9418504119505804,-1.472625246075657,-9.958042748875982e-05,-0.0013736578187359,-0.0012740773912472,Q3,-0.009994174881629804,-0.13579489372389394,-0.12580071884226413,-2.8976761025408413,0.0037593861607281005,True,significant,0.0013772625256330453
73,Hot Rod Williams,885.0,57.0,1674.3600486299867,1671.910761305801,128.6097866006672,-113.30505704807626,0.1453217927691155,-1.9878080183873028,-0.8371349349336834,-1.8814812649329744,8.679243922955657e-05,-0.0011889438505885,-0.001275736289818,Q4,0.010337972671165256,-0.12103394776928603,-0.1313719204404513,-2.0112733297549696,0.04429659395481427,True,significant,0.0011921075485708602
76154,Kent Benson,667.0,29.0,1464.5931509072457,1430.5710890451332,1.666252967774188,-53.157896737790416,0.002498130386468,-1.833030921992773,-0.9250420150354456,-2.5863208202923005,1.705682144505848e-06,-0.0012813280905993,-0.0012830337727438,Q4,0.001537625773532361,-0.14052334432132635,-0.1420609700948587,-1.812765087678962,0.0698680608113218,False,not_significant,0.001281329225886316
941,Ennis Whatley,373.0,31.0,1452.026346086332,1429.2678065860932,-1.259988331169364,-57.00309665501212,-0.0033779848020626,-1.83880956951652,-0.9572907425512964,-1.7357426631685462,-2.3263936024076767e-06,-0.0012865395561582,-0.0012842131625558,Q3,0.0008200035601923232,-0.1285370019776337,-0.12935700553782603,-3.633355541797396,0.00027975910355557116,True,significant,0.0012865416595147362
2041,Etan Thomas,408.0,18.0,1470.386639095485,1462.8738678657608,-7.493040621539775,-34.34521455811832,-0.0183652956410288,-1.9080674754510176,-1.0778799236707524,-2.2938540764794824,-1.2490113248258536e-05,-0.0013043280882683,-0.00129183797502,Q3,-0.0010415485883689987,-0.1275130696961454,-0.1264715211077764,-1.3073102595403872,0.19110736122971955,False,not_significant,0.0013043878889251435
966,Jerome Williams,573.0,25.0,1575.9108108630764,1596.1914803209147,95.84215452692683,-47.33304951278621,0.1672637949859107,-1.8933219805114485,-1.1688299796149186,-2.3888556685793985,0.0001061378561736,-0.0011861496592694,-0.0012922875154431,Q4,0.011798421047860344,-0.11888471174782275,-0.1306831327956831,-2.1308618414518654,0.033100525823601734,True,significant,0.0011908888523695406
192,Dennis Scott,629.0,45.0,1599.361247869727,1649.6633725747784,88.70536978860267,-89.60035157132488,0.1410260251011171,-1.99111892380722,-1.3190354130645985,-3.165318087014046,8.817646750473481e-05,-0.0012069849867003,-0.001295161454205,Q4,0.010476715185538629,-0.12046935244458294,-0.13094606763012157,-1.478900606238815,0.13916688131099636,False,not_significant,0.0012102015731032317
201954,Darren Collison,711.0,40.0,1687.349318432842,1681.9576670408337,340.4459455723267,-68.21337646318081,0.4788269276685326,-1.70533441157952,-0.633936200516885,-3.814953880724985,0.0002837746294959,-0.001013898533237,-0.001297673162733,Q4,0.03162182404587759,-0.09906171308151691,-0.1306835371273945,-1.5014679680081988,0.13323456564511665,False,not_significant,0.001052861945387749
200758,Ronnie Brewer,492.0,45.0,1582.6378384401175,1549.3287229258617,75.79106766231467,-83.90157548694923,0.1540468854925095,-1.8644794552655384,-1.038113609508177,-2.705035473741581,9.733552538105716e-05,-0.0012034111468252,-0.0013007466722063,Q4,0.010040978719992717,-0.1140697796523573,-0.12411075837235,-2.17179802734296,0.029870900551336836,True,significant,0.0012073411252849584
203918,Rodney Hood,447.0,43.0,1555.0172849593046,1565.759736930233,14.229568798312965,-86.26903884853988,0.031833487244548,-2.006256717407904,-1.5875105115565988,-2.9913049396737783,2.0471468421896745e-05,-0.0012813311455698,-0.0013018026139917,Q4,0.0019308381492400193,-0.12350501839678635,-0.12543585654602635,-1.8070571097876873,0.07075337513456267,False,not_significant,0.001281494668590769
77130,Buck Johnson,505.0,20.0,1514.8095969041992,1520.0592446577098,35.46272838825167,-38.1845700139792,0.0702232245311914,-1.90922850069896,-0.905179781963496,-1.856011911630608,4.635778956953132e-05,-0.0012560224263685,-0.0013023802159381,Q4,0.0051805649277889936,-0.12573268766500656,-0.13091325259279554,-1.8687738305874575,0.061654287184900486,False,not_significant,0.0012568776313525462
1626224,Cedi Osman,471.0,16.0,1496.8891374531026,1444.2069497492737,36.4250265193166,-28.93834102348536,0.0773355127798654,-1.8086463139678348,-1.1180024644136195,-2.030390075574805,5.166415524361991e-05,-0.0012523456657522,-0.0013040098209959,Q4,0.006242883679622029,-0.12359943573124092,-0.12984231941086294,-2.4165590460715465,0.01566798482354385,True,significant,0.0012534108869262936
1631212,Peyton Watson,224.0,27.0,1495.1676245213212,1485.4676074545664,212.3041194991352,-27.125312292742905,0.9477862477639964,-1.004641196027515,-0.764224855841312,-1.0903230139229814,0.0006338996592889,-0.000676313095611,-0.0013102127549,Q4,0.06374160017402133,-0.06857818821128547,-0.1323197883853068,-3.214660803115991,0.0013059874411135502,True,significant,0.0009269456194089906
203469,Cody Zeller,551.0,34.0,1569.4876703920345,1499.6136248799833,54.92940326247283,-63.83019518552357,0.0996903870462301,-1.877358681927164,-0.7200426826903235,-1.9475403996450236,6.351778922948086e-05,-0.0012518949219852,-0.0013154127112147,Q4,0.007165577258124637,-0.1254865576373752,-0.13265213489549985,-3.3484731286539624,0.0008125816026269142,True,significant,0.0012535052473926587
299,Glenn Robinson,688.0,39.0,1793.8338964789398,1783.8337911657827,296.6218964201418,-74.94350712493062,0.4311364773548573,-1.921628387818734,-0.5813777677070491,-2.2007950815615867,0.0002403435893374,-0.0010772463204449,-0.0013175899097823,Q4,0.029707797087215045,-0.11221515191417082,-0.14192294900138586,-1.8872239488136315,0.05913021044019966,False,not_significant,0.0011037321576576724
1630191,Isaiah Stewart,365.0,15.0,1531.9997923779356,1520.0923453523003,106.33555337276172,-25.74378031208644,0.2913302832130458,-1.7162520208057623,-0.9095208233590684,-2.559162771735588,0.0001901633960151,-0.0011290445781489,-0.001319207974164,Q4,0.020837517761260485,-0.11304998821240117,-0.13388750597366164,-2.2150880594552884,0.02675402085546255,True,significant,0.001144947062807457
1716,Larry Hughes,727.0,49.0,1664.9417886548115,1699.7647552599356,181.84379612588705,-99.0640929553077,0.2501290180548652,-2.0217161827613817,-1.0216753308351003,-3.506028106353239,0.0001502328908789,-0.0011894094029807,-0.0013396422938597,Q4,0.016638939090166435,-0.11118183685983356,-0.12782077595,-1.112432072547409,0.2659524211011005,False,not_significant,0.0011988597288259944
77946,Jerry Reynolds,443.0,17.0,1510.85398166279,1471.7675404407216,140.738547713129,-28.34221285233263,0.317694238630088,-1.667188991313684,-1.2362820580796328,-2.056338353458348,0.0002102746145464,-0.0011327801065747,-0.0013430547211211,Q4,0.022498893308308197,-0.11255170680853821,-0.1350506001168464,-2.5263947560517215,0.011523991075189251,True,significant,0.0011521311485130613
2567,Brian Cook,414.0,24.0,1463.57597856113,1471.721017477002,-37.402511482455466,-49.7169965099782,-0.0903442306339504,-2.0715415212490917,-0.9879215436133634,-2.1326635845074096,-6.172841858389175e-05,-0.0014075639993239,-0.00134583558074,Q3,-0.006362884635471569,-0.1414823563924552,-0.13511947175698363,-3.79709818066783,0.00014639981610084247,True,significant,0.0014089168924580186
200751,Randy Foye,752.0,26.0,1565.1444210232469,1427.4358891328418,-26.749373259467877,-50.97620867594602,-0.0355709750790796,-1.9606234106133085,-1.3797821230113647,-1.9415185976989735,-2.272696027362403e-05,-0.0013735281742176,-0.0013508012139439,Q3,-0.001973436871607842,-0.12896574472705696,-0.1269923078554491,-2.0974096838489737,0.035957324581772004,True,significant,0.0013737161861508411
202722,Davis Bertans,465.0,46.0,1470.5002689354808,1466.9899297307131,31.996448669702712,-88.0685727597131,0.0688095670316187,-1.9145341904285456,-0.8733729665800929,-2.3736253597685835,4.679330462239977e-05,-0.0013050765732113,-0.0013518698778337,Q4,0.004840697669609273,-0.1292744763314604,-0.13411517400106965,-2.796110448007706,0.00517217214530371,True,significant,0.00130591518687181
1730,Brian Skinner,606.0,20.0,1432.9710249580037,1474.9863492334302,-17.88213747610519,-40.699508483833945,-0.0295084776833418,-2.034975424191697,-1.028573765969553,-1.3749209080802882,-2.0592515249362215e-05,-0.0013796571237756,-0.0013590646085262,Q3,-0.0014662224484744595,-0.1356868860999175,-0.13422066365144306,-4.060531791749233,4.896106955894929e-05,True,significant,0.0013798107953154506
1626196,Josh Richardson,554.0,32.0,1560.2105937633569,1576.7031715131316,133.1541854708503,-60.80713347247009,0.2403505152903435,-1.9002229210146904,-0.9529982401422556,-2.2484642073013683,0.0001540500469943,-0.0012051874793852,-0.0013592375263796,Q4,0.017177999720800113,-0.11991496317003301,-0.13709296289083314,-1.0942203903901657,0.27385833068924775,False,not_significant,0.0012149931182709628
77324,Mitch Kupchak,496.0,68.0,1424.3026602888972,1429.403913074268,100.67721793301364,-118.446196076455,0.202978261961721,-1.74185582465375,-0.7869555183584186,-1.9918049668165685,0.0001425106247576,-0.0012185889577617,-0.0013610995825193,Q4,0.014950286078944016,-0.11644528795471498,-0.13139557403365898,-1.047491526489713,0.2948729382404441,False,not_significant,0.0012268937713378236
1629673,Jordan Poole,450.0,37.0,1642.8215635930092,1768.0175918081857,236.7137358163228,-68.12130136584372,0.5260305240362728,-1.8411162531309115,-0.8614081217714833,-5.232171757851825,0.0003201994274325,-0.0010413449852882,-0.0013615444127207,Q4,0.035181838619956385,-0.10382048554913831,-0.1390023241690947,-1.185528428253175,0.2358085814994688,False,not_significant,0.0010894618174644682
107,Dale Ellis,1187.0,72.0,1639.5365976399253,1657.566407974606,187.66546661886548,-151.10954138151877,0.1581006458457165,-2.098743630298872,-0.8162646349368827,-2.8737245537281995,9.643008034910516e-05,-0.0012661596061561,-0.0013625896865053,Q4,0.010909854595101609,-0.12894753021496216,-0.1398573848100638,-1.7608786719081666,0.07825894051737305,False,not_significant,0.0012698263301166442
203501,Tim Hardaway Jr.,893.0,53.0,1598.1889613734534,1559.0544811786203,236.11607669754068,-99.4836198262665,0.2644077006691385,-1.8770494306842735,-0.588536115338439,-2.288724881881308,0.0001654420766627,-0.001203966540839,-0.0013694086175018,Q4,0.01827893789880061,-0.11897034446974698,-0.1372492823685476,-2.339509336961368,0.019309088917912977,True,significant,0.0012152804253300117
77626,Sidney Moncrief,755.0,92.0,1756.4058159968592,1803.6805102196777,237.2932473408689,-199.41008762754603,0.3142956918422104,-2.1675009524733264,-0.7438070019013394,-3.866794148118753,0.0001789425251156,-0.0012017100258012,-0.0013806525509168,Q4,0.018480434604310526,-0.11275454969909784,-0.13123498430340838,-1.7186586328343485,0.0856765486160497,False,not_significant,0.0012149598402440584
203082,Terrence Ross,733.0,47.0,1511.6578191173014,1509.8001538855929,112.61452872718876,-91.03656143155276,0.153635100582795,-1.936948115564952,-0.9626807951158218,-2.1586751547612164,0.0001016335169506,-0.0012829168884239,-0.0013845504053746,Q4,0.011099891692371194,-0.12651630497529345,-0.13761619666766467,-2.2042375396706886,0.027507643004599458,True,significant,0.0012869363287944782
78532,Jamaal Wilkes,654.0,83.0,1667.2947156712878,1685.7961396674875,150.2959087334889,-175.19059963237115,0.2298102580022765,-2.1107301160526646,-0.4632902991981898,-3.617025212110152,0.0001378342148165,-0.0012520672377794,-0.0013899014525959,Q4,0.015693005212289796,-0.12813152045980772,-0.1438245256720975,-1.855600376110605,0.06351054005038825,False,not_significant,0.0012596311518435139
1627732,Ben Simmons,382.0,39.0,1865.0960847203285,1869.4646962058623,204.5036742125107,-80.50883686168306,0.5353499324934835,-2.064329150299566,-1.8344430127208349,-1.154396389248976,0.0002870361140529,-0.0011042354287241,-0.0013912715427771,Q4,0.03599889750403094,-0.10765651282389395,-0.1436554103279249,-1.0196074035638991,0.3079146923447641,False,not_significant,0.0011409319054264747
1630530,Trey Murphy III,317.0,15.0,1718.9553054682071,1483.846614827026,415.3050073688698,-14.419680203160382,1.310110433340283,-0.9613120135440256,-0.2800272601649451,-4.17532030358776,0.0007621550305424,-0.0006478513371519,-0.0014100063676943,Q4,0.08145583600655275,-0.038226513673373014,-0.11968234967992576,-0.5048934432991805,0.6136336795547995,False,not_significant,0.0010002957790726658
202683,Enes Freedom,748.0,58.0,1665.6724616217282,1706.842316474521,264.82406240181024,-119.07358820305902,0.3540428641735431,-2.052992900052742,-0.5628333849767786,-3.2912065297309416,0.0002125525109713,-0.0012028017352494,-0.0014153542462208,Q4,0.023067778139000128,-0.12219608525352758,-0.1452638633925277,-2.815061942779729,0.004876783299565264,True,significant,0.001221437916653635
76257,Allan Bristow,514.0,20.0,1398.5002492133526,1353.0751304474115,24.989809559132343,-37.36226918910808,0.0486183065352769,-1.868113459455404,-0.9317657179315828,-2.510681615696668,3.476460341185096e-05,-0.0013806428168092,-0.001415407420221,Q4,0.0048153246509765706,-0.1378736761768968,-0.14268900082787336,-1.5645970746335496,0.11767741525831,False,not_significant,0.001381080434028817
76753,World Free,796.0,31.0,1780.9009173857555,1570.6755068057378,62.62424598383412,-66.87288641907321,0.078673675859088,-2.1571898844862325,-0.8158051231465793,-2.788870591896045,4.417633518577542e-05,-0.001373415371373,-0.0014175917065588,Q4,0.006952881237503138,-0.1447125920551428,-0.15166547329264593,-0.8945649987585825,0.37101966923696655,False,not_significant,0.0013741256605252963
1444,Lawrence Funderburke,318.0,24.0,1496.2537385959436,1449.8913687908062,19.65577034877105,-48.73574941630438,0.061810598581041,-2.030656225679349,-0.9021585025191716,-1.5794895392523531,4.13102383550553e-05,-0.001400557496506,-0.001441867734861,Q4,0.004984217275764696,-0.13940707325142435,-0.14439129052718905,-4.230314698172178,2.3336461020597615e-05,True,significant,0.001401166598521427
200796,Leon Powe,232.0,31.0,1535.0938172240571,1602.0109068462104,132.77934487453464,-53.94144586551451,0.5723247623902356,-1.7400466408230486,-1.3744598000300785,-2.688504715361723,0.0003728272213519,-0.0010861640413226,-0.0014589912626746,Q4,0.03880137927055644,-0.10858398659849555,-0.147385365869052,-2.225086172377271,0.026075453831998593,True,significant,0.001148369479585391
2072,Michael Redd,629.0,16.0,1794.0041964839588,1795.5322525331849,221.81526870564025,-36.36666075386192,0.352647486018506,-2.2729162971163697,-0.6830444393142401,-3.809030739260834,0.0001965700452148,-0.0012658732773581,-0.0014624433225729,Q4,0.02407073910349127,-0.13766577989236606,-0.16173651899585734,-0.7854782756684799,0.4321732026573904,False,not_significant,0.001281044471127012
76483,Pat Cummings,675.0,30.0,1429.200561629629,1430.28649589866,-8.080535890309912,-63.59806068402854,-0.0119711642819406,-2.1199353561342846,-0.9766555937665172,-2.321997925559918,-8.376126208830083e-06,-0.0014821753279592,-0.0014737992017504,Q3,-0.000519446978304106,-0.14677275609373935,-0.14625330911543524,-3.4775507868313227,0.0005060171790564459,True,significant,0.0014821989955135
76516,Brad Davis,939.0,45.0,1518.342454983112,1556.9921057847753,33.38033656154083,-102.13417727653038,0.0355488142295429,-2.269648383922897,-0.9155951410071111,-2.685595995525895,2.3412909329429472e-05,-0.0014577134819697,-0.0014811263912991,Q4,0.0024487221671094152,-0.1458350356432537,-0.14828375781036313,-2.319575582270698,0.020363848029913457,True,significant,0.0014579014918160607
2605,Marquis Daniels,543.0,56.0,1517.5863489864582,1599.0088171935313,122.3461221859732,-119.93556102763836,0.2253151421472802,-2.1417064469221136,-1.4192463985490047,-1.7974949263763729,0.000148469404919,-0.001339396270923,-0.0014878656758421,Q4,0.014852598091951455,-0.12811287944069497,-0.1429654775326464,-2.07625100935646,0.03787074175751145,True,significant,0.0013475999164289972
200750,Brandon Roy,326.0,15.0,1896.4612129351692,1936.878901260992,310.92004421634834,-28.774123439491586,0.953742466921314,-1.9182748959661056,-0.9135054975270168,-5.180327407144392,0.0005029063923987,-0.0009903948536572,-0.0014933012460559,Q4,0.06357966008825128,-0.10410783767555,-0.16768749776380126,-0.7252503458555442,0.46829846161052113,False,not_significant,0.0011107640639065263
718,Gary Trent,505.0,26.0,1555.3954298037715,1488.7884560871253,90.32910233433658,-53.4376567234343,0.1788695095729437,-2.0552944893628577,-1.3305690338982246,-1.9717756064196708,0.0001149993796725,-0.0013805147944017,-0.0014955141740743,Q4,0.012812742784165698,-0.13342672636610925,-0.14623946915027497,-4.535448414136844,5.748122699327523e-06,True,significant,0.0013852963419019875
76095,Mike Bantom,475.0,23.0,1498.7515791376102,1430.862422397795,10.358124510393464,-48.799112855342,0.0218065779166178,-2.121700558927913,-1.004575889477986,-3.868035393740109,1.4549828150416655e-05,-0.0014828124113934,-0.0014973622395438,Q4,0.00342428459896999,-0.14988932435276053,-0.15331360895173052,-1.923504589971401,0.05441671061168301,False,not_significant,0.0014828837934516366
921,Brad Daugherty,547.0,41.0,1824.211732605348,1932.2960685312369,526.9350882757471,-77.0078502459051,0.9633182601019143,-1.8782402499001245,0.2637572276921354,-0.2429899246270762,0.0005280737114469,-0.0009720250848141,-0.001500098796261,Q4,0.05975663229572319,-0.09892226870372625,-0.15867890099944942,-1.385566556053787,0.1658792963204286,False,not_significant,0.0011062073088843529
76353,Joe Barry Carroll,703.0,19.0,1704.9443963696383,1731.3249299008412,119.31672858879408,-46.38024957264626,0.1697250762287255,-2.4410657669813824,-0.8719089801052833,-2.7771513138978814,9.954874574802764e-05,-0.0014099408636836,-0.0015094896094316,Q4,0.012967516273764397,-0.14818347917567612,-0.16115099544944053,-1.6537126276225635,0.09818591569999269,False,not_significant,0.0014134508098497315
201975,Jodie Meeks,535.0,32.0,1521.6288922088197,1527.651296010177,85.10203818440387,-69.04829592148579,0.1590692302512222,-2.157759247546431,-1.132914198092175,-2.155553548732457,0.0001045387814766,-0.0014124684430157,-0.0015170072244923,Q4,0.011661566082979583,-0.1414516897112022,-0.15311325579418178,-4.478675750275363,7.510751890592812e-06,True,significant,0.0014163316911471719
1630169,Tyrese Haliburton,333.0,38.0,1873.1345479939807,1945.321219308359,561.1119254415102,-45.657748764671815,1.6850207971216522,-1.2015197043334689,0.6813439067145806,-3.794932615937777,0.0008995727503537,-0.0006176459149305,-0.0015172186652843,Q4,0.10214172948475386,-0.060174986211449975,-0.16231671569620384,-1.5901406474702757,0.11180310546056697,False,not_significant,0.0010912000776252056
1887,Wally Szczerbiak,651.0,54.0,1717.0466062216792,1680.4770604576656,234.09390212894445,-118.73352333372434,0.3595912475098993,-2.1987689506245247,-0.913323426679264,-2.377957499179659,0.0002094242789956,-0.001308419497274,-0.0015178437762696,Q4,0.02454827442536534,-0.12706684099756854,-0.15161511542293388,-2.0788181549941065,0.03763406755990963,True,significant,0.0013250736241732283
202,Gary Grant,552.0,17.0,1521.0483727858405,1492.0454510259174,-3.822466672315008,-38.88412369128719,-0.0069247584643387,-2.2873013936051287,-1.0493885844226245,-2.366742774107258,-4.55262211789879e-06,-0.0015329971295662,-0.0015284445074483,Q3,0.0006163534177901214,-0.15034661593926482,-0.15096296935705492,-3.65365809646781,0.00025853047893910174,True,significant,0.001533003889631842
78387,Dave Twardzik,280.0,25.0,1445.9443361752187,1470.2213636111608,23.031298591969957,-54.1289648386171,0.0822546378284641,-2.165158593544684,-1.098440770916365,-5.481746019763127,5.6886448371894e-05,-0.0014726752359431,-0.001529561684315,Q4,0.007789505528801726,-0.14807965120941224,-0.15586915673821397,-1.1086167499314004,0.2675955491649664,False,not_significant,0.0014737735302849054
302,Mookie Blaylock,887.0,54.0,1744.4499054044363,1833.142808763961,278.2399373590572,-133.83645361130797,0.3136865133698502,-2.4784528446538507,-0.3146510335040974,-3.2540870610375405,0.0001798197313651,-0.001352023875502,-0.0015318436068672,Q4,0.020947898588119785,-0.1370149877482486,-0.15796288633636837,-1.5329977897209317,0.12527639950365888,False,not_significant,0.0013639295054054899
77984,Rick Robey,492.0,53.0,1385.1872257588284,1370.2931442856082,-25.40717378523001,-114.9140225097642,-0.0516405971244512,-2.168189103957815,-1.0601367991690245,-2.0794786397594427,-3.728059006331196e-05,-0.0015822812169787,-0.0015450006269153,Q3,-0.0035839765667027373,-0.14756861744146776,-0.143984640874765,-2.934001458383472,0.0033462263612186235,True,significant,0.0015827203454808637
2246,Mehmet Okur,632.0,71.0,1683.0481900635718,1643.9705377247028,311.7407851811951,-148.64048425162127,0.4932607360461948,-2.0935279472059336,-0.7272584379241173,-3.497643631991937,0.0002930758245416,-0.0012734583127647,-0.0015665341373064,Q4,0.03231231653625621,-0.12423094238993046,-0.15654325892618665,-2.2362883577412958,0.025332888572000254,True,significant,0.0013067476853931119
1630543,Isaiah Jackson,216.0,15.0,1498.8172280211015,1494.4901815802984,85.60808275160113,-29.409466321759524,0.3963337164425978,-1.9606310881173017,-0.8844661565722485,-2.680127349347585,0.0002644309853349,-0.0013119063024181,-0.0015763372877531,Q4,0.02810436603654181,-0.13093659450445766,-0.15904096054099945,-2.935384323404037,0.003331347956708578,True,significant,0.0013382906606300132
201945,Gerald Henderson,534.0,15.0,1599.1098519050356,1533.6029604191826,53.46836952722433,-35.0067229811209,0.1001280328225174,-2.3337815320747266,-1.3138679434393097,-3.911066669010786,6.261485582321562e-05,-0.0015217638412988,-0.001584378697122,Q4,0.007612891344932046,-0.14779650366308345,-0.1554093950080155,-1.4191674333351512,0.15585020804448846,False,not_significant,0.001523051479384148
77819,Jim Paxson,766.0,53.0,1640.2049220079334,1533.7396090958553,103.26483656370264,-122.76543655358417,0.134810491597523,-2.31632899157706,-0.627132437125223,-2.268610520608713,8.219124926932206e-05,-0.0015102491830034,-0.0015924404322727,Q4,0.009007696896349532,-0.14307403085539752,-0.15208172775174705,-2.833003899081584,0.004611282351988313,True,significant,0.0015124840482527043
2590,Mo Williams,817.0,60.0,1645.637028996282,1639.2295772974005,274.9084079973598,-136.79720759003058,0.3364851995071723,-2.279953459833843,-1.045627352680602,-2.6685963727318125,0.0002044710914851,-0.0013908689126954,-0.0015953400041805,Q4,0.02266964902453066,-0.13844587083499776,-0.16111551985952843,-2.6352924555515993,0.00840648177953353,True,significant,0.0014058181815425465
1921,Gordan Giricek,384.0,29.0,1526.3894515640568,1495.4036442037743,81.00057998999917,-64.36915920917875,0.2109390103906228,-2.2196261796268533,-1.438089168537771,-1.3644351455906043,0.0001381947511327,-0.00148429903072,-0.0016224937818528,Q4,0.01617160680413854,-0.14276992374764672,-0.15894153055178523,-1.5335145543929438,0.1251491233697552,False,not_significant,0.0014907184180243298
202391,Jeremy Lin,480.0,24.0,1616.268176806068,1611.2944994080117,139.2649678946925,-56.01547701844364,0.2901353497806093,-2.333978209101818,-1.1839074992518628,-1.4301406161326786,0.0001795094118316,-0.0014485112497804,-0.001628020661612,Q4,0.020748528299015336,-0.1413094994728057,-0.16205802777182104,-1.271560029023183,0.20352948617618064,False,not_significant,0.001459591884629571
1630591,Jalen Suggs,268.0,16.0,1581.811485007666,1660.8842783393457,224.79310230813013,-29.192633816784888,0.8387802324930229,-1.8245396135490557,-0.0217752857016886,-3.6526514452491567,0.00053026561031,-0.0010985350619209,-0.0016288006722309,Q4,0.05694654532358174,-0.10790638634483778,-0.1648529316684195,-0.8230927350301797,0.4104552598547015,False,not_significant,0.0012198200276052988
1629599,Amir Coffey,340.0,20.0,1476.5795845396829,1428.227319086271,25.998974799366135,-45.19228987356684,0.0764675729393121,-2.2596144936783418,-1.1321986336679597,-2.072487429997968,5.178696342544286e-05,-0.0015821112392136,-0.001633898202639,Q4,0.00628651058225015,-0.15501250576961867,-0.1612990163518688,-4.093164667197419,4.2552530142880294e-05,True,significant,0.001582958578999091
1134,Ike Austin,341.0,19.0,1552.7021092315615,1570.725125871008,7.118798665559089,-48.425289956512,0.0208762424209943,-2.548699471395368,-1.6757976114885882,-1.369924830903965,1.3445104696435384e-05,-0.0016226260275693,-0.0016360711322657,Q4,0.0015541478319268179,-0.16009610275934827,-0.16165025059127508,-1.3709936355200685,0.17037694005623866,False,not_significant,0.0016226817297873373
203487,Michael Carter-Williams,395.0,16.0,1609.2873359933476,1535.345047638047,58.09507134821686,-38.09111719355539,0.1470761299954857,-2.380694824597212,-1.187224371684531,-2.726645441370373,9.139208810383238e-05,-0.0015505927011388,-0.0016419847892426,Q4,0.013095146747838952,-0.14401615092399755,-0.1571112976718365,-0.8782946035018117,0.3797838636316538,False,not_significant,0.0015532836954635489
78149,Jack Sikma,1097.0,102.0,1710.4119054198768,1662.1487829707355,344.9829156268525,-249.31395777903305,0.3144785010272128,-2.444254488029736,-0.6120345615222701,-4.595291202374768,0.0001838612675874,-0.0014705389271236,-0.0016544001947111,Q4,0.02117374229688336,-0.1477525525804788,-0.16892629487736216,-1.8391349698648092,0.06589533663483345,False,not_significant,0.0014819884283976965
203486,Mason Plumlee,878.0,77.0,1571.4255565714168,1549.0077832328773,191.48715222432867,-181.67711202201065,0.2180947064058413,-2.359443013272865,-0.9217409363752842,-2.381218837306816,0.0001387878067107,-0.0015231963575732,-0.001661984164284,Q4,0.014517022859225783,-0.14862885383990165,-0.16314587669912745,-3.209931739486641,0.001327664969404303,True,significant,0.0015295061945006403
203083,Andre Drummond,967.0,35.0,1812.271926078273,1650.4429316950425,195.9712788056997,-90.63896293130364,0.2026590266863492,-2.589684655180104,-0.8473905229936367,-3.0739912363534048,0.0001118259482863,-0.0015690846411274,-0.0016809105894137,Q4,0.013271922312258816,-0.13898371799934991,-0.15225564031160874,-2.1838014519430007,0.028976840865917727,True,significant,0.0015730644149976923
238,Tyrone Hill,800.0,74.0,1593.4906206148466,1577.2571886095757,205.8182968800657,-180.3159214411284,0.2572728711000821,-2.43670164109633,-0.7787803164251085,-2.482500160399967,0.0001614523912295,-0.0015448981045661,-0.0017063504957957,Q4,0.01731785006112068,-0.15501800985246078,-0.17233585991358147,-3.2116009205861547,0.0013199759908987506,True,significant,0.0015533116326499495
204020,Tyler Johnson,354.0,22.0,1584.8607506304015,1502.0272327944613,49.799702041052434,-53.89455565167523,0.1406771244097526,-2.4497525296216014,-1.375682898289052,-3.067756242418207,8.876308177472138e-05,-0.0016309641237755,-0.0017197272055502,Q4,0.011113783080713672,-0.15769806777165346,-0.16881185085236713,-2.411829819782131,0.015872688337687985,True,significant,0.0016333777449594844
716,Rumeal Robinson,332.0,16.0,1506.9232886375294,1469.5187595708353,26.26938692576556,-39.31141291710497,0.0791246594149565,-2.4569633073190604,-1.602941841293557,-2.0238219432024107,5.250742357727866e-05,-0.0016719509644345,-0.0017244583880117,Q4,0.006752298367582881,-0.16752872417859338,-0.17428102254617625,-2.1890008526102482,0.028596778048577742,True,significant,0.0016727752559755834
1641764,Brandin Podziemski,219.0,16.0,1634.646001370098,1675.1910631365868,290.12698293899564,-24.59294381174832,1.3247807440136787,-1.53705898823427,0.2438951588685094,-5.752943426804771,0.0008104389224965,-0.0009175424953356,-0.0017279814178321,Q4,0.08769230288161821,-0.08760433182763454,-0.17529663470925275,-0.7190671776163376,0.4720995294845248,False,not_significant,0.001224212186609808
1629637,Jaxson Hayes,429.0,28.0,1488.6848335890804,1516.6216987894975,156.85654689403242,-63.09063429266967,0.365632976442966,-2.2532369390239166,-0.7330800590159113,-1.819719898186357,0.0002456080482538,-0.0014856947786137,-0.0017313028268676,Q4,0.02497034740989859,-0.14674963042786224,-0.17171997783776086,-3.346117386449682,0.0008195169375981657,True,significant,0.0015058593189827035
202330,Gordon Hayward,833.0,36.0,1742.671579050613,1758.3475407409087,238.8993830530039,-99.479331284904,0.2867939772545065,-2.7633147579140003,-0.7152866740617647,-3.5414517328814403,0.0001645714434677,-0.0015715407187077,-0.0017361121621754,Q4,0.019671486085961896,-0.16981717513381478,-0.18948866121977667,-1.6909465307225864,0.09084701523460446,False,not_significant,0.0015801341685316968
202738,Isaiah Thomas,553.0,27.0,1788.5178790162634,1980.0345665735715,187.88825829702523,-83.3229761800378,0.3397617690723784,-3.086036154816215,-1.0353441052350856,-3.0082419434160323,0.0001899683380628,-0.001558576909168,-0.0017485452472309,Q4,0.022040190408806767,-0.15389829633963525,-0.175938486748442,-1.2455277918173213,0.21293780622911684,False,not_significant,0.0015701114454897839
1629636,Darius Garland,427.0,25.0,1787.4134007645678,1778.6463607697312,405.9370407229603,-54.63357737051946,0.9506722265174716,-2.1853430948207784,-0.0401587433933163,-1.6921341997600063,0.0005318703698376,-0.0012286551970201,-0.0017605255668578,Q4,0.06073982464238835,-0.11723655870347446,-0.17797638334586283,-1.288190698706845,0.1976795889729917,False,not_significant,0.0013388351965330483
1626149,Montrezl Harrell,515.0,34.0,1697.514715163228,1750.0853075524697,267.1608276778418,-86.787842309431,0.5187588886948384,-2.5525835973362057,-0.6949081706153106,-3.529981475312594,0.0003055990525802,-0.0014585480983815,-0.0017641471509617,Q4,0.03374413590444371,-0.1509382749445014,-0.1846824108489451,-3.1737273492546403,0.0015049498793792593,True,significant,0.0014902192242184388
1629640,Keldon Johnson,450.0,25.0,1636.9751455340406,1581.7550967341583,196.07104003728276,-60.84094216608004,0.4357134223050727,-2.433637686643201,-0.4613372519038748,-3.253414528004693,0.0002661698459465,-0.0015385679437151,-0.0018047377896616,Q4,0.030060076569408966,-0.1494311001274138,-0.17949117669682277,-2.328696447630916,0.019875152449388162,True,significant,0.0015614216933035401
78615,Orlando Woolridge,828.0,36.0,1653.863129436034,1597.911500991614,205.3635565194276,-95.20904829774096,0.2480236189848159,-2.64469578604836,-0.8388330775571866,-2.916085278054624,0.0001499662303188,-0.0016550952818145,-0.0018050615121333,Q4,0.01671407482311532,-0.15555399867313327,-0.1722680734962486,-2.4566396712476064,0.014024327397774481,True,significant,0.0016618755254593077
1628960,Grayson Allen,452.0,31.0,1571.7146819780703,1561.0346044534676,292.5650875572203,-67.60944935643909,0.6472678928257086,-2.1809499792399705,-0.4397236937631704,-5.378989655071841,0.0004118227692643,-0.0013971182784916,-0.001808941047756,Q4,0.04309222911218242,-0.13826561660224973,-0.18135784571443214,-1.4897251877151774,0.13629650900756082,False,not_significant,0.0014565498540660558
1507,Derek Anderson,614.0,24.0,1716.143025152471,1660.3085621818211,139.09695974719523,-67.13266701198117,0.226542279718559,-2.7971944588325486,-1.4175078594973545,-2.75404581933866,0.0001320066430351,-0.0016847437413421,-0.0018167503843772,Q4,0.015803102624827488,-0.15548338850220583,-0.1712864911270333,-0.9788478781005243,0.3276551489474515,False,not_significant,0.0016899074613116463
185,Chris Webber,831.0,80.0,1920.831535111487,1946.9763605532628,462.48154927853744,-239.81549737266772,0.5565361603833182,-2.997693717158347,-0.2707480800026907,-3.385588376078631,0.0002897371009431,-0.0015396662116156,-0.0018294033125588,Q4,0.03414394352006209,-0.15641815169162468,-0.19056209521168677,-2.9078793553917244,0.0036388869210459704,True,significant,0.0015666906621454172
1629639,Tyler Herro,394.0,57.0,1759.3196239899646,1743.2578054986086,514.4204055660995,-108.78816740646786,1.30563554712208,-1.9085643404643484,0.922863249336164,-5.124092406257816,0.0007421252678129,-0.0010948262124192,-0.0018369514802321,Q4,0.08141549051025976,-0.10296019532226544,-0.1843756858325252,-1.3465234021153658,0.17813377838163616,False,not_significant,0.0013226467209827952
203925,Joe Harris,496.0,28.0,1539.4240202083693,1589.5277244972165,94.8600353039996,-76.7269857381999,0.1912500711774185,-2.740249490649997,-0.8612824665090585,-3.6700955031378593,0.0001242348233279,-0.0017239394119512,-0.0018481742352792,Q4,0.013124402465327535,-0.17465943878532994,-0.18778384125065747,-2.0458219986546555,0.04077388683372317,True,significant,0.001728410075012861
201568,Danilo Gallinari,777.0,53.0,1710.3645209970657,1661.1270286740007,231.74525281473504,-148.0518124083847,0.2982564386290026,-2.7934304227997115,-0.7338618063545078,-3.6442301250144,0.0001743817969605,-0.0016816476853245,-0.001856029482285,Q4,0.019634752555755565,-0.16274010897404562,-0.1823748615298012,-2.444199478465717,0.014517397191907951,True,significant,0.0016906649427572637
1627742,Brandon Ingram,572.0,20.0,1811.452687164688,1858.3409754814093,408.10454576293887,-54.55018322573682,0.7134694855995435,-2.727509161286841,0.1254798421287142,-0.3094394914845699,0.0003938659235512,-0.0014677118985552,-0.0018615778221065,Q4,0.04548762385725841,-0.15055266490052796,-0.19604028875778637,-1.186966119995978,0.23524098457044476,False,not_significant,0.0015196409388060555
1709,Michael Olowokandi,499.0,15.0,1494.8077641193902,1543.7427716532627,19.224388366749984,-42.71199446239351,0.0385258283902805,-2.847466297492901,-1.4013145064412214,-3.3386551611452586,2.577309893287621e-05,-0.0018445212180287,-0.0018702943169615,Q4,0.0038750981302334204,-0.18429829014713758,-0.188173388277371,-2.8303039597795836,0.004650380041052411,True,significant,0.0018447012702295952
76093,Gene Banks,440.0,27.0,1560.5684576913634,1564.8574240687294,196.7789861637866,-67.071742527776,0.4472249685540604,-2.484138612139852,-1.141414555987882,-4.12131998760995,0.0002865782441967,-0.0015874536388631,-0.0018740318830598,Q4,0.031112645870511955,-0.15497924273452973,-0.1860918886050417,-1.447502110070964,0.1477563458901628,False,not_significant,0.0016131138042886376
1733,Al Harrington,976.0,54.0,1616.3978154025644,1626.4861562669794,214.5847508622928,-153.67180096276385,0.2198614250638245,-2.8457740919030345,-0.8271384425427329,-3.411654671491464,0.00013601937776,-0.0017496454432999,-0.00188566482106,Q4,0.01491733100069299,-0.17686582196417866,-0.19178315296487164,-3.174724730961125,0.0014997870379195109,True,significant,0.001754924627551372
202702,Kenneth Faried,478.0,18.0,1685.8412612950056,1694.7176417028536,223.5806243519367,-49.12130489677607,0.4677418919496584,-2.728961383154226,-1.220952001372833,-1.6718373604283772,0.0002774531046833,-0.0016102749602654,-0.0018877280649488,Q4,0.0317098819762165,-0.16020711675183882,-0.19191699872805534,-1.48788696303902,0.13678070636578024,False,not_significant,0.001634002959898218
201196,Ramon Sessions,691.0,22.0,1588.6090780851762,1605.4385762214174,125.07816740851275,-62.734040588682205,0.1810103725159374,-2.851547299485554,-0.903922594279692,-3.906555158946903,0.0001139426779142,-0.0017761796319838,-0.001890122309898,Q4,0.013126376909898414,-0.1768025843317233,-0.1899289612416217,-1.9968517908364187,0.04584128552574968,True,significant,0.0017798306152340358
77691,Calvin Natt,583.0,45.0,1714.0132921394493,1767.766935548403,245.9222206882535,-131.51003190708707,0.4218219908889425,-2.922445153490824,-0.815674265420484,-2.8935965109264017,0.0002461019367956,-0.0016531846448322,-0.0018992865816278,Q4,0.029619741631493147,-0.17101029451016078,-0.20063003614165395,-1.1839516852290046,0.2364321887783631,False,not_significant,0.0016714022954404223
101115,Andrew Bynum,417.0,74.0,1714.7289502384876,1735.890885373915,531.9217363471008,-149.050041783447,1.2755916938779397,-2.014189753830365,-0.2022936334636166,-3.9352850170313616,0.0007439028154861,-0.0011603204848883,-0.0019042233003744,Q4,0.07929386188124193,-0.11901663220636122,-0.19831049408760315,-3.4269783810476193,0.0006103376594445909,True,significant,0.0013783087558814848
203497,Rudy Gobert,904.0,96.0,1819.902530850028,1862.7150272812437,577.3828416125738,-284.1085612229606,0.6386978336422277,-2.95946417940584,0.1117160860473832,-3.0212837661678256,0.0003509516706611,-0.0015887906287658,-0.001939742299427,Q4,0.03840793338104128,-0.15941266332661597,-0.19782059670765723,-3.8652414454742097,0.00011097935922005771,True,significant,0.0016270902670699752
201563,Michael Beasley,605.0,24.0,1584.0897788204668,1612.692269542772,214.13236128264464,-66.79972130523532,0.3539377872440407,-2.783321721051472,-1.1835831551877938,-1.8337993799750043,0.0002234329089021,-0.0017258852005538,-0.001949318109456,Q4,0.024270058200041363,-0.1644324536235333,-0.18870251182357464,-2.014444589072548,0.043962876937637854,True,significant,0.0017402879044201521
201946,Tyler Hansbrough,427.0,44.0,1500.121463434181,1513.4150171982749,83.27596272970618,-123.68783385703986,0.1950256738400613,-2.811087133114542,-1.006316078873897,-2.283259345940626,0.0001300065885289,-0.0018574463059832,-0.0019874528945121,Q4,0.013106145800266667,-0.1813385104599071,-0.19444465626017376,-3.167035015479473,0.0015400177398579337,True,significant,0.0018619904652472199
1626156,D'Angelo Russell,655.0,35.0,1708.0308247920598,1749.805958270788,268.0529802981351,-109.64262849696688,0.4092411912948627,-3.132646528484768,-0.4666903205227974,-3.938665760817694,0.0002395982469137,-0.0017902822388263,-0.0020298804857401,Q4,0.027108542363072318,-0.17610476985541848,-0.2032133122184908,-1.8259333701413287,0.06786029890257728,False,not_significant,0.001806244118213545
77516,Tim McCormick,471.0,15.0,1541.8992644577115,1474.0411457806931,-22.935631647241344,-46.19518680300264,-0.048695608592869,-3.079679120200176,-1.40303684413936,-2.0909692654796053,-3.158157586254211e-05,-0.0020892762247617,-0.0020576946488992,Q3,-0.0031788335904803303,-0.19874991865424357,-0.19557108506376325,-2.408617495843202,0.01601307094402989,True,significant,0.0020895149052563523
77028,Darnell Hillman,285.0,18.0,1319.9334052930913,1312.2203007000198,18.293628288317457,-47.57158989726708,0.0641881694326928,-2.642866105403727,-1.124708049271102,-3.9826006920383055,4.862985448757533e-05,-0.0020140414715378,-0.0020626713260254,Q4,0.008296582913522655,-0.19702930692008908,-0.20532588983361175,-1.4967407048201413,0.13446074035445676,False,not_significant,0.002014628479849729
201167,Arron Afflalo,759.0,31.0,1546.449909184083,1508.585702759192,66.88872854628566,-95.24464872903,0.0881274420899679,-3.0724080235170965,-0.8825238228383617,-1.893932826715452,5.6986936056961936e-05,-0.0020366148359338,-0.0020936017719908,Q4,0.005999481946035195,-0.19251877593214106,-0.19851825787817623,-2.8626051808884045,0.004201737755977866,True,significant,0.002037411961491053
1381,John Long,876.0,23.0,1561.1599537161287,1570.5339874275237,43.55085732715253,-75.83582421871385,0.0497155905561101,-3.297209748639733,-1.2882208050071056,-3.2621272892889825,3.184528941942752e-05,-0.0020994195445846,-0.002131264834004,Q4,0.004326984471550569,-0.21082269012394692,-0.2151496745954975,-2.781722368263456,0.005407127400578584,True,significant,0.0020996610551805776
1629008,Michael Porter Jr.,397.0,75.0,1716.733893818764,1721.133880155552,556.9278523915842,-172.03546543658297,1.402840938014066,-2.2938062058211064,0.0309768112484216,-4.534851269796504,0.0008171568948834,-0.0013327296802813,-0.0021498865751647,Q4,0.08659247604293101,-0.12914067354314848,-0.21573314958607948,-2.356808892461171,0.018432730285400583,True,significant,0.0015633022073668853
1628381,John Collins,541.0,31.0,1675.936324086886,1760.0664978392344,332.7613613769154,-97.3023166699346,0.6150856957059434,-3.138784408707568,-0.036688536397891,-3.0923578911986285,0.0003670101822281,-0.0017833328527989,-0.0021503430350271,Q4,0.03984020151667941,-0.1816614055002277,-0.22150160701690708,-2.5608862594531967,0.010440553134426666,True,significant,0.0018207066039675273
77993,Truck Robinson,611.0,50.0,1621.3338978585368,1574.699869560626,149.0590018075688,-157.76468861649712,0.2439590864280995,-3.1552937723299426,-0.8265085184190228,-2.71155720419654,0.0001504681341396,-0.0020037429565611,-0.0021542110907008,Q4,0.017721276218035754,-0.19180148960686258,-0.20952276582489834,-2.197250827527756,0.02800253737277759,True,significant,0.0020093846061318556
101135,David Lee,825.0,42.0,1756.409686041132,1673.8339341409398,267.2701556754976,-139.06537794417275,0.3239638250612092,-3.3110804272422083,-0.6177082285983321,-2.887158387761636,0.0001844466172305,-0.0019781415346568,-0.0021625881518873,Q4,0.021110273853469672,-0.19391211647908535,-0.21502239033255505,-5.267632938353894,1.3819408061664853e-07,True,significant,0.00198672204541605
1749,Cuttino Mobley,747.0,26.0,1692.055672951984,1684.9403278012558,244.0784357627522,-86.85169724490153,0.3267448939260404,-3.3404498940346743,-1.012829255511204,-6.346432519968049,0.0001931052855701,-0.0019825330540896,-0.0021756383396598,Q4,0.02250114260657364,-0.19654573856247773,-0.21904688116905136,-1.5149876658376906,0.12977552769181308,False,not_significant,0.0019919154002800785
1627763,Malcolm Brogdon,463.0,45.0,1710.2935195973912,1730.1967316071823,364.69208831602646,-133.66690831948776,0.7876718970108563,-2.9703757404330613,0.2574125728876448,-3.261949145908428,0.0004605477878418,-0.0017167849679578,-0.0021773327557997,Q4,0.051022745726719984,-0.17737662214560598,-0.22839936787232595,-1.9962854825672878,0.045902857333647025,True,significant,0.0017774855529910333
1630552,Jalen Johnson,254.0,16.0,1644.1217919963935,1452.346031261916,513.1258351755052,-22.44965546264997,2.020180453446871,-1.4031034664156232,0.7655444679013069,-1.8529634322515207,0.0012287291995526,-0.0009660944679943,-0.002194823667547,Q4,0.12301646294660426,-0.08610709706461178,-0.20912356001121604,-2.6590095537297063,0.007837074063247016,True,significant,0.0015630463738873402
203944,Julius Randle,789.0,42.0,1793.1119460351788,1847.5623031514483,484.85380100720016,-144.43298140272967,0.614516858057288,-3.438880509588801,0.3716419107522116,-7.213224839724713,0.0003427097005382,-0.001861306925197,-0.0022040166257353,Q4,0.0385472907064501,-0.18423363934510772,-0.22278093005155786,-2.169790270336331,0.030022737784618964,True,significant,0.0018925943592405885
78157,Ralph Simpson,212.0,17.0,1328.1504338346374,1307.659753207424,10.51614524207626,-49.1325067089405,0.0496044586890389,-2.890147453467088,-1.4624148597624895,-2.822832725795514,3.7348524252498206e-05,-0.0022101677797899,-0.0022475163040424,Q4,0.006092232210965974,-0.21688306985765826,-0.22297530206862423,-1.9010109730925902,0.05730057534774483,False,not_significant,0.002210483324317389
201583,Ryan Anderson,646.0,46.0,1652.456014519764,1617.643396579458,205.6959166596604,-152.94669363333736,0.3184147316713009,-3.324928122463856,-1.0649176691200268,-3.287857408459609,0.0001926918047279,-0.0020554147653892,-0.0022481065701171,Q4,0.021047062607972584,-0.19999480510552678,-0.22104186771349935,-2.933709882848787,0.0033493711704251456,True,significant,0.002064427278784418
246,Greg Anderson,677.0,17.0,1490.6795474413632,1462.9709128964596,-13.589262892387342,-56.24903399671625,-0.0200727664584746,-3.308766705689191,-1.1807505825340232,-1.6066448794061745,-1.3465514095855153e-05,-0.0022616763440213,-0.0022482108299254,Q3,-0.0010245213743538173,-0.21429037748850283,-0.213265856114149,-1.7427264275374375,0.08138141307150847,False,not_significant,0.0022617164289926842
1628365,Markelle Fultz,260.0,16.0,1591.9451876920816,1599.5710263336744,152.6569847541709,-48.129598331774105,0.5871422490545035,-3.008099895735881,-1.357130028689765,-2.213747377448211,0.0003688206438223,-0.0018805666308114,-0.0022493872746337,Q4,0.040307525167180086,-0.19082943583090223,-0.23113696099808229,-1.9229150786300409,0.054490715756237804,False,not_significant,0.0019163923189761632
93,Hubert Davis,675.0,49.0,1489.5339793171634,1555.7244263425855,148.20395778647213,-163.278830200671,0.2195614189429216,-3.3322210245034896,-1.0467727749377238,-3.3812914857675267,0.0001474027595151,-0.002141909561925,-0.0022893123214401,Q4,0.014792925166492023,-0.212147535082736,-0.226940460249228,-4.0567800475692914,4.975389667805106e-05,True,significant,0.0021469755808994225
77754,Mike O'Koren,371.0,20.0,1435.8653558753842,1402.7309170048193,-24.9720754036771,-65.55298913369559,-0.0673101762902347,-3.27764945668478,-1.1351913535621554,-2.117254492882589,-4.687777723364507e-05,-0.0023366202433773,-0.0022897424661437,Q3,-0.002504061348972806,-0.22661972014276296,-0.22411565879379014,-2.9239192564645027,0.0034565439438675885,True,significant,0.0023370904320883603
77024,Armond Hill,447.0,16.0,1412.8256933031448,1467.7372662201117,36.10122838708894,-52.54382994975137,0.0807633744677604,-3.2839893718594606,-1.4560604481373356,-4.99859602974627,5.716442930687231e-05,-0.0022374504262038,-0.0022946148555107,Q4,0.00716798926340616,-0.22433156150973776,-0.2314995507731439,-2.1754550524328775,0.02959603286690564,True,significant,0.00223818055163062
448,Bo Outlaw,913.0,22.0,1510.1366466544666,1536.1431099489946,11.719122846914136,-78.6479113128857,0.01283584101524,-3.5749050596766225,-1.0314821709936828,-3.3925513268182144,8.499787779918023e-06,-0.0023271953221827,-0.0023356951099627,Q4,0.000963193565631128,-0.22780161471304383,-0.22876480827867496,-3.498110655621019,0.000468566679477338,True,significant,0.0023272108443330494
149,Michael Adams,653.0,20.0,1721.591261542681,1730.5094580971509,213.83802055327143,-74.28711849973948,0.3274701693005689,-3.714355924986974,-0.744182300068867,-2.057942528279481,0.0001902136567579,-0.0021463944664429,-0.0023366081232009,Q4,0.021962965879015365,-0.21374016314891206,-0.23570312902792745,-1.5441433259911825,0.12255361484998957,False,not_significant,0.0021548063580734845
333,Kevin Gamble,646.0,31.0,1537.319419775975,1663.3305087999547,107.89819079322818,-115.73544915931284,0.167025063147412,-3.733401585784285,-1.3466285687316333,-5.724139062269534,0.0001086469480569,-0.0022445338229729,-0.0023531807710299,Q4,0.011160438122586002,-0.22824142857902552,-0.2394018667016115,-2.7191455862495033,0.006545079344767309,True,significant,0.00224716181922696
76435,Darwin Cook,575.0,25.0,1527.3530591431709,1527.7135548337385,74.97525235057,-86.79874145410948,0.1303917432183826,-3.471949658164379,-1.2443296681085416,-2.827127019236933,8.5371055786886e-05,-0.0022726444019423,-0.0023580154577292,Q4,0.009781493849602604,-0.22215579877377453,-0.23193729262337712,-2.5696212413787354,0.010180975937948937,True,significant,0.0022742473029215278
1630538,Bones Hyland,256.0,23.0,1529.0824076335584,1550.430179930347,163.980936961189,-70.5834420999759,0.6405505350046445,-3.068845308694604,-1.2310911633808852,-3.759122113242233,0.0004189117158152,-0.0019793508591483,-0.0023982625749635,Q4,0.04431842087970069,-0.19728870815807495,-0.24160712903777562,-3.0145466559006624,0.0025736362398998004,True,significant,0.0020231947136294987
184,Bobby Phills,466.0,26.0,1623.3242186171842,1602.6529668616415,303.4579865928246,-83.6683373006155,0.6511973961219413,-3.2180129731005964,-0.6228428890963961,-3.498398693562197,0.0004011505456849,-0.0020079287529116,-0.0024090792985966,Q4,0.04302832922302325,-0.20033435228806576,-0.24336268151108897,-2.143024111537993,0.03211116232139942,True,significant,0.0020476082723686253
376,Eric Montross,461.0,16.0,1403.6752706833763,1367.125719937247,-74.19443894810335,-55.66671404173725,-0.1609423838353652,-3.4791696276085777,-0.9392793931815684,-2.024363144442522,-0.0001146578465808,-0.002544879067719,-0.0024302212211381,Q3,-0.011124171738611344,-0.23400070515702986,-0.22287653341841854,-2.456327559936685,0.014036514920255398,True,significant,0.0025474606750834983
2768,Chris Duhon,604.0,29.0,1518.0521787882374,1536.6518374056368,88.02607011040074,-104.73947371867436,0.1457385266728489,-3.6117059902991153,-1.0533766481244842,-2.751525731508109,9.600363459784532e-05,-0.0023503736515858,-0.0024463772861836,Q4,0.01054165068738172,-0.23399209370436092,-0.24453374439174264,-3.060291126339595,0.002211219371379259,True,significant,0.0023523335222550316
1802,Brad Miller,867.0,50.0,1688.9286959411097,1776.2895566671525,263.62562003592785,-201.80543299811103,0.3040664590956492,-4.036108659962221,-1.169173009668192,-4.953643770428469,0.0001800351073591,-0.0022722132463218,-0.0024522483536809,Q4,0.01922583360053045,-0.23249523756934126,-0.2517210711698717,-3.623530829246912,0.00029060854695654644,True,significant,0.0022793344810804
1628398,Kyle Kuzma,609.0,33.0,1662.3360930554966,1609.8742434120545,254.78953724629528,-117.80271289413038,0.4183736243781532,-3.569779178610012,-0.5040198685587279,-4.058051120720691,0.0002516781210044,-0.00221742735075,-0.0024691054717545,Q4,0.02882392127540853,-0.2218316731034997,-0.2506555943789082,-3.9491836660175856,7.841816687415097e-05,True,significant,0.0022316643861581133
202703,Nikola Mirotic,319.0,40.0,1630.7609209357972,1658.9007837166678,347.577725045936,-119.84774145513452,1.0895853449715862,-2.996193536378363,-1.1444509513706398,-3.4136837685295496,0.0006681453614588,-0.0018061318469363,-0.0024742772083951,Q4,0.0713420582529262,-0.17977229627090177,-0.25111435452382797,-2.6781555973061084,0.007402881977511888,True,significant,0.0019257545203261088
203095,Evan Fournier,703.0,20.0,1622.6019727955693,1650.730844745356,118.62715143251091,-78.66819489303899,0.1687441698897737,-3.933409744651949,-1.2292887955406733,-5.682243264745377,0.0001039960339743,-0.0023828292523719,-0.0024868252863463,Q4,0.011851855415569344,-0.2432520671280804,-0.2551039225436497,-2.305762075446019,0.021123930401501016,True,significant,0.0023850975705496016
2549,Chris Kaman,735.0,18.0,1613.595550382768,1660.374002385751,151.66561883551685,-71.12242395292297,0.2063477807285943,-3.9512457751623873,-0.9081956762557204,-2.7097461108916816,0.0001278807323679,-0.0023797323792621,-0.00250761311163,Q4,0.014303732719496112,-0.24035503860801566,-0.25465877132751175,-2.3282404731823862,0.01989933817900865,True,significant,0.0023831658940618055
1496,Keith Van Horn,575.0,57.0,1722.549766728937,1694.5441710186856,303.1844289335482,-214.11785087832612,0.5272772677105186,-3.7564535241811607,-0.852869358092266,-2.734863937818223,0.0003061027773448,-0.0022167929219118,-0.0025228956992567,Q4,0.03500013249229256,-0.22215891090721746,-0.25715904339950996,-3.429294484489757,0.0006051525401368164,True,significant,0.002237827019440166
202355,Hassan Whiteside,511.0,27.0,1798.906295506482,1812.0713296781253,294.4221536465168,-115.80084713119923,0.5761685981340837,-4.28892026411849,-0.8853413238054637,-5.314715060931794,0.0003202882771455,-0.0023668606162872,-0.0026871488934328,Q4,0.03718822164234546,-0.24213241116944634,-0.2793206328117918,-3.3938093117394814,0.0006892766970445952,True,significant,0.0023884333269757097
51,Mahmoud Abdul-Rauf,585.0,15.0,1628.621593899507,1680.624353874049,147.85591270296806,-64.64632428952258,0.2527451499196035,-4.309754952634838,-1.192670913627918,-7.4235094042468095,0.0001551896099538,-0.0025643773057913,-0.0027195669157451,Q4,0.017666012448142608,-0.25289283474726226,-0.27055884719540485,-2.2176670813082042,0.02657754034576677,True,significant,0.0025690688549540783
204001,Kristaps Porzingis,533.0,30.0,1837.3700551533288,1843.392877975388,444.64595667756674,-126.8789913068226,0.8342325641230145,-4.22929971022742,-0.5118861816335478,-5.95809909851483,0.0004540362251922,-0.0022943018608558,-0.002748338086048,Q4,0.05278278850811517,-0.22844117164565425,-0.28122396015376944,-2.9641203015683177,0.0030354959220837757,True,significant,0.0023387966825941004
78350,Rudy Tomjanovich,276.0,29.0,1592.9031060590653,1504.0193715368805,73.35385106612864,-114.85208984617564,0.2657748227033646,-3.960416891247436,-1.1746586660799854,-3.5264914124776894,0.0001668493342077,-0.0026332219958048,-0.0028000713300125,Q4,0.021757799382724718,-0.25675777149812357,-0.2785155708808483,-1.301113449597301,0.1932196247320955,False,not_significant,0.002638502753365205
203954,Joel Embiid,490.0,67.0,2039.3170508522023,2070.5068615413043,894.891592778968,-265.668816124456,1.826309373018302,-3.965206210812775,1.2324762533871028,-2.0770716742732658,0.000895549503818,-0.0019150896258614,-0.0028106391296794,Q4,0.10215658391582239,-0.1877724901925123,-0.28992907410833474,-3.516539987797616,0.0004372107956804247,True,significant,0.002114137457421022
202326,DeMarcus Cousins,654.0,19.0,1857.93473513534,1709.7850058762494,249.6899627685389,-84.72521549865719,0.3817889338968485,-4.459221868350379,-0.76944729688326,-3.441265661104728,0.0002054910361902,-0.0026080599917678,-0.0028135510279581,Q4,0.025393654469645078,-0.24342142712490583,-0.2688150815945509,-4.270534596321144,1.9500496677883795e-05,True,significant,0.002616142864335658
78139,Purvis Short,823.0,18.0,1623.197360076405,1708.2209462412868,211.63129052432052,-81.96166997338536,0.2571461610259059,-4.55342610963252,-1.1745704153496763,-5.711110919913933,0.0001584195288574,-0.0026655955247778,-0.0028240150536352,Q4,0.017921820066813865,-0.2720585340691714,-0.28998035413598533,-3.271182542105374,0.0010709875610545976,True,significant,0.0026702989062722614
77845,Drazen Petrovic,289.0,29.0,1491.062567052761,1479.586246633708,396.01278178187175,-86.77708211739544,1.3702864421518053,-2.9923131764619115,-0.4838061594165015,-3.393992118706094,0.0009189999617925,-0.0020223986153358,-0.0029413985771283,Q4,0.08693442985342328,-0.1787489159153693,-0.26568334576879254,-2.6260725625817276,0.008637640157250244,True,significant,0.002221408807285768
76598,John Drew,560.0,29.0,1673.9144406270666,1635.7280575810269,119.02980268517416,-142.318152284434,0.2125532190806681,-4.90752249256669,-1.159499327523659,-4.5549775792513625,0.0001269797391801,-0.0030002068313385,-0.0031271865705186,Q4,0.015843720369932146,-0.2938910849951931,-0.30973480536512527,-2.093002325419454,0.036348946971291526,True,significant,0.0030028927528255897
1629656,Quentin Grimes,314.0,21.0,1545.7283013488232,1595.6070023367697,244.0239717706668,-89.10707821081544,0.7771464069129516,-4.243194200515021,-1.1571348240873889,-4.286401255321082,0.000502770380949,-0.0026592978059765,-0.0031620681869256,Q4,0.05239314694687543,-0.26357911845145754,-0.315972265398333,-3.5878186552563998,0.00033345607672382395,True,significant,0.002706407744008842
78310,Reggie Theus,931.0,17.0,1730.3031471859103,1764.2687616634755,309.7796165162115,-89.28183557793363,0.3327385784277245,-5.25187268105492,-0.1672765989636127,-7.180851886418662,0.0001923007416179,-0.0029767985440625,-0.0031690992856805,Q4,0.022814001821752344,-0.30212795109337515,-0.3249419529151275,-1.4640670133610396,0.14317563914783546,False,not_significant,0.0029830033769943027
201163,Wilson Chandler,675.0,15.0,1595.795353420293,1606.187520518692,67.55615031396549,-76.71346187442772,0.1000831856503192,-5.114230791628515,-1.112451324424235,-4.106066045605544,6.271680478064395e-05,-0.003184080766595,-0.0032467975713756,Q4,0.007585282575244276,-0.3190756297844473,-0.32666091235969164,-4.070553562999508,4.6901555357209754e-05,True,significant,0.0031846983728136794
950,Stephon Marbury,846.0,32.0,1859.332125969318,1739.9966737031868,324.36933774960426,-172.76132461311164,0.383415292848232,-5.398791394159739,-0.8991114238453988,-5.547133576708009,0.0002062112989352,-0.0031027596062408,-0.0033089709051761,Q4,0.02568578825349565,-0.3054922181907242,-0.33117800644421985,-1.8689288466970622,0.06163271434672884,False,not_significant,0.0031096045205022626
78199,Phil Smith,502.0,20.0,1586.385077120934,1494.7612936708156,74.12593054657493,-96.53723282409231,0.1476612162282369,-4.826861641204617,-1.2885485645222594,-4.084267238850806,9.308031092691648e-05,-0.0032291855974881,-0.0033222659084151,Q4,0.013062289766619209,-0.3186088034541444,-0.3316710932207636,-1.406329548878338,0.1596262896480055,False,not_significant,0.003230526825040589
201164,Rudy Fernandez,249.0,18.0,1564.3579705163716,1563.3131236645047,193.33113049815572,-79.97345652270191,0.7764302429644809,-4.442969806816773,-1.35178871237304,-4.271533816468376,0.0004963251746709,-0.002842021690704,-0.0033383468653749,Q4,0.053704833155593844,-0.27689217712349634,-0.33059701027909016,-1.4952704605687706,0.13484387107218412,False,not_significant,0.0028850348298493944
1631105,Jalen Duren,276.0,20.0,1723.78768803016,1837.5655220415188,476.7858559603236,-90.3191437926702,1.7274849853634913,-4.515957189633509,0.6661030533531098,-4.0272105062659485,0.0010021448681638,-0.0024575761437972,-0.003459721011961,Q4,0.1059116840093102,-0.23811046722924464,-0.34402215123855484,-3.138839591330745,0.0016961827087920514,True,significant,0.0026540487635588303
76590,Leon Douglas,448.0,18.0,1355.3202585244362,1308.587232663672,57.0472206116808,-82.3295423431194,0.127337546008216,-4.573863463506633,-1.0643906683871502,-3.530735318682537,9.395384242750932e-05,-0.0034952682934223,-0.0035892221358498,Q4,0.010659165173067139,-0.34669550331336074,-0.3573546684864279,-4.3026973905916845,1.6873123218900838e-05,True,significant,0.0034965308188989455
76217,Sam Bowie,489.0,29.0,1606.8341276585738,1596.8290015393252,166.59887698091438,-167.0913760543557,0.3406929999609701,-5.76177158808123,-1.0877676885085146,-3.786824445187879,0.0002120274856605,-0.0036082583561088,-0.0038202858417693,Q4,0.022484165870200398,-0.35218158685877266,-0.37466575272897307,-3.5437619338557833,0.0003944612581445705,True,significant,0.0036144825382209956
78326,David Thompson,508.0,27.0,1719.5286237386813,1797.9984485580587,158.95107775388087,-179.64647104930629,0.3128958223501591,-6.653573001826159,-0.8561092026302284,-8.219906030839352,0.0001819660446651,-0.0037005443509487,-0.0038825103956138,Q4,0.01943885248254805,-0.3719565969815366,-0.39139544946408467,-1.7403976621449757,0.0817892157639109,False,not_significant,0.003705015537720374
203093,Terrence Jones,233.0,25.0,1624.8894599530715,1703.6667287901382,331.87947992127926,-143.49295039238203,1.4243754503059196,-5.739718015695281,-1.6089418897441852,-7.159532224735914,0.000876598368942,-0.0033690380393654,-0.0042456364083074,Q4,0.0924429105757771,-0.33943006382461954,-0.4318729744003966,-4.280302830065699,1.8663917657294944e-05,True,significant,0.003481212721326123
77246,Larry Kenon,502.0,31.0,1651.7049733511276,1677.181210897532,194.09098710220556,-213.5305769184218,0.386635432474513,-6.888083126400703,-1.1355835538182006,-5.532515866951687,0.0002340826229336,-0.0041069403124988,-0.0043410229354324,Q4,0.026403876932614048,-0.41315264907235244,-0.4395565260049665,-2.7926133772852397,0.005228414146379438,True,significant,0.004113605888364516
77532,George McGinnis,445.0,31.0,1619.704348655397,1582.2391646129774,249.6893052503458,-268.93016383015174,0.5610995623603277,-8.675166575166186,-1.1135953245439811,-10.662325303929434,0.0003464209766591,-0.0054828415129568,-0.005829262489616,Q4,0.038142942186388876,-0.5410013818688943,-0.5791443240552832,-2.8981362947221614,0.0037538741871933376,True,significant,0.005493774526613907
76736,Phil Ford,477.0,15.0,1661.832518743685,1705.979673683725,108.84391877699848,-166.8162054006934,0.2281843160943364,-11.121080360046228,-1.2066560399366857,-1.9559972065410545,0.0001373088524388,-0.0065188821013514,-0.0066561909537903,Q4,0.013811783399481598,-0.640555932729071,-0.6543677161285525,-2.0405251515550904,0.04129804855501777,True,significant,0.006520328026432236
