player_id,player_name,stint_id,start_date,end_date,leaderboard_dates,calendar_days,best_rank
252,Karl Malone,4,1987-12-26,2002-01-03,2765,5123,1
165,Hakeem Olajuwon,8,1986-11-01,1997-02-26,2101,3771,1
1449,Larry Bird,7,1980-12-13,1990-02-06,1722,3343,1
2544,LeBron James,5,2007-10-31,2014-06-15,1412,2554,1
1495,Tim Duncan,2,1998-01-15,2004-06-15,1294,2483,1
76003,Kareem Abdul-Jabbar,1,1976-10-22,1982-12-10,1119,2241,1
764,David Robinson,2,1990-11-03,1996-06-16,1206,2190,1
893,Michael Jordan,4,1987-11-07,1993-06-20,1189,2190,1
121,Patrick Ewing,7,1990-02-15,1995-12-02,1140,2117,4
406,Shaquille O'Neal,5,1997-11-07,2002-06-12,941,1817,1
76504,Adrian Dantley,10,1979-12-06,1984-06-12,848,1786,1
56,Gary Payton,2,1996-06-14,2001-01-16,818,1678,3
77142,Magic Johnson,8,1980-03-28,1984-06-12,750,1673,1
977,Kobe Bryant,4,2006-11-03,2011-05-07,1013,1647,1
2544,LeBron James,7,2018-10-18,2022-12-08,858,1513,1
76681,Julius Erving,22,1979-03-28,1983-04-12,719,1477,1
77142,Magic Johnson,11,1986-11-01,1990-06-14,783,1462,1
2544,LeBron James,6,2014-10-30,2018-06-08,829,1447,1
77449,Moses Malone,5,1980-04-06,1984-03-15,676,1440,1
893,Michael Jordan,5,1995-03-19,1998-06-14,685,1419,1
787,Charles Barkley,2,1986-03-21,1989-06-13,643,1323,2
2548,Dwyane Wade,10,2009-10-28,2013-05-05,759,1286,2
255,Grant Hill,5,1996-11-01,2000-04-24,696,1271,4
201142,Kevin Durant,7,2015-10-28,2019-03-30,783,1250,1
76804,George Gervin,13,1979-10-13,1983-02-01,617,1208,2
787,Charles Barkley,3,1989-11-04,1992-06-14,596,1098,2
202695,Kawhi Leonard,4,2018-10-17,2021-07-20,596,1098,1
764,David Robinson,3,1996-12-10,1999-12-06,527,1092,2
977,Kobe Bryant,1,2000-11-12,2003-06-15,610,1080,2
708,Kevin Garnett,5,1999-12-14,2002-06-12,580,1050,4
1717,Dirk Nowitzki,10,2003-12-25,2006-06-20,577,1041,2
203076,Anthony Davis,6,2014-01-10,2016-06-19,551,1019,1
1503,Tracy McGrady,4,2001-02-03,2003-06-15,528,997,1
406,Shaquille O'Neal,3,1993-04-06,1995-06-14,468,941,2
203076,Anthony Davis,9,2018-10-17,2021-04-25,524,922,1
1122,Dominique Wilkins,7,1986-11-01,1989-04-11,541,893,4
17,Clyde Drexler,5,1987-11-06,1990-03-05,506,851,5
201939,Stephen Curry,4,2014-10-29,2017-02-14,525,840,1
600005,Bob Lanier,1,1976-10-21,1979-02-01,466,834,1
2730,Dwight Howard,7,2010-10-28,2013-01-20,451,816,2
76504,Adrian Dantley,11,1984-11-09,1987-01-26,449,809,2
76673,Alex English,19,1985-04-07,1987-04-17,388,741,4
76753,World Free,1,1978-12-28,1981-01-04,375,739,3
937,Scottie Pippen,13,1994-01-28,1996-02-04,418,738,5
1503,Tracy McGrady,5,2003-10-29,2005-06-23,422,734,1
203999,Nikola Jokic,15,2022-10-19,2024-06-17,418,734,1
201142,Kevin Durant,3,2010-10-27,2012-06-21,371,734,2
977,Kobe Bryant,2,2003-11-01,2005-06-23,419,731,2
2548,Dwyane Wade,7,2005-11-02,2007-06-14,416,727,1
101108,Chris Paul,11,2012-10-31,2014-06-15,414,727,2
787,Charles Barkley,4,1992-11-07,1994-06-22,403,727,4
1495,Tim Duncan,8,2006-11-02,2008-06-17,413,726,2
201939,Stephen Curry,7,2017-03-15,2019-03-09,420,725,2
201935,James Harden,10,2016-10-26,2018-06-08,415,720,1
1713,Vince Carter,7,2000-02-05,2002-01-22,408,718,2
304,John Stockton,4,1988-12-07,1990-11-21,378,716,4
406,Shaquille O'Neal,6,2002-11-22,2004-06-15,397,711,1
2397,Yao Ming,3,2006-11-18,2008-06-17,397,710,3
134,Kevin Johnson,2,1989-12-26,1991-11-25,370,700,6
947,Allen Iverson,7,1998-04-08,2000-03-07,293,700,3
203954,Joel Embiid,21,2021-11-26,2023-06-12,388,697,1
203076,Anthony Davis,25,2023-11-29,2025-06-22,385,692,1
185,Chris Webber,15,2001-12-09,2003-06-15,373,688,4
947,Allen Iverson,21,2004-12-14,2006-06-20,379,686,1
406,Shaquille O'Neal,4,1995-12-15,1997-06-13,365,686,3
202695,Kawhi Leonard,2,2015-12-03,2017-06-12,378,684,3
893,Michael Jordan,2,1984-12-22,1986-06-08,331,678,1
121,Patrick Ewing,30,1997-04-12,1999-02-17,266,677,5
304,John Stockton,7,1991-01-15,1992-11-20,344,676,4
201565,Derrick Rose,5,2010-12-28,2012-06-21,310,672,3
203507,Giannis Antetokounmpo,4,2020-12-23,2022-06-16,403,664,1
1628369,Jayson Tatum,14,2023-12-27,2025-06-22,361,664,2
185,Chris Webber,14,2000-01-07,2001-06-15,354,662,2
76804,George Gervin,12,1977-12-25,1979-06-01,307,656,2
78041,Jeff Ruland,2,1983-04-06,1985-01-07,296,643,3
78318,Isiah Thomas,13,1984-05-21,1986-01-30,291,620,3
297,Alonzo Mourning,33,1999-02-21,2000-06-19,316,618,4
1122,Dominique Wilkins,19,1992-05-21,1994-01-27,295,617,6
600014,Artis Gilmore,5,1978-02-03,1979-06-01,272,616,2
201935,James Harden,8,2014-02-19,2015-06-16,305,615,2
1628983,Shai Gilgeous-Alexander,5,2024-10-24,2026-06-13,421,597,1
1629029,Luka Doncic,8,2024-10-24,2026-06-13,421,597,2
1717,Dirk Nowitzki,14,2009-03-31,2010-06-17,269,574,3
17,Clyde Drexler,14,1991-04-13,1992-06-14,246,573,4
1450,Kevin McHale,7,1986-04-17,1987-06-14,227,568,4
101108,Chris Paul,10,2011-04-17,2012-06-21,207,562,2
77498,Bob McAdoo,6,1977-10-22,1979-04-04,332,530,2
977,Kobe Bryant,9,2012-05-18,2013-06-20,234,529,3
304,John Stockton,15,1993-12-07,1995-05-06,345,516,6
1495,Tim Duncan,3,2004-11-03,2006-03-09,333,492,1
77160,Marques Johnson,2,1978-10-14,1980-02-16,297,491,3
201142,Kevin Durant,12,2021-06-18,2022-06-16,233,487,3
201939,Stephen Curry,20,2021-02-08,2022-05-25,348,472,2
77626,Sidney Moncrief,10,1982-12-23,1984-04-04,269,469,2
947,Allen Iverson,16,2001-11-10,2003-02-13,297,461,2
1717,Dirk Nowitzki,15,2010-10-27,2012-01-29,241,460,3
77449,Moses Malone,6,1984-03-17,1985-06-07,258,449,2
78549,Gus Williams,5,1981-10-31,1983-01-04,233,431,6
708,Kevin Garnett,11,2007-11-02,2009-01-03,272,429,3
201935,James Harden,12,2019-10-24,2020-10-11,191,425,1
203507,Giannis Antetokounmpo,3,2019-10-24,2020-10-11,191,425,1
1717,Dirk Nowitzki,9,2002-10-30,2003-12-22,263,419,4
78326,David Thompson,8,1977-11-15,1979-01-01,229,413,3
1629029,Luka Doncic,2,2019-11-09,2020-10-11,175,409,3
77449,Moses Malone,2,1979-02-09,1980-03-19,223,405,2
201935,James Harden,13,2020-12-26,2022-02-01,292,403,1
787,Charles Barkley,5,1994-11-26,1995-12-18,227,388,5
77160,Marques Johnson,6,1980-10-16,1981-05-14,175,379,7
708,Kevin Garnett,7,2003-10-29,2004-06-15,212,370,1
201935,James Harden,11,2018-10-17,2019-06-13,212,370,1
203507,Giannis Antetokounmpo,2,2018-10-17,2019-06-13,212,370,2
1629029,Luka Doncic,6,2022-10-19,2023-06-12,211,370,1
893,Michael Jordan,3,1986-11-01,1987-06-14,191,370,1
203507,Giannis Antetokounmpo,5,2022-10-20,2023-06-12,210,369,1
77142,Magic Johnson,10,1985-10-31,1986-06-08,188,365,2
203999,Nikola Jokic,14,2021-10-20,2022-06-16,212,363,1
203076,Anthony Davis,8,2017-10-18,2018-06-08,211,363,2
203507,Giannis Antetokounmpo,1,2017-10-18,2018-06-08,211,363,2
203507,Giannis Antetokounmpo,7,2024-10-23,2025-06-22,211,363,1
708,Kevin Garnett,9,2005-11-02,2006-06-20,210,363,2
977,Kobe Bryant,3,2005-11-02,2006-06-20,210,363,2
2544,LeBron James,3,2005-11-02,2006-06-20,210,363,1
708,Kevin Garnett,8,2004-11-03,2005-06-23,209,363,1
101108,Chris Paul,13,2015-10-28,2016-06-19,209,363,4
201566,Russell Westbrook,14,2015-10-28,2016-06-19,209,363,2
201935,James Harden,9,2015-10-28,2016-06-19,209,363,2
1717,Dirk Nowitzki,12,2007-10-31,2008-06-17,208,363,3
101108,Chris Paul,6,2009-10-28,2010-06-17,208,363,2
201142,Kevin Durant,2,2009-10-28,2010-06-17,208,363,2
708,Kevin Garnett,6,2002-10-30,2003-06-15,207,363,3
2548,Dwyane Wade,9,2008-10-29,2009-06-14,207,363,2
101108,Chris Paul,5,2008-10-29,2009-06-14,207,363,2
2546,Carmelo Anthony,20,2013-10-30,2014-06-15,206,363,4
201142,Kevin Durant,5,2013-10-30,2014-06-15,206,363,1
201567,Kevin Love,9,2013-10-30,2014-06-15,206,363,3
201939,Stephen Curry,3,2013-10-30,2014-06-15,206,363,3
1628983,Shai Gilgeous-Alexander,4,2023-10-25,2024-06-17,206,363,3
1629029,Luka Doncic,7,2023-10-25,2024-06-17,206,363,2
708,Kevin Garnett,10,2006-11-01,2007-06-14,205,363,3
2544,LeBron James,4,2006-11-01,2007-06-14,205,363,1
2546,Carmelo Anthony,21,2014-10-29,2015-06-16,204,363,4
201566,Russell Westbrook,13,2014-10-29,2015-06-16,204,363,3
77142,Magic Johnson,12,1990-11-03,1991-06-12,195,363,2
77142,Magic Johnson,9,1984-10-27,1985-06-09,190,363,2
77264,Bernard King,4,1984-10-27,1985-06-09,190,363,3
1629029,Luka Doncic,5,2021-10-21,2022-06-16,211,362,3
201566,Russell Westbrook,16,2017-10-19,2018-06-08,210,362,1
203999,Nikola Jokic,16,2024-10-24,2025-06-22,210,362,1
201142,Kevin Durant,4,2012-11-01,2013-06-20,206,362,2
203507,Giannis Antetokounmpo,6,2023-10-26,2024-06-17,205,362,2
203954,Joel Embiid,22,2023-10-26,2024-06-17,205,362,1
1717,Dirk Nowitzki,11,2006-11-02,2007-06-14,204,362,2
101108,Chris Paul,12,2014-10-30,2015-06-16,203,362,3
165,Hakeem Olajuwon,7,1985-11-05,1986-06-08,184,360,3
201566,Russell Westbrook,15,2016-10-26,2017-06-12,203,356,1
203076,Anthony Davis,7,2016-10-26,2017-06-12,203,356,4
2544,LeBron James,2,2004-11-10,2005-06-23,202,356,1
2548,Dwyane Wade,8,2007-11-14,2008-06-17,194,349,1
203954,Joel Embiid,23,2024-11-12,2025-06-22,192,343,2
77459,Pete Maravich,2,1976-11-13,1977-06-05,160,339,1
947,Allen Iverson,17,2003-02-16,2004-01-19,185,338,3
203081,Damian Lillard,21,2020-01-20,2020-10-11,105,337,7
101108,Chris Paul,4,2007-12-01,2008-06-17,178,332,2
201939,Stephen Curry,15,2020-01-28,2020-12-23,99,332,5
201142,Kevin Durant,6,2014-12-02,2015-06-16,171,329,2
764,David Robinson,1,1989-12-08,1990-06-14,166,329,2
78500,Paul Westphal,17,1979-12-15,1980-11-04,140,326,5
78369,Kelly Tripucka,9,1982-05-02,1983-03-15,138,318,4
185,Chris Webber,12,1998-04-28,1999-03-11,67,318,7
78450,Bill Walton,10,1977-12-03,1978-06-07,142,314,5
76753,World Free,2,1981-01-07,1981-11-11,110,309,8
202695,Kawhi Leonard,3,2017-12-12,2018-06-08,157,308,2
1122,Dominique Wilkins,6,1985-12-27,1986-06-08,137,308,3
358,Anfernee Hardaway,10,1996-02-28,1996-12-29,150,306,6
947,Allen Iverson,15,2000-12-30,2001-06-15,150,304,2
1626157,Karl-Anthony Towns,13,2020-02-22,2020-10-11,78,304,8
201567,Kevin Love,5,2012-01-01,2012-06-21,159,303,5
2544,LeBron James,17,2024-12-23,2025-06-22,154,302,7
2200,Pau Gasol,20,2010-04-04,2011-01-29,150,301,4
2730,Dwight Howard,3,2009-01-02,2009-06-14,144,298,4
202710,Jimmy Butler III,11,2017-12-23,2018-06-08,146,297,9
77459,Pete Maravich,7,1978-01-14,1978-10-26,119,286,3
2225,Tony Parker,7,2013-01-17,2013-06-20,131,285,4
947,Allen Iverson,18,2004-01-23,2004-06-15,128,284,6
201142,Kevin Durant,1,2009-01-17,2009-06-14,129,283,4
78500,Paul Westphal,14,1979-02-20,1979-11-29,117,283,5
201933,Blake Griffin,4,2011-04-10,2012-01-17,70,283,6
787,Charles Barkley,7,1996-01-24,1996-06-16,123,282,5
1882,Elton Brand,15,2006-01-23,2006-06-20,129,281,5
134,Kevin Johnson,1,1989-03-17,1989-12-22,115,281,7
203999,Nikola Jokic,13,2021-01-12,2021-07-20,171,280,2
2730,Dwight Howard,6,2010-01-20,2010-06-17,125,279,5
200750,Brandon Roy,6,2009-02-18,2009-11-22,128,278,4
1718,Paul Pierce,15,2003-01-24,2003-06-15,122,277,8
201933,Blake Griffin,12,2014-01-26,2014-06-15,120,275,7
165,Hakeem Olajuwon,11,1997-05-15,1998-02-12,121,274,5
78549,Gus Williams,4,1980-01-11,1980-05-16,92,273,5
1503,Tracy McGrady,14,2007-03-24,2007-12-19,118,271,3
467,Jason Kidd,1,1999-04-12,2000-01-06,121,270,6
77264,Bernard King,3,1984-02-01,1984-06-12,111,268,3
203081,Damian Lillard,27,2023-01-30,2023-06-12,111,267,5
2405,Amar'e Stoudemire,10,2008-02-10,2008-06-17,109,261,3
76673,Alex English,7,1983-02-17,1983-11-02,85,259,5
921,Brad Daugherty,11,1993-03-07,1993-11-19,105,258,7
187,Terry Cummings,3,1983-03-02,1983-11-13,84,258,6
77487,Cedric Maxwell,3,1979-01-31,1979-10-12,87,255,5
203954,Joel Embiid,5,2019-02-10,2019-06-13,98,254,5
2240,Gilbert Arenas,2,2006-02-21,2006-06-20,104,252,7
77498,Bob McAdoo,5,1977-02-08,1977-06-05,85,252,2
1628983,Shai Gilgeous-Alexander,3,2023-02-15,2023-06-12,95,251,6
77685,Larry Nance,12,1987-03-02,1987-06-14,83,249,7
201566,Russell Westbrook,10,2013-02-24,2013-06-20,97,247,6
1122,Dominique Wilkins,10,1990-04-20,1990-12-22,91,247,6
2544,LeBron James,15,2024-03-31,2024-12-01,99,246,3
2216,Zach Randolph,3,2011-04-27,2011-06-12,31,242,8
1717,Dirk Nowitzki,8,2002-03-05,2002-06-12,85,238,8
203081,Damian Lillard,8,2018-02-23,2018-06-08,91,235,9
203507,Giannis Antetokounmpo,8,2025-10-22,2026-06-13,210,234,1
203954,Joel Embiid,24,2025-10-22,2026-06-13,210,234,4
1626157,Karl-Anthony Towns,1,2017-02-25,2017-06-12,89,234,6
203999,Nikola Jokic,17,2025-10-23,2026-06-13,209,233,1
1718,Paul Pierce,8,2002-03-11,2002-06-12,79,232,6
200746,LaMarcus Aldridge,10,2011-05-08,2011-06-12,22,231,10
78200,Randy Smith,1,1977-03-02,1977-06-05,67,230,4
1717,Dirk Nowitzki,17,2012-03-15,2012-06-21,89,229,8
202710,Jimmy Butler III,24,2023-03-10,2023-06-12,78,228,5
1628973,Jalen Brunson,4,2024-04-04,2024-11-16,81,227,4
2240,Gilbert Arenas,6,2007-03-17,2007-06-14,75,227,8
202326,DeMarcus Cousins,16,2016-03-13,2016-06-19,80,226,9
2405,Amar'e Stoudemire,8,2006-03-23,2006-11-02,77,225,2
78326,David Thompson,5,1977-03-08,1977-06-05,61,224,5
77264,Bernard King,5,1987-04-10,1987-11-19,58,224,6
2547,Chris Bosh,13,2010-03-31,2010-11-08,73,223,5
297,Alonzo Mourning,8,1994-03-26,1994-06-22,71,223,8
297,Alonzo Mourning,25,1996-04-08,1996-11-15,68,222,5
201933,Blake Griffin,6,2012-03-24,2012-06-21,80,220,8
764,David Robinson,10,2000-04-25,2000-11-27,71,217,8
77876,Kevin Porter,8,1981-03-27,1981-05-14,29,217,9
1713,Vince Carter,9,2005-03-30,2005-06-23,67,216,7
77449,Moses Malone,19,1987-05-26,1987-12-25,56,214,7
77685,Larry Nance,8,1985-03-25,1985-06-09,53,214,8
202710,Jimmy Butler III,9,2017-03-18,2017-06-12,68,213,8
76673,Alex English,10,1984-03-27,1984-06-12,59,213,5
185,Chris Webber,9,1997-05-19,1997-12-14,62,210,7
2546,Carmelo Anthony,19,2013-04-02,2013-06-20,60,210,5
76003,Kareem Abdul-Jabbar,5,1983-04-26,1983-11-20,41,210,6
77669,Calvin Murphy,2,1978-04-06,1978-10-31,47,209,8
78149,Jack Sikma,5,1982-04-17,1982-11-11,41,209,9
201142,Kevin Durant,13,2022-10-19,2023-05-12,194,207,5
101114,Deron Williams,8,2009-04-03,2009-06-14,57,207,6
1122,Dominique Wilkins,9,1989-04-16,1989-11-08,45,207,9
1629627,Zion Williamson,1,2021-03-27,2021-07-20,102,206,5
78404,Kiki Vandeweghe,8,1984-04-03,1984-06-12,52,206,5
304,John Stockton,3,1988-05-13,1988-12-01,54,203,6
201933,Blake Griffin,15,2015-04-07,2015-06-16,52,203,8
1882,Elton Brand,3,2000-04-19,2000-11-06,54,202,9
947,Allen Iverson,29,2008-04-10,2008-06-17,54,201,9
934,Derrick Coleman,2,1993-05-16,1993-12-02,51,201,7
1882,Elton Brand,22,2007-04-12,2007-06-14,50,201,8
201939,Stephen Curry,2,2013-04-12,2013-06-20,51,200,6
2405,Amar'e Stoudemire,7,2005-04-16,2005-06-23,51,199,6
1450,Kevin McHale,11,1988-05-22,1988-12-06,49,199,9
202710,Jimmy Butler III,1,2015-04-25,2015-11-08,49,198,4
56,Gary Payton,6,2001-04-21,2001-11-03,50,197,9
134,Kevin Johnson,9,1992-04-24,1992-06-14,40,196,8
77290,Billy Knight,2,1977-04-05,1977-06-05,36,196,8
78318,Isiah Thomas,16,1986-05-13,1986-11-23,34,196,6
297,Alonzo Mourning,20,1995-04-23,1995-06-14,42,194,9
358,Anfernee Hardaway,12,1997-05-03,1997-11-11,45,193,6
203076,Anthony Davis,24,2023-05-06,2023-11-14,45,193,3
76681,Julius Erving,11,1977-04-09,1977-06-05,32,192,3
202695,Kawhi Leonard,11,2023-04-16,2023-06-12,44,191,8
1449,Larry Bird,3,1980-04-08,1980-10-15,26,191,5
979,Jermaine O'Neal,1,2003-04-21,2003-06-15,42,190,10
201939,Stephen Curry,21,2022-06-02,2022-12-07,55,189,3
1884,Baron Davis,2,2004-04-27,2004-06-15,39,189,8
406,Shaquille O'Neal,7,2004-11-03,2005-05-09,180,188,3
165,Hakeem Olajuwon,6,1985-04-28,1985-11-01,29,188,6
934,Derrick Coleman,10,1994-05-06,1994-11-08,39,187,7
78404,Kiki Vandeweghe,3,1983-04-29,1983-11-01,22,187,9
101108,Chris Paul,15,2017-04-18,2017-10-18,41,184,5
201142,Kevin Durant,9,2019-04-21,2019-06-13,37,184,6
201567,Kevin Love,8,2013-04-29,2013-06-20,36,183,9
202331,Paul George,8,2016-04-26,2016-06-19,39,182,10
201933,Blake Griffin,16,2015-10-28,2016-04-25,170,181,6
304,John Stockton,17,1995-05-14,1995-11-10,32,181,8
203999,Nikola Jokic,1,2019-04-25,2019-06-13,33,180,6
202710,Jimmy Butler III,16,2022-04-22,2022-06-16,39,179,7
201935,James Harden,2,2013-05-06,2013-06-20,29,176,10
708,Kevin Garnett,3,1999-05-11,1999-06-25,31,175,10
2548,Dwyane Wade,6,2005-05-10,2005-06-23,29,175,6
2546,Carmelo Anthony,14,2010-05-04,2010-06-17,28,175,10
1626157,Karl-Anthony Towns,11,2019-04-30,2019-06-13,28,175,8
201566,Russell Westbrook,12,2014-05-07,2014-06-15,26,174,7
1905,Andrei Kirilenko,6,2004-05-14,2004-06-15,23,172,9
77142,Magic Johnson,16,1996-05-14,1996-06-16,20,171,9
1453,Walter Davis,12,1979-05-08,1979-10-23,24,169,8
1629630,Ja Morant,1,2022-05-03,2022-06-16,29,168,8
1495,Tim Duncan,7,2006-05-17,2006-06-20,23,167,9
979,Jermaine O'Neal,12,2004-05-19,2004-06-15,19,167,9
1628378,Donovan Mitchell,3,2024-05-09,2024-06-17,25,166,9
1628369,Jayson Tatum,12,2023-05-14,2023-06-12,17,163,7
201939,Stephen Curry,10,2019-05-14,2019-06-13,16,161,8
77160,Marques Johnson,1,1978-05-05,1978-06-07,13,161,10
76003,Kareem Abdul-Jabbar,7,1984-05-20,1984-06-12,11,159,9
203081,Damian Lillard,23,2021-05-14,2021-07-20,54,158,7
1628973,Jalen Brunson,17,2025-05-16,2025-06-22,20,158,8
76016,Mark Aguirre,4,1983-11-26,1984-04-29,140,157,5
1495,Tim Duncan,9,2008-10-29,2009-04-02,150,156,6
203954,Joel Embiid,8,2020-03-11,2020-08-13,16,156,8
202695,Kawhi Leonard,19,2026-01-09,2026-06-13,134,155,6
1717,Dirk Nowitzki,13,2008-10-30,2009-03-29,145,151,4
787,Charles Barkley,8,1996-11-02,1997-04-01,143,151,4
2200,Pau Gasol,9,2009-05-29,2009-06-14,7,151,10
1629029,Luka Doncic,4,2021-05-22,2021-07-20,47,150,9
201933,Blake Griffin,13,2014-10-30,2015-03-27,141,149,7
2546,Carmelo Anthony,18,2012-11-02,2013-03-29,142,148,4
1641705,Victor Wembanyama,5,2025-05-26,2025-06-22,12,148,10
947,Allen Iverson,22,2006-11-01,2007-03-27,141,147,4
1629029,Luka Doncic,3,2020-12-23,2021-05-13,136,142,2
101108,Chris Paul,14,2016-10-27,2017-03-17,134,142,3
202695,Kawhi Leonard,14,2023-12-19,2024-05-08,131,142,6
78450,Bill Walton,7,1977-05-29,1977-06-05,4,142,8
76170,Otis Birdsong,2,1980-11-05,1981-03-24,125,140,7
76054,Nate Archibald,14,1977-05-31,1977-06-05,3,140,10
56,Gary Payton,15,2002-06-12,2002-06-12,1,139,10
1450,Kevin McHale,8,1987-12-01,1988-04-16,129,138,8
76003,Kareem Abdul-Jabbar,13,1985-06-09,1985-06-09,1,138,9
1641705,Victor Wembanyama,13,2026-01-28,2026-06-13,115,136,5
78450,Bill Walton,2,1976-11-02,1977-03-14,116,133,1
203076,Anthony Davis,19,2022-06-10,2022-10-19,5,132,4
202326,DeMarcus Cousins,17,2016-10-26,2017-03-05,123,131,7
1630162,Anthony Edwards,15,2025-12-18,2026-04-23,117,127,6
101108,Chris Paul,7,2010-10-27,2011-02-28,120,125,3
977,Kobe Bryant,10,2013-12-08,2014-04-11,119,125,4
978,Peja Stojakovic,4,2004-01-10,2004-05-13,118,125,6
203954,Joel Embiid,18,2021-02-13,2021-06-14,116,122,7
202710,Jimmy Butler III,15,2021-10-29,2022-02-27,114,122,5
255,Grant Hill,4,1995-12-19,1996-04-16,112,120,6
1626157,Karl-Anthony Towns,12,2019-10-23,2020-02-13,112,120,5
1503,Tracy McGrady,6,2005-11-02,2006-02-27,113,118,5
78404,Kiki Vandeweghe,4,1983-11-03,1984-02-28,102,118,6
185,Chris Webber,10,1997-12-19,1998-04-14,111,117,6
76003,Kareem Abdul-Jabbar,12,1985-01-08,1985-04-23,97,106,7
2547,Chris Bosh,9,2008-10-29,2009-02-10,103,105,5
1495,Tim Duncan,10,2009-11-23,2010-03-07,100,105,7
1122,Dominique Wilkins,11,1990-12-29,1991-04-12,98,105,7
2544,LeBron James,9,2022-12-16,2023-03-28,96,103,5
77290,Billy Knight,1,1976-12-21,1977-03-31,89,101,2
1882,Elton Brand,16,2006-11-01,2007-02-08,98,100,5
201142,Kevin Durant,15,2023-11-15,2024-02-15,88,99,6
2240,Gilbert Arenas,3,2006-11-01,2007-02-05,95,97,6
77449,Moses Malone,14,1986-12-03,1987-03-09,89,97,8
1629027,Trae Young,5,2022-01-19,2022-04-25,88,97,7
201567,Kevin Love,6,2012-11-21,2013-02-23,89,95,3
1630178,Tyrese Maxey,6,2026-01-01,2026-04-05,89,95,5
17,Clyde Drexler,15,1992-11-08,1993-02-10,88,95,4
76979,Elvin Hayes,3,1977-01-14,1977-04-17,82,95,2
203081,Damian Lillard,22,2020-12-23,2021-03-26,88,94,7
1641705,Victor Wembanyama,2,2025-02-08,2025-05-11,84,93,8
297,Alonzo Mourning,23,1995-11-28,1996-02-27,85,92,6
203954,Joel Embiid,10,2020-09-24,2020-10-11,10,89,10
2547,Chris Bosh,12,2010-01-01,2010-03-27,82,86,6
977,Kobe Bryant,6,2012-01-06,2012-03-30,81,85,5
77685,Larry Nance,9,1985-10-29,1986-01-21,78,85,5
2405,Amar'e Stoudemire,11,2008-10-29,2009-01-20,82,84,4
358,Anfernee Hardaway,9,1995-11-08,1996-01-28,79,82,5
77142,Magic Johnson,13,1996-01-30,1996-04-20,77,82,5
600014,Artis Gilmore,4,1977-11-04,1978-01-24,72,82,2
2548,Dwyane Wade,4,2004-11-18,2005-02-06,80,81,4
203081,Damian Lillard,9,2018-10-18,2019-01-05,78,80,8
203076,Anthony Davis,20,2022-11-21,2023-02-08,78,80,6
78318,Isiah Thomas,15,1986-02-17,1986-05-07,74,80,6
1718,Paul Pierce,16,2003-10-29,2004-01-15,77,79,7
406,Shaquille O'Neal,1,1992-12-30,1993-03-18,72,79,4
893,Michael Jordan,6,2001-10-30,2002-01-15,77,78,2
202738,Isaiah Thomas,1,2017-01-30,2017-04-17,70,78,8
2200,Pau Gasol,21,2011-02-01,2011-04-18,70,77,6
1628369,Jayson Tatum,16,2026-03-29,2026-06-13,61,76,8
1628973,Jalen Brunson,18,2025-10-22,2026-01-04,72,75,6
78500,Paul Westphal,12,1978-10-31,1979-01-13,66,75,5
201935,James Harden,1,2013-02-14,2013-04-28,67,74,5
76003,Kareem Abdul-Jabbar,17,1986-02-02,1986-04-13,66,74,7
1641705,Victor Wembanyama,1,2024-11-26,2025-02-06,69,73,6
76673,Alex English,6,1982-12-05,1983-02-15,63,73,7
202695,Kawhi Leonard,9,2023-01-18,2023-03-30,66,72,7
201939,Stephen Curry,14,2019-11-16,2020-01-25,69,71,8
77685,Larry Nance,13,1987-12-01,1988-02-09,64,71,6
2730,Dwight Howard,4,2009-10-28,2010-01-05,69,70,5
201566,Russell Westbrook,17,2018-10-21,2018-12-29,68,70,6
77376,Lafayette Lever,8,1989-01-06,1989-03-16,66,70,9
202695,Kawhi Leonard,5,2022-10-20,2022-12-27,66,69,4
76681,Julius Erving,18,1978-10-20,1978-12-27,59,69,4
202710,Jimmy Butler III,5,2016-11-23,2017-01-29,66,68,9
431,Shawn Kemp,7,1995-11-14,1996-01-20,65,68,7
297,Alonzo Mourning,5,1993-12-03,1994-02-04,61,64,7
1882,Elton Brand,12,2004-01-17,2004-03-20,60,64,7
77626,Sidney Moncrief,21,1984-12-29,1985-03-01,56,63,6
1626157,Karl-Anthony Towns,10,2019-02-25,2019-04-27,59,62,6
2548,Dwyane Wade,5,2005-02-13,2005-04-15,57,62,8
76054,Nate Archibald,4,1976-11-24,1977-01-24,54,62,2
201933,Blake Griffin,9,2013-01-21,2013-03-22,57,61,6
255,Grant Hill,6,2000-10-31,2000-12-29,59,60,8
2405,Amar'e Stoudemire,6,2005-01-28,2005-03-28,56,60,9
203076,Anthony Davis,26,2025-10-22,2025-12-19,57,59,5
1453,Walter Davis,8,1978-11-22,1979-01-19,52,59,7
185,Chris Webber,16,2004-03-02,2004-04-28,56,58,6
200750,Brandon Roy,7,2009-12-25,2010-02-20,54,58,7
1641705,Victor Wembanyama,6,2025-10-22,2025-12-17,55,57,6
393,Rod Strickland,3,1995-01-24,1995-03-21,53,57,7
252,Karl Malone,8,2002-02-12,2002-04-08,55,56,7
1629627,Zion Williamson,3,2022-11-30,2023-01-24,55,56,7
76673,Alex English,11,1984-10-27,1984-12-21,52,56,4
1882,Elton Brand,14,2005-11-28,2006-01-21,54,55,7
947,Allen Iverson,24,2007-12-20,2008-02-12,53,55,7
600005,Bob Lanier,9,1979-10-12,1979-12-05,52,55,7
1628369,Jayson Tatum,13,2023-10-25,2023-12-18,50,55,5
1628369,Jayson Tatum,3,2022-03-27,2022-05-20,48,55,7
201933,Blake Griffin,1,2010-12-17,2011-02-08,53,54,3
934,Derrick Coleman,4,1993-12-08,1994-01-30,51,54,8
979,Jermaine O'Neal,2,2003-10-29,2003-12-20,53,53,8
2430,Carlos Boozer,1,2007-10-30,2007-12-21,52,53,5
201142,Kevin Durant,10,2020-12-22,2021-02-12,52,53,4
201567,Kevin Love,10,2014-10-30,2014-12-20,51,52,3
921,Brad Daugherty,10,1993-01-12,1993-03-04,48,52,9
202681,Kyrie Irving,10,2019-03-05,2019-04-24,48,51,7
1122,Dominique Wilkins,15,1992-01-02,1992-02-21,47,51,9
77626,Sidney Moncrief,3,1981-12-29,1982-02-17,43,51,9
201565,Derrick Rose,6,2013-10-29,2013-12-17,49,50,3
1626157,Karl-Anthony Towns,2,2017-10-18,2017-12-06,49,50,6
76681,Julius Erving,12,1977-10-22,1977-12-10,48,50,3
17,Clyde Drexler,17,1993-02-26,1993-04-15,48,49,8
203954,Joel Embiid,7,2019-12-12,2020-01-29,48,49,8
201933,Blake Griffin,5,2012-02-01,2012-03-20,45,49,8
1626157,Karl-Anthony Towns,5,2018-01-05,2018-02-22,43,49,10
200765,Rajon Rondo,4,2012-10-30,2012-12-16,47,48,5
200746,LaMarcus Aldridge,13,2012-01-18,2012-03-05,44,48,7
76504,Adrian Dantley,8,1977-11-08,1977-12-23,42,47,3
77626,Sidney Moncrief,6,1982-03-16,1982-05-01,41,47,9
1628378,Donovan Mitchell,2,2024-01-29,2024-03-15,41,47,7
203954,Joel Embiid,6,2019-10-23,2019-12-07,45,46,6
787,Charles Barkley,9,1997-04-03,1997-05-18,43,46,7
203081,Damian Lillard,28,2023-10-26,2023-12-08,41,46,5
101108,Chris Paul,16,2017-10-22,2017-12-05,44,45,8
203999,Nikola Jokic,3,2019-12-06,2020-01-19,44,45,7
202710,Jimmy Butler III,4,2016-01-28,2016-03-12,39,45,10
202681,Kyrie Irving,9,2019-01-12,2019-02-25,39,45,8
203076,Anthony Davis,11,2021-11-01,2021-12-14,43,44,9
252,Karl Malone,13,2003-03-08,2003-04-20,41,44,9
467,Jason Kidd,6,2002-12-17,2003-01-28,42,43,7
201933,Blake Griffin,8,2012-12-05,2013-01-16,42,43,6
202331,Paul George,3,2013-12-18,2014-01-29,42,43,7
1453,Walter Davis,1,1978-01-13,1978-02-24,38,43,5
78500,Paul Westphal,2,1977-01-19,1977-03-02,37,43,5
1713,Vince Carter,11,2005-12-20,2006-01-30,41,42,9
202326,DeMarcus Cousins,20,2017-10-18,2017-11-28,41,42,9
202710,Jimmy Butler III,17,2022-10-19,2022-11-29,40,42,7
1450,Kevin McHale,5,1986-01-10,1986-02-20,38,42,8
1449,Larry Bird,1,1980-02-17,1980-03-29,37,42,2
121,Patrick Ewing,33,1999-03-02,1999-04-11,41,41,9
1884,Baron Davis,3,2004-11-03,2004-12-13,41,41,7
78041,Jeff Ruland,5,1985-11-30,1986-01-09,37,41,9
77160,Marques Johnson,9,1983-02-16,1983-03-27,36,41,8
56,Gary Payton,14,2002-04-29,2002-06-07,31,41,10
2544,LeBron James,12,2023-12-06,2024-01-14,37,40,8
1630595,Cade Cunningham,4,2026-01-25,2026-03-05,34,40,6
77290,Billy Knight,4,1977-12-04,1978-01-12,33,40,4
2546,Carmelo Anthony,15,2010-10-27,2010-12-04,39,39,9
203954,Joel Embiid,4,2019-01-01,2019-02-08,39,39,8
1630595,Cade Cunningham,3,2025-12-15,2026-01-22,37,39,5
78200,Randy Smith,6,1978-01-04,1978-02-11,33,39,5
203999,Nikola Jokic,5,2020-02-01,2020-03-10,33,39,8
431,Shawn Kemp,10,1996-11-14,1996-12-21,38,38,7
1628369,Jayson Tatum,8,2023-01-05,2023-02-11,38,38,7
165,Hakeem Olajuwon,4,1985-02-22,1985-03-31,37,38,5
2225,Tony Parker,8,2013-10-30,2013-12-06,37,38,6
203999,Nikola Jokic,2,2019-10-23,2019-11-29,37,38,4
77498,Bob McAdoo,1,1976-12-07,1977-01-13,33,38,6
77160,Marques Johnson,8,1983-01-08,1983-02-10,33,38,7
17,Clyde Drexler,21,1994-12-07,1995-01-12,33,37,9
708,Kevin Garnett,4,1999-11-05,1999-12-10,36,36,5
2200,Pau Gasol,10,2009-11-19,2009-12-23,35,36,7
202710,Jimmy Butler III,2,2015-12-16,2016-01-20,35,36,9
1628973,Jalen Brunson,23,2026-05-08,2026-06-13,24,36,8
203954,Joel Embiid,20,2021-10-20,2021-11-23,35,35,8
202710,Jimmy Butler III,25,2023-10-25,2023-11-28,33,35,3
185,Chris Webber,8,1997-04-10,1997-05-14,32,35,8
77097,Dan Issel,1,1976-10-22,1976-11-25,31,35,1
77626,Sidney Moncrief,24,1985-10-25,1985-11-27,31,35,7
921,Brad Daugherty,2,1992-01-07,1992-02-06,31,35,9
304,John Stockton,5,1990-11-25,1990-12-28,33,34,8
2225,Tony Parker,4,2009-04-25,2009-05-28,31,34,10
431,Shawn Kemp,3,1994-04-02,1994-05-05,30,34,9
1503,Tracy McGrady,12,2007-02-11,2007-03-16,30,34,7
56,Gary Payton,1,1996-05-02,1996-06-02,26,34,9
782,Mitch Richmond,6,1998-02-13,1998-03-17,33,33,10
202710,Jimmy Butler III,12,2018-10-17,2018-11-18,33,33,7
17,Clyde Drexler,19,1993-11-05,1993-12-07,32,33,8
1629627,Zion Williamson,2,2022-10-19,2022-11-20,32,33,5
1713,Vince Carter,5,1999-12-22,2000-01-23,30,33,5
1713,Vince Carter,8,2002-01-29,2002-03-02,29,33,9
76054,Nate Archibald,13,1977-04-26,1977-05-26,16,33,9
467,Jason Kidd,12,2003-11-09,2003-12-10,32,32,8
202681,Kyrie Irving,8,2018-12-10,2019-01-10,31,32,9
600013,Rick Barry,8,1977-10-18,1977-11-18,30,32,3
1122,Dominique Wilkins,12,1991-11-02,1991-12-03,30,32,7
937,Scottie Pippen,10,1992-11-06,1992-12-06,29,32,8
134,Kevin Johnson,27,1997-04-01,1997-05-02,29,32,6
203954,Joel Embiid,9,2020-08-19,2020-09-19,27,32,10
947,Allen Iverson,28,2008-03-05,2008-04-04,31,31,7
77487,Cedric Maxwell,6,1979-10-31,1979-11-30,29,31,7
1628973,Jalen Brunson,5,2024-11-18,2024-12-16,28,31,8
56,Gary Payton,16,2002-10-30,2002-11-28,30,30,9
2405,Amar'e Stoudemire,3,2004-12-20,2005-01-18,29,30,10
101108,Chris Paul,9,2011-03-11,2011-04-09,29,30,6
76681,Julius Erving,2,1976-11-12,1976-12-11,26,30,5
76681,Julius Erving,19,1979-02-02,1979-03-03,24,30,8
203076,Anthony Davis,14,2022-02-28,2022-03-28,29,29,8
1718,Paul Pierce,13,2002-12-20,2003-01-17,28,29,10
255,Grant Hill,8,2001-01-30,2001-02-27,25,29,9
467,Jason Kidd,3,2002-10-30,2002-11-26,28,28,8
1630162,Anthony Edwards,12,2025-10-22,2025-11-18,28,28,8
2546,Carmelo Anthony,11,2010-03-10,2010-04-06,27,28,7
1629027,Trae Young,4,2021-12-15,2022-01-11,27,28,9
77160,Marques Johnson,11,1983-11-23,1983-12-20,24,28,8
600013,Rick Barry,7,1977-04-17,1977-05-13,18,28,8
297,Alonzo Mourning,9,1994-11-09,1994-12-05,27,27,7
134,Kevin Johnson,8,1992-03-23,1992-04-18,26,27,9
77160,Marques Johnson,7,1981-12-09,1982-01-03,22,27,8
1630178,Tyrese Maxey,10,2026-05-17,2026-06-13,17,27,10
201566,Russell Westbrook,7,2012-12-31,2013-01-25,26,26,6
201933,Blake Griffin,7,2012-10-31,2012-11-25,25,26,6
202710,Jimmy Butler III,14,2021-04-26,2021-05-21,25,26,8
77459,Pete Maravich,3,1977-10-20,1977-11-13,24,26,2
893,Michael Jordan,7,2002-01-26,2002-02-20,22,26,6
1713,Vince Carter,10,2005-11-02,2005-11-26,25,25,9
2730,Dwight Howard,1,2008-11-27,2008-12-21,25,25,8
77449,Moses Malone,20,1988-03-04,1988-03-28,24,25,10
78200,Randy Smith,3,1977-11-01,1977-11-25,23,25,4
1630595,Cade Cunningham,8,2026-04-22,2026-05-15,23,25,9
77376,Lafayette Lever,6,1988-12-02,1988-12-26,22,25,9
297,Alonzo Mourning,34,2001-03-27,2001-04-18,22,25,8
121,Patrick Ewing,22,1997-01-18,1997-02-11,21,25,9
203076,Anthony Davis,13,2022-02-02,2022-02-26,19,25,8
782,Mitch Richmond,1,1997-02-04,1997-02-27,20,24,8
77097,Dan Issel,11,1980-01-31,1980-02-23,18,24,7
187,Terry Cummings,2,1983-02-05,1983-02-27,18,24,4
76598,John Drew,5,1978-02-15,1978-03-09,23,23,7
787,Charles Barkley,1,1986-02-21,1986-03-15,23,23,8
76016,Mark Aguirre,8,1988-02-10,1988-03-03,23,23,10
1718,Paul Pierce,9,2002-10-30,2002-11-21,23,23,6
202710,Jimmy Butler III,27,2024-02-22,2024-03-15,23,23,7
1453,Walter Davis,14,1979-11-18,1979-12-10,22,23,7
78549,Gus Williams,8,1983-03-25,1983-04-16,22,23,8
165,Hakeem Olajuwon,10,1997-03-20,1997-04-11,22,23,6
76421,Doug Collins,1,1976-10-21,1976-11-12,21,23,1
77449,Moses Malone,18,1987-04-30,1987-05-21,17,23,10
200746,LaMarcus Aldridge,25,2015-01-28,2015-02-19,17,23,10
1882,Elton Brand,18,2007-02-24,2007-03-17,22,22,8
101114,Deron Williams,9,2009-10-28,2009-11-18,22,22,8
203081,Damian Lillard,13,2019-03-10,2019-03-31,22,22,8
201935,James Harden,14,2022-02-27,2022-03-20,22,22,8
304,John Stockton,1,1988-03-29,1988-04-19,21,22,9
896,Tim Hardaway,4,1997-12-19,1998-01-09,21,22,9
1503,Tracy McGrady,16,2007-12-28,2008-01-18,21,22,10
431,Shawn Kemp,14,1999-04-19,1999-05-10,20,22,8
78326,David Thompson,3,1976-11-11,1976-12-02,19,22,5
77626,Sidney Moncrief,18,1984-11-13,1984-12-04,19,22,8
203076,Anthony Davis,15,2022-03-31,2022-04-21,19,22,10
431,Shawn Kemp,4,1994-11-05,1994-11-25,21,21,8
467,Jason Kidd,15,2004-01-02,2004-01-22,21,21,6
2547,Chris Bosh,10,2009-11-06,2009-11-26,21,21,9
201935,James Harden,3,2013-10-30,2013-11-19,21,21,6
2546,Carmelo Anthony,22,2015-10-28,2015-11-17,21,21,9
77264,Bernard King,1,1979-01-05,1979-01-25,20,21,6
1449,Larry Bird,5,1980-11-01,1980-11-21,20,21,7
121,Patrick Ewing,12,1996-03-13,1996-04-02,20,21,10
2546,Carmelo Anthony,13,2010-04-11,2010-05-01,19,21,10
203081,Damian Lillard,16,2019-04-23,2019-05-12,19,21,7
77160,Marques Johnson,3,1980-02-24,1980-03-15,18,21,9
203076,Anthony Davis,22,2023-03-29,2023-04-18,18,21,8
78318,Isiah Thomas,12,1984-04-29,1984-05-19,17,21,9
937,Scottie Pippen,7,1992-04-03,1992-04-23,17,21,9
297,Alonzo Mourning,6,1994-02-20,1994-03-11,20,20,9
56,Gary Payton,9,2001-11-09,2001-11-28,20,20,9
101114,Deron Williams,14,2010-12-01,2010-12-20,20,20,9
1628973,Jalen Brunson,11,2025-02-27,2025-03-18,20,20,10
1628973,Jalen Brunson,12,2025-03-21,2025-04-09,20,20,10
78326,David Thompson,6,1977-10-19,1977-11-06,19,20,3
78450,Bill Walton,9,1977-11-12,1977-12-01,19,20,4
201567,Kevin Love,7,2013-03-23,2013-04-11,19,20,9
202326,DeMarcus Cousins,12,2015-11-09,2015-11-28,19,20,9
1626157,Karl-Anthony Towns,3,2017-12-10,2017-12-29,19,20,8
78350,Rudy Tomjanovich,2,1976-12-02,1976-12-21,17,20,6
77459,Pete Maravich,6,1977-12-21,1978-01-08,16,20,3
304,John Stockton,2,1988-04-22,1988-05-11,16,20,9
200746,LaMarcus Aldridge,3,2011-02-12,2011-03-03,16,20,7
77160,Marques Johnson,4,1980-03-19,1980-04-06,14,20,9
1122,Dominique Wilkins,16,1992-03-15,1992-04-02,19,19,9
1503,Tracy McGrady,2,2001-01-06,2001-01-24,19,19,7
56,Gary Payton,17,2002-12-01,2002-12-19,19,19,8
201935,James Harden,7,2014-01-01,2014-01-19,19,19,8
1626157,Karl-Anthony Towns,9,2019-01-22,2019-02-09,19,19,9
201939,Stephen Curry,26,2023-10-30,2023-11-17,18,19,9
78418,Jay Vincent,1,1982-02-14,1982-03-04,17,19,8
77160,Marques Johnson,12,1983-12-22,1984-01-09,17,19,9
77532,George McGinnis,3,1976-11-07,1976-11-25,16,19,4
467,Jason Kidd,16,2004-02-03,2004-02-21,15,19,9
77459,Pete Maravich,4,1977-11-19,1977-12-06,18,18,5
165,Hakeem Olajuwon,9,1997-02-28,1997-03-17,18,18,8
2405,Amar'e Stoudemire,2,2004-11-30,2004-12-17,18,18,9
1718,Paul Pierce,19,2005-12-02,2005-12-19,18,18,9
201566,Russell Westbrook,11,2013-11-03,2013-11-20,18,18,6
78450,Bill Walton,8,1977-10-21,1977-11-06,17,18,5
76362,Bill Cartwright,1,1979-11-30,1979-12-16,17,18,7
1453,Walter Davis,16,1979-12-26,1980-01-12,16,18,9
78404,Kiki Vandeweghe,6,1984-03-09,1984-03-25,16,18,7
1453,Walter Davis,9,1979-01-24,1979-02-10,15,18,6
77626,Sidney Moncrief,7,1982-11-12,1982-11-28,15,18,9
201939,Stephen Curry,9,2019-04-05,2019-04-22,15,18,7
2397,Yao Ming,10,2009-02-02,2009-02-19,14,18,9
76003,Kareem Abdul-Jabbar,8,1984-10-27,1984-11-12,17,17,8
1713,Vince Carter,15,2006-11-01,2006-11-17,17,17,7
200750,Brandon Roy,9,2010-03-04,2010-03-20,17,17,8
203081,Damian Lillard,18,2019-10-30,2019-11-15,17,17,8
77449,Moses Malone,1,1979-01-14,1979-01-30,16,17,6
78369,Kelly Tripucka,8,1982-03-31,1982-04-16,16,17,8
78318,Isiah Thomas,8,1984-03-02,1984-03-18,16,17,7
1450,Kevin McHale,10,1988-04-29,1988-05-15,16,17,9
764,David Robinson,9,2000-04-02,2000-04-18,16,17,10
1630178,Tyrese Maxey,3,2025-12-02,2025-12-18,16,17,7
76421,Doug Collins,2,1976-11-16,1976-12-02,15,17,6
202326,DeMarcus Cousins,11,2015-04-08,2015-04-24,15,17,9
77626,Sidney Moncrief,14,1984-05-01,1984-05-17,14,17,9
297,Alonzo Mourning,1,1993-04-16,1993-05-02,14,17,9
78041,Jeff Ruland,6,1986-01-31,1986-02-16,13,17,9
17,Clyde Drexler,24,1995-01-31,1995-02-16,13,17,10
76681,Julius Erving,16,1978-04-18,1978-05-03,10,17,9
76504,Adrian Dantley,7,1977-10-19,1977-11-03,16,16,6
78404,Kiki Vandeweghe,9,1984-10-30,1984-11-14,16,16,5
2547,Chris Bosh,4,2008-01-25,2008-02-09,16,16,10
2397,Yao Ming,4,2008-10-29,2008-11-13,16,16,6
977,Kobe Bryant,7,2012-04-04,2012-04-19,16,16,10
2744,Al Jefferson,3,2014-11-01,2014-11-16,16,16,10
201933,Blake Griffin,18,2016-11-07,2016-11-22,16,16,10
201939,Stephen Curry,16,2020-12-27,2021-01-11,16,16,8
76681,Julius Erving,1,1976-10-21,1976-11-05,15,16,2
76681,Julius Erving,6,1977-01-14,1977-01-29,15,16,7
77420,Maurice Lucas,3,1977-02-16,1977-03-03,15,16,7
77449,Moses Malone,9,1985-11-10,1985-11-25,15,16,9
134,Kevin Johnson,3,1991-11-27,1991-12-12,15,16,9
1713,Vince Carter,13,2006-04-29,2006-05-14,15,16,10
2546,Carmelo Anthony,5,2009-12-10,2009-12-25,15,16,10
203954,Joel Embiid,2,2018-11-19,2018-12-04,15,16,10
1628378,Donovan Mitchell,4,2024-10-23,2024-11-07,15,16,6
76681,Julius Erving,27,1983-12-21,1984-01-05,14,16,9
600013,Rick Barry,4,1976-12-05,1976-12-19,13,16,6
1122,Dominique Wilkins,20,1994-02-04,1994-02-19,12,16,8
202331,Paul George,12,2019-02-09,2019-02-24,10,16,7
201142,Kevin Durant,17,2025-02-11,2025-02-26,10,16,10
76421,Doug Collins,5,1977-05-15,1977-05-29,5,16,7
77685,Larry Nance,11,1987-02-13,1987-02-27,15,15,9
934,Derrick Coleman,9,1994-03-18,1994-04-01,15,15,9
210,Terrell Brandon,5,1997-01-04,1997-01-18,15,15,9
134,Kevin Johnson,26,1997-03-15,1997-03-29,15,15,6
896,Tim Hardaway,9,1999-03-17,1999-03-31,15,15,9
947,Allen Iverson,19,2004-11-03,2004-11-17,15,15,7
200746,LaMarcus Aldridge,5,2011-03-13,2011-03-27,15,15,9
977,Kobe Bryant,8,2012-04-29,2012-05-13,15,15,9
202331,Paul George,2,2013-12-01,2013-12-15,15,15,7
76673,Alex English,20,1987-11-06,1987-11-20,14,15,9
2240,Gilbert Arenas,8,2007-11-16,2007-11-30,14,15,10
76681,Julius Erving,9,1977-03-15,1977-03-29,13,15,7
77160,Marques Johnson,13,1984-01-17,1984-01-31,10,15,9
78055,Ralph Sampson,4,1984-01-31,1984-02-13,14,14,4
166,Ron Harper,3,1987-03-10,1987-03-23,14,14,8
17,Clyde Drexler,9,1990-04-06,1990-04-19,14,14,10
947,Allen Iverson,1,1997-11-12,1997-11-25,14,14,7
979,Jermaine O'Neal,7,2004-01-20,2004-02-02,14,14,7
977,Kobe Bryant,11,2014-04-23,2014-05-06,14,14,9
202326,DeMarcus Cousins,10,2015-03-24,2015-04-06,14,14,9
202695,Kawhi Leonard,17,2025-11-03,2025-11-16,14,14,10
1628369,Jayson Tatum,15,2026-03-06,2026-03-19,14,14,7
1630178,Tyrese Maxey,9,2026-04-24,2026-05-07,14,14,9
77459,Pete Maravich,1,1976-10-29,1976-11-11,13,14,1
1449,Larry Bird,4,1980-10-17,1980-10-30,13,14,8
1449,Larry Bird,6,1980-11-26,1980-12-09,13,14,9
77626,Sidney Moncrief,19,1984-12-08,1984-12-21,13,14,8
937,Scottie Pippen,12,1992-12-15,1992-12-28,13,14,9
2200,Pau Gasol,6,2009-03-29,2009-04-11,13,14,8
201142,Kevin Durant,8,2019-04-01,2019-04-14,11,14,8
77097,Dan Issel,4,1977-01-02,1977-01-14,13,13,7
921,Brad Daugherty,3,1992-02-21,1992-03-04,13,13,9
304,John Stockton,10,1992-12-10,1992-12-22,13,13,9
134,Kevin Johnson,20,1996-11-24,1996-12-06,13,13,9
201935,James Harden,5,2013-12-07,2013-12-19,13,13,8
1628378,Donovan Mitchell,1,2024-01-15,2024-01-27,13,13,10
78549,Gus Williams,1,1979-12-08,1979-12-20,12,13,8
393,Rod Strickland,5,1995-03-29,1995-04-10,12,13,9
1905,Andrei Kirilenko,5,2004-04-29,2004-05-11,12,13,10
201935,James Harden,4,2013-11-21,2013-12-03,12,13,7
76673,Alex English,9,1983-11-17,1983-11-29,11,13,8
78055,Ralph Sampson,1,1983-12-09,1983-12-21,11,13,6
56,Gary Payton,12,2002-04-09,2002-04-21,11,13,10
2200,Pau Gasol,3,2006-04-16,2006-04-28,11,13,10
1630162,Anthony Edwards,10,2025-05-07,2025-05-18,11,13,9
78318,Isiah Thomas,2,1981-11-21,1981-12-03,10,13,7
393,Rod Strickland,1,1994-12-22,1995-01-03,9,13,9
121,Patrick Ewing,10,1996-02-05,1996-02-17,9,13,10
1882,Elton Brand,17,2007-02-10,2007-02-22,9,13,9
134,Kevin Johnson,6,1992-03-03,1992-03-14,12,12,9
937,Scottie Pippen,6,1992-03-05,1992-03-16,12,12,9
406,Shaquille O'Neal,2,1993-03-23,1993-04-03,12,12,8
297,Alonzo Mourning,7,1994-03-13,1994-03-24,12,12,9
358,Anfernee Hardaway,5,1995-01-13,1995-01-24,12,12,9
101114,Deron Williams,12,2010-11-10,2010-11-21,12,12,10
201565,Derrick Rose,3,2010-12-05,2010-12-16,12,12,10
200746,LaMarcus Aldridge,18,2012-10-31,2012-11-11,12,12,7
203081,Damian Lillard,7,2017-12-01,2017-12-12,12,12,8
203081,Damian Lillard,24,2021-10-20,2021-10-31,12,12,6
1629627,Zion Williamson,8,2023-04-19,2023-04-30,12,12,10
77532,George McGinnis,6,1977-01-07,1977-01-18,11,12,6
17,Clyde Drexler,8,1990-03-23,1990-04-03,11,12,10
1122,Dominique Wilkins,18,1992-05-07,1992-05-17,11,12,10
1717,Dirk Nowitzki,4,2002-01-19,2002-01-30,11,12,8
2544,LeBron James,11,2023-11-18,2023-11-29,11,12,9
1630162,Anthony Edwards,13,2025-11-24,2025-12-05,11,12,7
600006,Earl Monroe,2,1976-11-05,1976-11-16,10,12,6
78055,Ralph Sampson,3,1984-01-14,1984-01-25,10,12,8
78404,Kiki Vandeweghe,2,1983-04-15,1983-04-26,9,12,9
17,Clyde Drexler,4,1987-04-18,1987-04-29,8,12,10
1628369,Jayson Tatum,9,2023-02-13,2023-02-24,6,12,8
77669,Calvin Murphy,1,1978-03-18,1978-03-28,11,11,9
78200,Randy Smith,9,1978-03-29,1978-04-08,11,11,8
77685,Larry Nance,6,1985-01-25,1985-02-04,11,11,10
17,Clyde Drexler,13,1991-01-04,1991-01-14,11,11,10
937,Scottie Pippen,8,1992-04-26,1992-05-06,11,11,9
297,Alonzo Mourning,2,1993-05-05,1993-05-15,11,11,9
297,Alonzo Mourning,15,1995-03-08,1995-03-18,11,11,10
121,Patrick Ewing,11,1996-02-23,1996-03-04,11,11,9
782,Mitch Richmond,3,1997-03-11,1997-03-21,11,11,9
947,Allen Iverson,10,2000-03-22,2000-04-01,11,11,10
2548,Dwyane Wade,3,2004-11-06,2004-11-16,11,11,7
2240,Gilbert Arenas,7,2007-10-31,2007-11-10,11,11,7
2397,Yao Ming,5,2008-11-16,2008-11-26,11,11,10
101114,Deron Williams,5,2009-03-04,2009-03-14,11,11,9
201566,Russell Westbrook,8,2013-01-29,2013-02-08,11,11,10
202331,Paul George,7,2015-12-05,2015-12-15,11,11,9
1641705,Victor Wembanyama,12,2026-01-14,2026-01-24,11,11,8
1453,Walter Davis,3,1978-03-07,1978-03-17,10,11,8
78310,Reggie Theus,2,1981-11-06,1981-11-15,10,11,9
1122,Dominique Wilkins,14,1991-12-17,1991-12-27,10,11,9
121,Patrick Ewing,29,1997-03-30,1997-04-09,10,11,7
203076,Anthony Davis,1,2013-11-20,2013-11-30,10,11,6
203076,Anthony Davis,3,2013-12-16,2013-12-26,10,11,8
2744,Al Jefferson,4,2014-11-19,2014-11-29,10,11,10
1630162,Anthony Edwards,3,2024-11-04,2024-11-14,10,11,9
76421,Doug Collins,3,1976-12-04,1976-12-14,9,11,9
78200,Randy Smith,5,1977-12-16,1977-12-26,9,11,6
78369,Kelly Tripucka,6,1982-03-14,1982-03-24,9,11,8
893,Michael Jordan,1,1984-11-21,1984-12-01,9,11,7
979,Jermaine O'Neal,10,2004-04-12,2004-04-22,9,11,10
2744,Al Jefferson,1,2014-04-12,2014-04-22,9,11,10
600014,Artis Gilmore,9,1981-11-20,1981-11-29,8,11,9
1630178,Tyrese Maxey,7,2026-04-08,2026-04-18,8,11,10
76204,Ron Boone,2,1977-02-06,1977-02-16,7,11,9
76673,Alex English,14,1985-01-08,1985-01-17,10,10,9
77626,Sidney Moncrief,22,1985-03-10,1985-03-19,10,10,9
926,Alvin Robertson,1,1986-01-22,1986-01-31,10,10,8
937,Scottie Pippen,4,1992-02-11,1992-02-20,10,10,9
1122,Dominique Wilkins,21,1994-02-23,1994-03-04,10,10,9
134,Kevin Johnson,14,1994-11-12,1994-11-21,10,10,9
134,Kevin Johnson,15,1994-11-23,1994-12-02,10,10,9
121,Patrick Ewing,8,1995-12-05,1995-12-14,10,10,9
210,Terrell Brandon,6,1997-01-25,1997-02-03,10,10,9
951,Ray Allen,1,2001-10-30,2001-11-08,10,10,9
1717,Dirk Nowitzki,2,2001-11-29,2001-12-08,10,10,9
467,Jason Kidd,10,2003-02-26,2003-03-07,10,10,9
1905,Andrei Kirilenko,2,2004-03-21,2004-03-30,10,10,8
1718,Paul Pierce,22,2006-03-10,2006-03-19,10,10,9
2546,Carmelo Anthony,4,2009-11-27,2009-12-06,10,10,10
101108,Chris Paul,18,2017-12-13,2017-12-22,10,10,9
202681,Kyrie Irving,12,2019-10-23,2019-11-01,10,10,7
203076,Anthony Davis,10,2021-10-19,2021-10-28,10,10,6
202710,Jimmy Butler III,28,2024-03-21,2024-03-30,10,10,8
76054,Nate Archibald,11,1977-03-30,1977-04-08,9,10,8
77626,Sidney Moncrief,1,1981-12-01,1981-12-10,9,10,9
76003,Kareem Abdul-Jabbar,10,1984-12-02,1984-12-11,9,10,8
185,Chris Webber,6,1997-03-22,1997-03-30,9,10,10
202326,DeMarcus Cousins,2,2014-12-21,2014-12-30,9,10,10
202331,Paul George,5,2015-11-18,2015-11-27,9,10,10
2544,LeBron James,18,2025-11-18,2025-11-26,9,10,8
77669,Calvin Murphy,4,1978-11-12,1978-11-21,8,10,10
78549,Gus Williams,3,1979-12-30,1980-01-08,8,10,9
78369,Kelly Tripucka,2,1981-12-19,1981-12-28,8,10,9
77685,Larry Nance,4,1984-12-16,1984-12-25,8,10,9
937,Scottie Pippen,3,1991-12-28,1992-01-06,8,10,9
76598,John Drew,7,1979-01-28,1979-02-06,7,10,9
17,Clyde Drexler,12,1990-12-23,1990-12-30,7,10,9
17,Clyde Drexler,16,1993-02-15,1993-02-24,6,10,10
1628369,Jayson Tatum,4,2022-05-23,2022-05-29,6,10,9
203076,Anthony Davis,18,2022-05-26,2022-06-02,4,10,10
78200,Randy Smith,8,1978-03-14,1978-03-22,9,9,9
78149,Jack Sikma,4,1982-03-05,1982-03-13,9,9,9
76681,Julius Erving,31,1984-02-22,1984-03-01,9,9,10
121,Patrick Ewing,4,1989-11-29,1989-12-07,9,9,10
17,Clyde Drexler,6,1990-03-07,1990-03-15,9,9,10
1122,Dominique Wilkins,13,1991-12-05,1991-12-13,9,9,9
77142,Magic Johnson,15,1996-05-03,1996-05-11,9,9,10
134,Kevin Johnson,23,1997-02-26,1997-03-06,9,9,8
779,Glen Rice,1,1997-12-10,1997-12-18,9,9,9
1882,Elton Brand,1,2000-01-24,2000-02-01,9,9,9
1718,Paul Pierce,2,2001-03-18,2001-03-26,9,9,10
2405,Amar'e Stoudemire,1,2004-11-17,2004-11-25,9,9,8
406,Shaquille O'Neal,9,2005-11-16,2005-11-24,9,9,10
1713,Vince Carter,12,2006-02-01,2006-02-09,9,9,10
1497,Chauncey Billups,4,2006-03-17,2006-03-25,9,9,9
2200,Pau Gasol,5,2009-03-15,2009-03-23,9,9,10
2225,Tony Parker,5,2009-10-28,2009-11-05,9,9,10
200750,Brandon Roy,10,2010-03-24,2010-04-01,9,9,8
201566,Russell Westbrook,3,2012-11-12,2012-11-20,9,9,10
201566,Russell Westbrook,4,2012-11-26,2012-12-04,9,9,10
1628369,Jayson Tatum,7,2022-12-25,2023-01-02,9,9,8
2544,LeBron James,16,2024-12-06,2024-12-14,9,9,10
1629627,Zion Williamson,12,2025-10-22,2025-10-30,9,9,9
1630595,Cade Cunningham,5,2026-03-20,2026-03-28,9,9,10
77710,Mike Newlin,1,1976-10-21,1976-10-29,8,9,3
77532,George McGinnis,4,1976-12-14,1976-12-22,8,9,7
77097,Dan Issel,6,1977-01-24,1977-02-01,8,9,7
600014,Artis Gilmore,8,1979-11-02,1979-11-10,8,9,10
76362,Bill Cartwright,2,1979-12-20,1979-12-28,8,9,3
78369,Kelly Tripucka,5,1982-01-13,1982-01-21,8,9,9
78149,Jack Sikma,1,1982-02-05,1982-02-13,8,9,10
77626,Sidney Moncrief,4,1982-02-19,1982-02-27,8,9,10
76681,Julius Erving,26,1983-11-30,1983-12-08,8,9,10
76681,Julius Erving,34,1984-03-19,1984-03-27,8,9,9
1450,Kevin McHale,4,1985-12-18,1985-12-26,8,9,10
297,Alonzo Mourning,26,1998-03-27,1998-04-04,8,9,10
947,Allen Iverson,14,2000-12-16,2000-12-23,8,9,9
200746,LaMarcus Aldridge,16,2012-04-20,2012-04-28,8,9,10
203081,Damian Lillard,30,2023-12-18,2023-12-26,8,9,8
1630178,Tyrese Maxey,4,2025-12-20,2025-12-28,8,9,8
203076,Anthony Davis,27,2025-12-21,2025-12-29,8,9,7
78450,Bill Walton,4,1977-04-03,1977-04-10,7,9,9
76804,George Gervin,10,1977-12-07,1977-12-14,7,9,7
1453,Walter Davis,11,1979-04-22,1979-04-29,6,9,10
134,Kevin Johnson,18,1996-04-17,1996-04-25,6,9,9
121,Patrick Ewing,16,1996-06-05,1996-06-12,4,9,10
1453,Walter Davis,4,1978-03-23,1978-03-30,8,8,9
76673,Alex English,17,1985-03-02,1985-03-09,8,8,10
134,Kevin Johnson,5,1992-02-22,1992-02-29,8,8,10
304,John Stockton,22,1996-03-05,1996-03-12,8,8,9
121,Patrick Ewing,19,1996-11-16,1996-11-23,8,8,10
1713,Vince Carter,2,1999-04-08,1999-04-15,8,8,8
1713,Vince Carter,4,1999-12-07,1999-12-14,8,8,8
1503,Tracy McGrady,1,2000-12-25,2001-01-01,8,8,9
1884,Baron Davis,1,2004-04-04,2004-04-11,8,8,10
2547,Chris Bosh,1,2007-04-04,2007-04-11,8,8,10
200750,Brandon Roy,3,2009-01-04,2009-01-11,8,8,10
201933,Blake Griffin,2,2011-03-01,2011-03-08,8,8,6
200746,LaMarcus Aldridge,21,2014-01-30,2014-02-06,8,8,10
202326,DeMarcus Cousins,7,2015-02-25,2015-03-04,8,8,10
200746,LaMarcus Aldridge,29,2015-03-16,2015-03-23,8,8,10
202710,Jimmy Butler III,18,2022-12-08,2022-12-15,8,8,9
1629627,Zion Williamson,6,2023-02-25,2023-03-04,8,8,10
202695,Kawhi Leonard,15,2025-01-04,2025-01-11,8,8,10
1627734,Domantas Sabonis,5,2025-01-21,2025-01-28,8,8,10
1628973,Jalen Brunson,10,2025-02-03,2025-02-10,8,8,9
1628973,Jalen Brunson,14,2025-04-21,2025-04-28,8,8,9
202695,Kawhi Leonard,18,2025-12-30,2026-01-06,8,8,8
77876,Kevin Porter,1,1976-10-21,1976-10-28,7,8,1
600014,Artis Gilmore,7,1979-10-23,1979-10-30,7,8,9
78418,Jay Vincent,2,1982-03-08,1982-03-14,7,8,9
77626,Sidney Moncrief,9,1982-12-11,1982-12-18,7,8,10
78549,Gus Williams,12,1983-11-09,1983-11-16,7,8,8
187,Terry Cummings,5,1984-12-22,1984-12-29,7,8,9
77449,Moses Malone,15,1987-03-24,1987-03-31,7,8,10
2548,Dwyane Wade,1,2003-12-21,2003-12-28,7,8,7
1717,Dirk Nowitzki,18,2012-12-23,2012-12-30,7,8,9
202710,Jimmy Butler III,19,2022-12-17,2022-12-23,7,8,9
202695,Kawhi Leonard,10,2023-04-01,2023-04-08,7,8,10
76504,Adrian Dantley,9,1977-12-27,1978-01-03,6,8,9
2200,Pau Gasol,7,2009-04-13,2009-04-20,6,8,10
1630162,Anthony Edwards,8,2025-04-13,2025-04-20,6,8,10
304,John Stockton,11,1992-12-28,1993-01-03,5,8,9
185,Chris Webber,11,1998-04-18,1998-04-25,5,8,10
600014,Artis Gilmore,13,1982-01-28,1982-02-04,4,8,10
76673,Alex English,15,1985-02-06,1985-02-13,4,8,10
76726,Sleepy Floyd,3,1987-02-05,1987-02-12,4,8,10
84,Latrell Sprewell,2,1994-02-09,1994-02-16,4,8,8
201565,Derrick Rose,12,2014-02-11,2014-02-18,4,8,10
202710,Jimmy Butler III,6,2017-02-15,2017-02-16,2,8,10
76598,John Drew,2,1976-10-26,1976-11-01,7,7,3
600014,Artis Gilmore,2,1977-10-18,1977-10-24,7,7,3
77290,Billy Knight,3,1977-11-26,1977-12-02,7,7,7
600014,Artis Gilmore,6,1979-10-13,1979-10-19,7,7,8
77142,Magic Johnson,1,1979-11-11,1979-11-17,7,7,7
78500,Paul Westphal,15,1979-12-01,1979-12-07,7,7,9
1122,Dominique Wilkins,22,1994-03-06,1994-03-12,7,7,9
1122,Dominique Wilkins,24,1994-11-04,1994-11-10,7,7,9
358,Anfernee Hardaway,4,1995-01-04,1995-01-10,7,7,9
17,Clyde Drexler,22,1995-01-17,1995-01-23,7,7,10
304,John Stockton,19,1995-11-15,1995-11-21,7,7,10
121,Patrick Ewing,18,1996-11-07,1996-11-13,7,7,9
947,Allen Iverson,2,1997-11-28,1997-12-04,7,7,9
896,Tim Hardaway,7,1999-02-17,1999-02-23,7,7,8
1882,Elton Brand,6,2000-12-09,2000-12-15,7,7,9
252,Karl Malone,5,2002-01-05,2002-01-11,7,7,10
1717,Dirk Nowitzki,7,2002-02-24,2002-03-02,7,7,9
1718,Paul Pierce,11,2002-12-04,2002-12-10,7,7,10
467,Jason Kidd,11,2003-10-31,2003-11-06,7,7,9
979,Jermaine O'Neal,5,2004-01-03,2004-01-09,7,7,9
1905,Andrei Kirilenko,7,2004-11-03,2004-11-09,7,7,9
406,Shaquille O'Neal,8,2005-11-02,2005-11-08,7,7,10
1718,Paul Pierce,17,2005-11-09,2005-11-15,7,7,10
2200,Pau Gasol,1,2006-03-26,2006-04-01,7,7,10
1497,Chauncey Billups,6,2006-04-09,2006-04-15,7,7,10
2546,Carmelo Anthony,2,2007-10-31,2007-11-06,7,7,9
2546,Carmelo Anthony,3,2007-11-09,2007-11-15,7,7,9
200750,Brandon Roy,5,2009-01-26,2009-02-01,7,7,9
977,Kobe Bryant,5,2011-12-25,2011-12-31,7,7,9
201565,Derrick Rose,8,2013-12-27,2014-01-02,7,7,9
202326,DeMarcus Cousins,5,2015-01-21,2015-01-27,7,7,10
201933,Blake Griffin,14,2015-03-29,2015-04-04,7,7,9
1626157,Karl-Anthony Towns,8,2019-01-09,2019-01-15,7,7,8
202331,Paul George,13,2019-02-26,2019-03-04,7,7,10
201939,Stephen Curry,18,2021-01-20,2021-01-26,7,7,10
203076,Anthony Davis,12,2022-01-12,2022-01-18,7,7,10
1630162,Anthony Edwards,14,2025-12-08,2025-12-14,7,7,10
76598,John Drew,3,1976-11-06,1976-11-12,6,7,4
77498,Bob McAdoo,4,1977-01-30,1977-02-05,6,7,7
76804,George Gervin,3,1977-02-01,1977-02-06,6,7,8
78500,Paul Westphal,11,1978-10-13,1978-10-19,6,7,9
76736,Phil Ford,4,1981-10-30,1981-11-05,6,7,10
76681,Julius Erving,28,1984-01-10,1984-01-15,6,7,9
77449,Moses Malone,7,1985-10-26,1985-11-01,6,7,6
904,Chris Mullin,5,1991-12-18,1991-12-23,6,7,9
252,Karl Malone,6,2002-01-14,2002-01-19,6,7,9
1890,Shawn Marion,8,2003-12-19,2003-12-25,6,7,9
2397,Yao Ming,6,2008-12-22,2008-12-28,6,7,9
200746,LaMarcus Aldridge,6,2011-03-30,2011-04-05,6,7,10
203076,Anthony Davis,16,2022-04-26,2022-05-02,6,7,10
77246,Larry Kenon,1,1976-12-26,1977-01-01,5,7,7
1450,Kevin McHale,12,1988-12-27,1989-01-02,5,7,10
185,Chris Webber,1,1996-12-28,1997-01-03,5,7,10
2216,Zach Randolph,1,2011-04-09,2011-04-13,5,7,9
1629627,Zion Williamson,7,2023-04-09,2023-04-15,5,7,10
76681,Julius Erving,15,1978-04-09,1978-04-14,4,7,10
77876,Kevin Porter,4,1979-04-08,1979-04-13,4,7,10
77876,Kevin Porter,6,1979-05-01,1979-05-06,4,7,10
1122,Dominique Wilkins,17,1992-04-19,1992-04-25,4,7,9
101114,Deron Williams,2,2009-02-11,2009-02-17,3,7,10
76054,Nate Archibald,7,1977-02-20,1977-02-25,6,6,10
76504,Adrian Dantley,3,1977-03-11,1977-03-16,6,6,7
600014,Artis Gilmore,3,1977-10-26,1977-10-31,6,6,10
77097,Dan Issel,9,1980-01-19,1980-01-24,6,6,10
78041,Jeff Ruland,1,1983-03-30,1983-04-04,6,6,10
78055,Ralph Sampson,2,1984-01-06,1984-01-11,6,6,10
76681,Julius Erving,32,1984-03-03,1984-03-08,6,6,9
76016,Mark Aguirre,5,1984-10-27,1984-11-01,6,6,9
76003,Kareem Abdul-Jabbar,9,1984-11-15,1984-11-20,6,6,10
165,Hakeem Olajuwon,1,1985-01-19,1985-01-24,6,6,10
77376,Lafayette Lever,5,1988-05-16,1988-05-21,6,6,10
393,Rod Strickland,2,1995-01-11,1995-01-16,6,6,9
17,Clyde Drexler,25,1995-02-18,1995-02-23,6,6,10
358,Anfernee Hardaway,7,1995-03-02,1995-03-07,6,6,10
297,Alonzo Mourning,21,1995-11-04,1995-11-09,6,6,8
77142,Magic Johnson,14,1996-04-26,1996-05-01,6,6,9
134,Kevin Johnson,19,1996-04-27,1996-05-02,6,6,10
185,Chris Webber,2,1997-01-07,1997-01-12,6,6,10
431,Shawn Kemp,12,1997-01-19,1997-01-24,6,6,10
297,Alonzo Mourning,30,1999-02-05,1999-02-10,6,6,10
1882,Elton Brand,4,2000-11-28,2000-12-03,6,6,10
1882,Elton Brand,9,2001-01-24,2001-01-29,6,6,8
1503,Tracy McGrady,3,2001-01-27,2001-02-01,6,6,9
56,Gary Payton,10,2002-01-31,2002-02-05,6,6,9
467,Jason Kidd,7,2003-01-30,2003-02-04,6,6,10
979,Jermaine O'Neal,8,2004-02-22,2004-02-27,6,6,10
979,Jermaine O'Neal,17,2005-02-07,2005-02-12,6,6,10
1495,Tim Duncan,4,2006-03-11,2006-03-16,6,6,10
101114,Deron Williams,3,2009-02-20,2009-02-25,6,6,10
2200,Pau Gasol,11,2009-12-26,2009-12-31,6,6,10
2200,Pau Gasol,15,2010-02-26,2010-03-03,6,6,10
200746,LaMarcus Aldridge,4,2011-03-05,2011-03-10,6,6,9
200746,LaMarcus Aldridge,14,2012-03-09,2012-03-14,6,6,9
201565,Derrick Rose,9,2014-01-04,2014-01-09,6,6,10
202331,Paul George,10,2016-11-01,2016-11-06,6,6,10
203081,Damian Lillard,12,2019-01-16,2019-01-21,6,6,10
203081,Damian Lillard,15,2019-04-15,2019-04-20,6,6,10
201939,Stephen Curry,11,2019-10-24,2019-10-29,6,6,9
203081,Damian Lillard,19,2019-11-30,2019-12-05,6,6,10
2544,LeBron James,13,2024-03-16,2024-03-21,6,6,9
2544,LeBron James,14,2024-03-23,2024-03-28,6,6,9
1628973,Jalen Brunson,7,2024-12-28,2025-01-02,6,6,10
1628973,Jalen Brunson,8,2025-01-15,2025-01-20,6,6,10
1628973,Jalen Brunson,15,2025-05-01,2025-05-06,6,6,10
76500,Bob Dandridge,1,1976-10-24,1976-10-29,5,6,8
76054,Nate Archibald,2,1976-11-05,1976-11-10,5,6,7
78326,David Thompson,4,1976-12-29,1977-01-03,5,6,7
1453,Walter Davis,7,1978-11-02,1978-11-07,5,6,9
77449,Moses Malone,3,1980-03-22,1980-03-27,5,6,9
78318,Isiah Thomas,1,1981-11-12,1981-11-17,5,6,9
77626,Sidney Moncrief,2,1981-12-13,1981-12-18,5,6,9
78318,Isiah Thomas,11,1984-04-11,1984-04-15,5,6,10
77626,Sidney Moncrief,12,1984-04-18,1984-04-22,5,6,10
76673,Alex English,16,1985-02-16,1985-02-20,5,6,9
77626,Sidney Moncrief,25,1985-12-06,1985-12-11,5,6,10
121,Patrick Ewing,2,1989-11-16,1989-11-21,5,6,10
134,Kevin Johnson,10,1992-11-21,1992-11-25,5,6,9
210,Terrell Brandon,3,1996-12-22,1996-12-27,5,6,9
979,Jermaine O'Neal,11,2004-05-12,2004-05-16,5,6,9
201565,Derrick Rose,4,2010-12-21,2010-12-26,5,6,10
201565,Derrick Rose,7,2013-12-20,2013-12-25,5,6,10
202710,Jimmy Butler III,26,2023-11-30,2023-12-05,5,6,10
76979,Elvin Hayes,2,1976-12-23,1976-12-28,4,6,7
78450,Bill Walton,6,1977-04-20,1977-04-24,4,6,8
78549,Gus Williams,9,1983-04-20,1983-04-24,4,6,10
904,Chris Mullin,6,1991-12-27,1991-12-30,4,6,9
77376,Lafayette Lever,3,1988-04-23,1988-04-28,3,6,10
121,Patrick Ewing,14,1996-04-21,1996-04-26,3,6,9
121,Patrick Ewing,6,1990-02-07,1990-02-08,2,6,10
1717,Dirk Nowitzki,5,2002-02-06,2002-02-07,2,6,10
1890,Shawn Marion,3,2003-02-05,2003-02-06,2,6,10
1718,Paul Pierce,20,2006-02-15,2006-02-16,2,6,10
2547,Chris Bosh,5,2008-02-13,2008-02-14,2,6,10
76681,Julius Erving,21,1979-03-20,1979-03-24,5,5,9
76673,Alex English,3,1982-01-23,1982-01-27,5,5,10
77626,Sidney Moncrief,5,1982-03-03,1982-03-07,5,5,9
78318,Isiah Thomas,5,1984-02-14,1984-02-18,5,5,10
78318,Isiah Thomas,9,1984-03-29,1984-04-02,5,5,9
77626,Sidney Moncrief,17,1984-11-03,1984-11-07,5,5,10
1450,Kevin McHale,6,1986-03-16,1986-03-20,5,5,10
904,Chris Mullin,1,1989-11-09,1989-11-13,5,5,10
134,Kevin Johnson,7,1992-03-17,1992-03-21,5,5,9
358,Anfernee Hardaway,3,1994-12-16,1994-12-20,5,5,10
255,Grant Hill,3,1995-11-10,1995-11-14,5,5,8
937,Scottie Pippen,14,1996-02-18,1996-02-22,5,5,10
358,Anfernee Hardaway,11,1997-01-02,1997-01-06,5,5,9
121,Patrick Ewing,28,1997-03-07,1997-03-11,5,5,9
708,Kevin Garnett,1,1999-03-12,1999-03-16,5,5,10
708,Kevin Garnett,2,1999-04-03,1999-04-07,5,5,9
764,David Robinson,7,2000-03-14,2000-03-18,5,5,10
947,Allen Iverson,11,2000-11-07,2000-11-11,5,5,10
1718,Paul Pierce,5,2002-01-21,2002-01-25,5,5,9
252,Karl Malone,7,2002-01-23,2002-01-27,5,5,8
893,Michael Jordan,9,2002-03-03,2002-03-07,5,5,9
467,Jason Kidd,4,2002-11-29,2002-12-03,5,5,7
252,Karl Malone,11,2003-02-15,2003-02-19,5,5,10
252,Karl Malone,12,2003-02-21,2003-02-25,5,5,10
406,Shaquille O'Neal,10,2005-11-27,2005-12-01,5,5,9
2240,Gilbert Arenas,1,2006-02-10,2006-02-14,5,5,10
1503,Tracy McGrady,13,2007-03-18,2007-03-22,5,5,9
2397,Yao Ming,9,2009-01-21,2009-01-25,5,5,10
101114,Deron Williams,6,2009-03-24,2009-03-28,5,5,10
2546,Carmelo Anthony,6,2010-01-06,2010-01-10,5,5,10
202326,DeMarcus Cousins,13,2015-11-30,2015-12-04,5,5,9
202326,DeMarcus Cousins,15,2016-01-23,2016-01-27,5,5,9
202331,Paul George,9,2016-10-26,2016-10-30,5,5,9
101108,Chris Paul,17,2017-12-07,2017-12-11,5,5,9
203954,Joel Embiid,17,2021-02-03,2021-02-07,5,5,10
201939,Stephen Curry,24,2023-01-03,2023-01-07,5,5,10
202695,Kawhi Leonard,8,2023-01-12,2023-01-16,5,5,10
203076,Anthony Davis,21,2023-03-05,2023-03-09,5,5,7
202695,Kawhi Leonard,12,2023-10-25,2023-10-29,5,5,6
1628973,Jalen Brunson,1,2024-03-16,2024-03-20,5,5,9
1628973,Jalen Brunson,3,2024-03-29,2024-04-02,5,5,9
1628378,Donovan Mitchell,6,2024-11-15,2024-11-19,5,5,9
202710,Jimmy Butler III,31,2024-11-21,2024-11-25,5,5,10
1630178,Tyrese Maxey,2,2025-11-19,2025-11-23,5,5,10
76970,John Havlicek,1,1976-10-21,1976-10-24,4,5,4
76272,Fred Brown,3,1976-12-30,1977-01-03,4,5,9
600006,Earl Monroe,6,1977-01-16,1977-01-20,4,5,9
76681,Julius Erving,10,1977-03-31,1977-04-03,4,5,7
76462,Dave Cowens,2,1978-01-29,1978-02-02,4,5,9
600005,Bob Lanier,5,1979-03-04,1979-03-08,4,5,10
1453,Walter Davis,13,1979-10-28,1979-11-01,4,5,9
76673,Alex English,8,1983-11-04,1983-11-08,4,5,10
187,Terry Cummings,4,1983-11-17,1983-11-20,4,5,8
76673,Alex English,13,1984-12-30,1985-01-03,4,5,9
76003,Kareem Abdul-Jabbar,14,1985-10-26,1985-10-30,4,5,9
76003,Kareem Abdul-Jabbar,18,1986-05-08,1986-05-11,4,5,10
304,John Stockton,9,1992-12-03,1992-12-06,4,5,10
921,Brad Daugherty,7,1992-12-23,1992-12-27,4,5,10
978,Peja Stojakovic,3,2003-12-29,2004-01-02,4,5,9
2430,Carlos Boozer,2,2007-12-23,2007-12-27,4,5,10
1882,Elton Brand,23,2008-04-05,2008-04-09,4,5,10
202681,Kyrie Irving,14,2020-08-14,2020-08-18,4,5,10
1628973,Jalen Brunson,6,2024-12-20,2024-12-23,4,5,9
1453,Walter Davis,10,1979-04-15,1979-04-18,3,5,10
1628369,Jayson Tatum,5,2022-06-05,2022-06-08,2,5,10
76681,Julius Erving,29,1984-01-26,1984-01-26,1,5,10
600006,Earl Monroe,1,1976-10-30,1976-11-02,4,4,8
76054,Nate Archibald,3,1976-11-17,1976-11-20,4,4,8
600013,Rick Barry,3,1976-11-30,1976-12-03,4,4,7
600006,Earl Monroe,5,1977-01-04,1977-01-07,4,4,8
76681,Julius Erving,5,1977-01-08,1977-01-11,4,4,6
77498,Bob McAdoo,3,1977-01-25,1977-01-28,4,4,7
76054,Nate Archibald,9,1977-03-04,1977-03-07,4,4,9
76011,Alvan Adams,2,1977-10-18,1977-10-21,4,4,4
78500,Paul Westphal,5,1978-01-10,1978-01-13,4,4,10
78500,Paul Westphal,7,1978-03-01,1978-03-04,4,4,10
78500,Paul Westphal,9,1978-03-31,1978-04-03,4,4,10
77487,Cedric Maxwell,1,1979-01-20,1979-01-23,4,4,6
77487,Cedric Maxwell,5,1979-10-24,1979-10-27,4,4,10
1453,Walter Davis,17,1980-01-15,1980-01-18,4,4,10
77160,Marques Johnson,5,1980-10-10,1980-10-13,4,4,10
78500,Paul Westphal,18,1980-11-22,1980-11-25,4,4,10
76753,World Free,3,1981-11-17,1981-11-20,4,4,9
78369,Kelly Tripucka,7,1982-03-26,1982-03-29,4,4,10
76003,Kareem Abdul-Jabbar,2,1982-12-19,1982-12-22,4,4,9
78404,Kiki Vandeweghe,1,1983-03-16,1983-03-19,4,4,10
187,Terry Cummings,6,1985-01-04,1985-01-07,4,4,10
77626,Sidney Moncrief,23,1985-04-24,1985-04-27,4,4,10
77449,Moses Malone,10,1985-11-29,1985-12-02,4,4,10
252,Karl Malone,2,1987-11-20,1987-11-23,4,4,9
77376,Lafayette Lever,1,1987-11-24,1987-11-27,4,4,9
1450,Kevin McHale,9,1988-04-19,1988-04-22,4,4,9
1449,Larry Bird,10,1990-03-16,1990-03-19,4,4,10
921,Brad Daugherty,1,1991-12-14,1991-12-17,4,4,9
304,John Stockton,12,1993-02-11,1993-02-14,4,4,10
913,Larry Johnson,5,1993-03-19,1993-03-22,4,4,10
304,John Stockton,13,1993-11-26,1993-11-29,4,4,10
84,Latrell Sprewell,1,1994-01-31,1994-02-03,4,4,8
934,Derrick Coleman,5,1994-02-05,1994-02-08,4,4,9
934,Derrick Coleman,7,1994-02-19,1994-02-22,4,4,9
358,Anfernee Hardaway,1,1994-12-03,1994-12-06,4,4,9
134,Kevin Johnson,17,1994-12-12,1994-12-15,4,4,10
297,Alonzo Mourning,16,1995-03-22,1995-03-25,4,4,10
304,John Stockton,16,1995-05-09,1995-05-12,4,4,10
304,John Stockton,20,1995-11-24,1995-11-27,4,4,10
121,Patrick Ewing,17,1996-11-01,1996-11-04,4,4,8
782,Mitch Richmond,2,1997-03-05,1997-03-08,4,4,9
947,Allen Iverson,4,1997-12-15,1997-12-18,4,4,9
947,Allen Iverson,5,1998-03-18,1998-03-21,4,4,10
896,Tim Hardaway,6,1999-02-11,1999-02-14,4,4,10
121,Patrick Ewing,32,1999-02-24,1999-02-27,4,4,10
185,Chris Webber,13,1999-12-17,1999-12-20,4,4,10
947,Allen Iverson,8,2000-03-10,2000-03-13,4,4,10
255,Grant Hill,7,2001-01-02,2001-01-05,4,4,10
1890,Shawn Marion,1,2001-03-07,2001-03-10,4,4,10
56,Gary Payton,13,2002-04-23,2002-04-26,4,4,10
1718,Paul Pierce,10,2002-11-27,2002-11-30,4,4,9
467,Jason Kidd,5,2002-12-11,2002-12-14,4,4,10
467,Jason Kidd,8,2003-02-12,2003-02-15,4,4,9
252,Karl Malone,14,2003-10-28,2003-10-31,4,4,6
1905,Andrei Kirilenko,4,2004-04-23,2004-04-26,4,4,10
947,Allen Iverson,20,2004-11-26,2004-11-29,4,4,10
1718,Paul Pierce,21,2006-03-03,2006-03-06,4,4,9
1497,Chauncey Billups,3,2006-03-07,2006-03-10,4,4,10
2240,Gilbert Arenas,4,2007-02-07,2007-02-10,4,4,9
2547,Chris Bosh,3,2008-01-19,2008-01-22,4,4,10
2547,Chris Bosh,6,2008-02-20,2008-02-23,4,4,10
201565,Derrick Rose,1,2010-11-22,2010-11-25,4,4,10
201565,Derrick Rose,2,2010-11-27,2010-11-30,4,4,10
201567,Kevin Love,2,2011-03-09,2011-03-12,4,4,9
200746,LaMarcus Aldridge,9,2011-04-23,2011-04-26,4,4,10
201566,Russell Westbrook,1,2012-03-31,2012-04-03,4,4,10
200746,LaMarcus Aldridge,17,2012-05-14,2012-05-17,4,4,10
201566,Russell Westbrook,6,2012-12-19,2012-12-22,4,4,10
201566,Russell Westbrook,9,2013-02-10,2013-02-13,4,4,10
101114,Deron Williams,17,2013-10-30,2013-11-02,4,4,10
203076,Anthony Davis,2,2013-12-04,2013-12-07,4,4,9
977,Kobe Bryant,12,2014-10-28,2014-10-31,4,4,3
202326,DeMarcus Cousins,4,2015-01-13,2015-01-16,4,4,10
200746,LaMarcus Aldridge,26,2015-02-21,2015-02-24,4,4,10
202326,DeMarcus Cousins,8,2015-03-07,2015-03-10,4,4,10
202331,Paul George,6,2015-11-29,2015-12-02,4,4,9
202710,Jimmy Butler III,10,2017-10-18,2017-10-21,4,4,8
202326,DeMarcus Cousins,22,2017-12-06,2017-12-09,4,4,8
202326,DeMarcus Cousins,24,2018-01-01,2018-01-04,4,4,10
201939,Stephen Curry,8,2019-03-31,2019-04-03,4,4,8
202681,Kyrie Irving,13,2019-11-04,2019-11-07,4,4,9
203081,Damian Lillard,20,2019-12-08,2019-12-11,4,4,9
203954,Joel Embiid,13,2020-12-29,2021-01-01,4,4,9
201939,Stephen Curry,17,2021-01-14,2021-01-17,4,4,10
203954,Joel Embiid,16,2021-01-29,2021-02-01,4,4,10
1628369,Jayson Tatum,2,2022-03-21,2022-03-24,4,4,10
201939,Stephen Curry,22,2022-12-09,2022-12-12,4,4,10
202710,Jimmy Butler III,22,2023-01-08,2023-01-11,4,4,9
1630162,Anthony Edwards,1,2024-10-22,2024-10-25,4,4,5
1627734,Domantas Sabonis,2,2024-12-19,2024-12-22,4,4,9
1630162,Anthony Edwards,11,2025-05-22,2025-05-25,4,4,8
1630595,Cade Cunningham,1,2025-11-28,2025-12-01,4,4,10
1641705,Victor Wembanyama,10,2026-01-05,2026-01-08,4,4,9
1628973,Jalen Brunson,19,2026-01-07,2026-01-10,4,4,9
76166,Dave Bing,2,1976-10-23,1976-10-26,3,4,8
600006,Earl Monroe,3,1976-11-26,1976-11-28,3,4,8
76272,Fred Brown,2,1976-12-03,1976-12-05,3,4,6
76979,Elvin Hayes,1,1976-12-17,1976-12-19,3,4,10
76681,Julius Erving,3,1976-12-21,1976-12-23,3,4,7
76504,Adrian Dantley,4,1977-03-20,1977-03-23,3,4,10
78500,Paul Westphal,8,1978-03-10,1978-03-12,3,4,10
600005,Bob Lanier,3,1979-02-11,1979-02-14,3,4,9
78549,Gus Williams,2,1979-12-22,1979-12-25,3,4,10
600014,Artis Gilmore,10,1981-12-04,1981-12-06,3,4,10
76003,Kareem Abdul-Jabbar,15,1985-11-02,1985-11-05,3,4,9
77449,Moses Malone,13,1986-11-25,1986-11-28,3,4,10
78318,Isiah Thomas,17,1986-11-29,1986-12-02,3,4,10
304,John Stockton,8,1992-11-27,1992-11-29,3,4,10
1497,Chauncey Billups,5,2006-04-02,2006-04-05,3,4,10
203999,Nikola Jokic,6,2020-09-20,2020-09-23,3,4,10
1449,Larry Bird,2,1980-04-02,1980-04-04,2,4,10
202710,Jimmy Butler III,34,2024-12-16,2024-12-19,2,4,10
77420,Maurice Lucas,2,1977-02-11,1977-02-11,1,4,9
76598,John Drew,1,1976-10-21,1976-10-23,3,3,7
77532,George McGinnis,1,1976-10-30,1976-11-01,3,3,8
600013,Rick Barry,2,1976-11-03,1976-11-05,3,3,7
76054,Nate Archibald,6,1977-02-08,1977-02-10,3,3,10
76804,George Gervin,5,1977-02-17,1977-02-19,3,3,10
76681,Julius Erving,8,1977-03-03,1977-03-05,3,3,8
76598,John Drew,4,1977-03-08,1977-03-10,3,3,9
78450,Bill Walton,3,1977-03-17,1977-03-19,3,3,9
76054,Nate Archibald,10,1977-03-24,1977-03-26,3,3,10
76804,George Gervin,7,1977-10-19,1977-10-21,3,3,5
78200,Randy Smith,7,1978-02-25,1978-02-27,3,3,10
77993,Truck Robinson,1,1979-01-02,1979-01-04,3,3,9
76736,Phil Ford,2,1979-03-13,1979-03-15,3,3,10
77487,Cedric Maxwell,4,1979-10-20,1979-10-22,3,3,10
78500,Paul Westphal,16,1979-12-11,1979-12-13,3,3,10
77097,Dan Issel,10,1980-01-26,1980-01-28,3,3,10
77142,Magic Johnson,6,1980-03-16,1980-03-18,3,3,9
77952,Micheal Ray Richardson,1,1980-10-14,1980-10-16,3,3,10
78500,Paul Westphal,19,1980-12-10,1980-12-12,3,3,10
78369,Kelly Tripucka,3,1982-01-05,1982-01-07,3,3,9
78369,Kelly Tripucka,4,1982-01-09,1982-01-11,3,3,10
76673,Alex English,5,1982-11-30,1982-12-02,3,3,9
77626,Sidney Moncrief,11,1984-04-07,1984-04-09,3,3,9
77626,Sidney Moncrief,13,1984-04-26,1984-04-28,3,3,9
77685,Larry Nance,2,1984-12-05,1984-12-07,3,3,10
76003,Kareem Abdul-Jabbar,11,1984-12-13,1984-12-15,3,3,10
77685,Larry Nance,7,1985-03-20,1985-03-22,3,3,10
165,Hakeem Olajuwon,5,1985-04-04,1985-04-06,3,3,9
76003,Kareem Abdul-Jabbar,16,1985-11-07,1985-11-09,3,3,10
1450,Kevin McHale,3,1985-12-03,1985-12-05,3,3,10
76504,Adrian Dantley,13,1987-02-01,1987-02-03,3,3,10
78318,Isiah Thomas,18,1987-05-23,1987-05-25,3,3,10
77264,Bernard King,6,1987-11-21,1987-11-23,3,3,9
78404,Kiki Vandeweghe,11,1987-11-24,1987-11-26,3,3,10
252,Karl Malone,3,1987-11-27,1987-11-29,3,3,9
76726,Sleepy Floyd,4,1987-11-28,1987-11-30,3,3,9
134,Kevin Johnson,4,1991-12-14,1991-12-16,3,3,10
937,Scottie Pippen,11,1992-12-09,1992-12-11,3,3,9
921,Brad Daugherty,6,1992-12-12,1992-12-14,3,3,10
913,Larry Johnson,2,1993-01-05,1993-01-07,3,3,10
896,Tim Hardaway,3,1993-01-09,1993-01-11,3,3,10
297,Alonzo Mourning,3,1993-11-20,1993-11-22,3,3,10
304,John Stockton,14,1993-12-01,1993-12-03,3,3,10
934,Derrick Coleman,3,1993-12-04,1993-12-06,3,3,9
934,Derrick Coleman,8,1994-03-12,1994-03-14,3,3,9
431,Shawn Kemp,2,1994-03-15,1994-03-17,3,3,9
134,Kevin Johnson,16,1994-12-06,1994-12-08,3,3,9
358,Anfernee Hardaway,2,1994-12-09,1994-12-11,3,3,8
297,Alonzo Mourning,11,1995-01-28,1995-01-30,3,3,10
297,Alonzo Mourning,14,1995-02-27,1995-03-01,3,3,10
17,Clyde Drexler,26,1995-04-11,1995-04-13,3,3,10
297,Alonzo Mourning,18,1995-04-14,1995-04-16,3,3,10
17,Clyde Drexler,27,1995-04-17,1995-04-19,3,3,10
255,Grant Hill,2,1995-11-04,1995-11-06,3,3,9
121,Patrick Ewing,13,1996-04-05,1996-04-07,3,3,10
185,Chris Webber,3,1997-01-14,1997-01-16,3,3,9
121,Patrick Ewing,25,1997-02-23,1997-02-25,3,3,10
121,Patrick Ewing,26,1997-02-27,1997-03-01,3,3,10
782,Mitch Richmond,4,1997-11-01,1997-11-03,3,3,10
1495,Tim Duncan,1,1998-01-10,1998-01-12,3,3,10
393,Rod Strickland,7,1998-03-22,1998-03-24,3,3,10
297,Alonzo Mourning,28,1998-04-15,1998-04-17,3,3,10
431,Shawn Kemp,15,1999-11-02,1999-11-04,3,3,10
764,David Robinson,4,1999-12-11,1999-12-13,3,3,10
1882,Elton Brand,5,2000-12-05,2000-12-07,3,3,10
1882,Elton Brand,8,2001-01-20,2001-01-22,3,3,10
56,Gary Payton,5,2001-03-04,2001-03-06,3,3,10
1718,Paul Pierce,4,2002-01-16,2002-01-18,3,3,9
1890,Shawn Marion,4,2003-10-28,2003-10-30,3,3,5
1890,Shawn Marion,7,2003-12-14,2003-12-16,3,3,10
1905,Andrei Kirilenko,1,2004-02-28,2004-03-01,3,3,10
979,Jermaine O'Neal,15,2005-01-22,2005-01-24,3,3,10
1718,Paul Pierce,18,2005-11-25,2005-11-27,3,3,9
2200,Pau Gasol,2,2006-04-06,2006-04-08,3,3,10
1882,Elton Brand,20,2007-03-28,2007-03-30,3,3,10
101108,Chris Paul,3,2007-11-11,2007-11-13,3,3,9
947,Allen Iverson,26,2008-02-24,2008-02-26,3,3,10
2547,Chris Bosh,8,2008-03-02,2008-03-04,3,3,10
200750,Brandon Roy,4,2009-01-14,2009-01-16,3,3,10
2397,Yao Ming,12,2009-03-01,2009-03-03,3,3,10
2547,Chris Bosh,11,2009-12-07,2009-12-09,3,3,10
2546,Carmelo Anthony,8,2010-01-17,2010-01-19,3,3,10
2200,Pau Gasol,17,2010-03-21,2010-03-23,3,3,10
2200,Pau Gasol,18,2010-03-28,2010-03-30,3,3,10
201567,Kevin Love,1,2011-02-09,2011-02-11,3,3,10
201933,Blake Griffin,3,2011-04-06,2011-04-08,3,3,6
200746,LaMarcus Aldridge,11,2011-12-26,2011-12-28,3,3,10
2216,Zach Randolph,4,2011-12-30,2012-01-01,3,3,10
200746,LaMarcus Aldridge,12,2012-01-03,2012-01-05,3,3,10
1717,Dirk Nowitzki,16,2012-03-06,2012-03-08,3,3,10
200746,LaMarcus Aldridge,15,2012-03-21,2012-03-23,3,3,10
202681,Kyrie Irving,2,2013-01-26,2013-01-28,3,3,9
201939,Stephen Curry,1,2013-03-30,2013-04-01,3,3,10
201935,James Harden,6,2013-12-26,2013-12-28,3,3,9
203076,Anthony Davis,4,2013-12-29,2013-12-31,3,3,9
200746,LaMarcus Aldridge,20,2014-01-23,2014-01-25,3,3,10
200746,LaMarcus Aldridge,22,2014-02-08,2014-02-10,3,3,10
203081,Damian Lillard,1,2014-12-31,2015-01-02,3,3,10
203081,Damian Lillard,2,2015-01-05,2015-01-07,3,3,10
201567,Kevin Love,12,2015-01-08,2015-01-10,3,3,10
202326,DeMarcus Cousins,9,2015-03-13,2015-03-15,3,3,10
202331,Paul George,4,2015-04-05,2015-04-07,3,3,9
202326,DeMarcus Cousins,18,2017-03-08,2017-03-10,3,3,10
202681,Kyrie Irving,7,2018-12-05,2018-12-07,3,3,10
202681,Kyrie Irving,16,2020-12-25,2020-12-27,3,3,9
203078,Bradley Beal,1,2021-01-11,2021-01-13,3,3,10
201939,Stephen Curry,23,2022-12-14,2022-12-16,3,3,9
202695,Kawhi Leonard,7,2023-01-02,2023-01-04,3,3,9
203081,Damian Lillard,26,2023-01-25,2023-01-27,3,3,10
1628983,Shai Gilgeous-Alexander,2,2023-02-10,2023-02-12,3,3,9
1629627,Zion Williamson,5,2023-02-12,2023-02-14,3,3,9
202695,Kawhi Leonard,13,2023-12-15,2023-12-17,3,3,10
202710,Jimmy Butler III,30,2024-10-27,2024-10-29,3,3,10
1630162,Anthony Edwards,2,2024-10-30,2024-11-01,3,3,10
1627734,Domantas Sabonis,3,2024-12-25,2024-12-27,3,3,10
1627734,Domantas Sabonis,4,2025-01-12,2025-01-14,3,3,10
1628973,Jalen Brunson,9,2025-01-29,2025-01-31,3,3,10
1628973,Jalen Brunson,21,2026-01-23,2026-01-25,3,3,10
76804,George Gervin,1,1976-11-13,1976-11-14,2,3,8
76804,George Gervin,2,1976-11-21,1976-11-23,2,3,8
78350,Rudy Tomjanovich,1,1976-11-27,1976-11-28,2,3,10
77193,Bobby Jones,1,1976-12-23,1976-12-25,2,3,10
77532,George McGinnis,5,1976-12-25,1976-12-26,2,3,9
76054,Nate Archibald,5,1977-01-29,1977-01-30,2,3,9
77097,Dan Issel,7,1977-02-05,1977-02-06,2,3,10
78450,Bill Walton,5,1977-04-14,1977-04-15,2,3,10
78200,Randy Smith,4,1977-12-11,1977-12-13,2,3,9
76681,Julius Erving,13,1977-12-14,1977-12-16,2,3,8
77459,Pete Maravich,5,1977-12-17,1977-12-18,2,3,8
77459,Pete Maravich,8,1978-10-28,1978-10-29,2,3,10
600005,Bob Lanier,4,1979-02-17,1979-02-18,2,3,10
77876,Kevin Porter,2,1979-03-25,1979-03-27,2,3,9
78149,Jack Sikma,3,1982-02-28,1982-03-02,2,3,9
76003,Kareem Abdul-Jabbar,4,1983-04-17,1983-04-19,2,3,10
76016,Mark Aguirre,7,1985-10-26,1985-10-27,2,3,10
1122,Dominique Wilkins,3,1985-11-02,1985-11-03,2,3,10
904,Chris Mullin,2,1989-11-22,1989-11-24,2,3,10
121,Patrick Ewing,5,1989-12-23,1989-12-25,2,3,10
921,Brad Daugherty,12,1993-11-23,1993-11-24,2,3,10
979,Jermaine O'Neal,4,2003-12-30,2003-12-31,2,3,10
1882,Elton Brand,21,2007-04-01,2007-04-03,2,3,10
1626157,Karl-Anthony Towns,14,2020-12-23,2020-12-25,2,3,8
77449,Moses Malone,4,1980-03-30,1980-03-30,1,3,9
210,Terrell Brandon,4,1996-12-30,1996-12-30,1,3,9
467,Jason Kidd,2,2002-06-09,2002-06-09,1,3,10
76504,Adrian Dantley,1,1976-10-21,1976-10-22,2,2,10
78450,Bill Walton,1,1976-10-28,1976-10-29,2,2,10
600013,Rick Barry,1,1976-10-30,1976-10-31,2,2,10
76054,Nate Archibald,1,1976-11-01,1976-11-02,2,2,6
77532,George McGinnis,2,1976-11-03,1976-11-04,2,2,10
77710,Mike Newlin,2,1976-11-03,1976-11-04,2,2,5
78510,Jojo White,1,1976-12-03,1976-12-04,2,2,9
77097,Dan Issel,2,1976-12-15,1976-12-16,2,2,9
77097,Dan Issel,3,1976-12-28,1976-12-29,2,2,9
76681,Julius Erving,4,1977-01-05,1977-01-06,2,2,10
78350,Rudy Tomjanovich,3,1977-01-12,1977-01-13,2,2,9
77097,Dan Issel,5,1977-01-21,1977-01-22,2,2,10
77420,Maurice Lucas,1,1977-02-03,1977-02-04,2,2,10
76386,Phil Chenier,1,1977-03-06,1977-03-07,2,2,10
76504,Adrian Dantley,5,1977-03-29,1977-03-30,2,2,9
76504,Adrian Dantley,6,1977-04-01,1977-04-02,2,2,10
600013,Rick Barry,6,1977-04-12,1977-04-13,2,2,9
76421,Doug Collins,6,1977-10-19,1977-10-20,2,2,9
78326,David Thompson,7,1977-11-09,1977-11-10,2,2,9
78500,Paul Westphal,4,1977-12-02,1977-12-03,2,2,7
76462,Dave Cowens,1,1978-01-25,1978-01-26,2,2,10
77290,Billy Knight,5,1978-01-27,1978-01-28,2,2,10
78500,Paul Westphal,6,1978-02-12,1978-02-13,2,2,10
77097,Dan Issel,8,1978-03-05,1978-03-06,2,2,10
1453,Walter Davis,5,1978-04-04,1978-04-05,2,2,10
77669,Calvin Murphy,3,1978-11-08,1978-11-09,2,2,10
77459,Pete Maravich,10,1978-11-10,1978-11-11,2,2,8
78500,Paul Westphal,13,1979-02-15,1979-02-16,2,2,9
76736,Phil Ford,1,1979-03-09,1979-03-10,2,2,10
77498,Bob McAdoo,7,1979-04-06,1979-04-07,2,2,10
76362,Bill Cartwright,3,1980-01-09,1980-01-10,2,2,9
78450,Bill Walton,11,1980-01-29,1980-01-30,2,2,10
77142,Magic Johnson,7,1980-03-20,1980-03-21,2,2,10
78500,Paul Westphal,20,1981-01-05,1981-01-06,2,2,10
76736,Phil Ford,3,1981-03-25,1981-03-26,2,2,10
78310,Reggie Theus,3,1981-11-18,1981-11-19,2,2,10
77626,Sidney Moncrief,8,1982-12-03,1982-12-04,2,2,10
78549,Gus Williams,6,1983-01-06,1983-01-07,2,2,10
187,Terry Cummings,1,1983-02-02,1983-02-03,2,2,9
76804,George Gervin,15,1983-02-15,1983-02-16,2,2,9
78369,Kelly Tripucka,10,1983-03-23,1983-03-24,2,2,10
78318,Isiah Thomas,3,1983-04-13,1983-04-14,2,2,10
78549,Gus Williams,11,1983-11-02,1983-11-03,2,2,10
78318,Isiah Thomas,4,1984-01-12,1984-01-13,2,2,9
78404,Kiki Vandeweghe,5,1984-03-01,1984-03-02,2,2,9
78318,Isiah Thomas,10,1984-04-05,1984-04-06,2,2,9
76681,Julius Erving,37,1984-04-24,1984-04-25,2,2,10
77626,Sidney Moncrief,15,1984-05-19,1984-05-20,2,2,9
77626,Sidney Moncrief,16,1984-10-27,1984-10-28,2,2,10
77626,Sidney Moncrief,20,1984-12-26,1984-12-27,2,2,10
165,Hakeem Olajuwon,3,1985-02-14,1985-02-15,2,2,9
187,Terry Cummings,7,1985-03-23,1985-03-24,2,2,10
76673,Alex English,18,1985-04-02,1985-04-03,2,2,10
77626,Sidney Moncrief,26,1985-12-13,1985-12-14,2,2,10
76504,Adrian Dantley,12,1987-01-28,1987-01-29,2,2,10
76726,Sleepy Floyd,2,1987-01-30,1987-01-31,2,2,10
166,Ron Harper,2,1987-02-28,1987-03-01,2,2,10
17,Clyde Drexler,1,1987-04-01,1987-04-02,2,2,10
17,Clyde Drexler,2,1987-04-04,1987-04-05,2,2,10
77449,Moses Malone,17,1987-04-08,1987-04-09,2,2,10
349,Mark Jackson,1,1988-04-17,1988-04-18,2,2,10
349,Mark Jackson,2,1988-04-20,1988-04-21,2,2,9
1450,Kevin McHale,13,1989-01-04,1989-01-05,2,2,10
121,Patrick Ewing,1,1989-04-14,1989-04-15,2,2,10
77449,Moses Malone,21,1989-11-14,1989-11-15,2,2,10
121,Patrick Ewing,3,1989-11-25,1989-11-26,2,2,10
1449,Larry Bird,8,1990-02-13,1990-02-14,2,2,9
1449,Larry Bird,11,1990-03-21,1990-03-22,2,2,10
1449,Larry Bird,12,1990-04-04,1990-04-05,2,2,10
17,Clyde Drexler,11,1990-11-23,1990-11-24,2,2,10
304,John Stockton,6,1991-01-02,1991-01-03,2,2,10
937,Scottie Pippen,2,1991-12-25,1991-12-26,2,2,10
937,Scottie Pippen,5,1992-03-01,1992-03-02,2,2,10
921,Brad Daugherty,4,1992-11-06,1992-11-07,2,2,9
134,Kevin Johnson,11,1992-12-01,1992-12-02,2,2,10
134,Kevin Johnson,12,1992-12-08,1992-12-09,2,2,10
913,Larry Johnson,4,1993-03-05,1993-03-06,2,2,10
17,Clyde Drexler,18,1993-05-03,1993-05-04,2,2,10
297,Alonzo Mourning,10,1995-01-25,1995-01-26,2,2,10
297,Alonzo Mourning,13,1995-02-24,1995-02-25,2,2,10
393,Rod Strickland,4,1995-03-26,1995-03-27,2,2,10
255,Grant Hill,1,1995-04-21,1995-04-22,2,2,10
17,Clyde Drexler,28,1995-05-07,1995-05-08,2,2,10
431,Shawn Kemp,6,1995-11-11,1995-11-12,2,2,10
297,Alonzo Mourning,22,1995-11-22,1995-11-23,2,2,10
304,John Stockton,21,1995-12-03,1995-12-04,2,2,10
787,Charles Barkley,6,1996-01-21,1996-01-22,2,2,10
297,Alonzo Mourning,24,1996-04-03,1996-04-04,2,2,10
121,Patrick Ewing,15,1996-05-12,1996-05-13,2,2,10
210,Terrell Brandon,1,1996-11-05,1996-11-06,2,2,10
210,Terrell Brandon,2,1996-12-08,1996-12-09,2,2,10
210,Terrell Brandon,7,1997-02-12,1997-02-13,2,2,10
84,Latrell Sprewell,4,1997-02-14,1997-02-15,2,2,10
134,Kevin Johnson,21,1997-02-16,1997-02-17,2,2,10
134,Kevin Johnson,22,1997-02-21,1997-02-22,2,2,10
121,Patrick Ewing,27,1997-03-03,1997-03-04,2,2,10
134,Kevin Johnson,24,1997-03-09,1997-03-10,2,2,10
185,Chris Webber,5,1997-03-18,1997-03-19,2,2,9
134,Kevin Johnson,29,1997-11-04,1997-11-05,2,2,10
358,Anfernee Hardaway,13,1997-11-26,1997-11-27,2,2,10
358,Anfernee Hardaway,14,1997-12-05,1997-12-06,2,2,10
896,Tim Hardaway,5,1998-01-13,1998-01-14,2,2,10
937,Scottie Pippen,15,1998-03-25,1998-03-26,2,2,10
947,Allen Iverson,6,1998-04-05,1998-04-06,2,2,10
297,Alonzo Mourning,29,1998-04-26,1998-04-27,2,2,10
297,Alonzo Mourning,31,1999-02-15,1999-02-16,2,2,10
297,Alonzo Mourning,32,1999-02-18,1999-02-19,2,2,10
896,Tim Hardaway,8,1999-02-28,1999-03-01,2,2,9
1713,Vince Carter,1,1999-04-01,1999-04-02,2,2,10
1713,Vince Carter,3,1999-04-17,1999-04-18,2,2,8
764,David Robinson,5,1999-12-15,1999-12-16,2,2,10
1882,Elton Brand,2,2000-02-03,2000-02-04,2,2,10
950,Stephon Marbury,1,2000-03-08,2000-03-09,2,2,10
947,Allen Iverson,9,2000-03-19,2000-03-20,2,2,10
1882,Elton Brand,7,2001-01-17,2001-01-18,2,2,10
56,Gary Payton,4,2001-01-25,2001-01-26,2,2,10
711,Jerry Stackhouse,2,2001-02-28,2001-03-01,2,2,10
255,Grant Hill,9,2001-03-02,2001-03-03,2,2,10
1883,Steve Francis,1,2001-03-11,2001-03-12,2,2,10
1890,Shawn Marion,2,2001-03-13,2001-03-14,2,2,10
711,Jerry Stackhouse,3,2001-03-16,2001-03-17,2,2,10
1717,Dirk Nowitzki,1,2001-11-08,2001-11-09,2,2,9
1717,Dirk Nowitzki,3,2002-01-12,2002-01-13,2,2,10
1717,Dirk Nowitzki,6,2002-02-21,2002-02-22,2,2,10
56,Gary Payton,11,2002-03-03,2002-03-04,2,2,10
1718,Paul Pierce,7,2002-03-08,2002-03-09,2,2,10
252,Karl Malone,10,2002-04-27,2002-04-28,2,2,10
56,Gary Payton,18,2003-01-18,2003-01-19,2,2,10
1718,Paul Pierce,14,2003-01-20,2003-01-21,2,2,10
56,Gary Payton,19,2003-01-22,2003-01-23,2,2,10
1890,Shawn Marion,5,2003-11-07,2003-11-08,2,2,10
1890,Shawn Marion,6,2003-12-11,2003-12-12,2,2,10
467,Jason Kidd,14,2003-12-17,2003-12-18,2,2,10
2544,LeBron James,1,2003-12-28,2003-12-29,2,2,8
979,Jermaine O'Neal,9,2004-03-31,2004-04-01,2,2,10
1905,Andrei Kirilenko,3,2004-04-02,2004-04-03,2,2,10
1884,Baron Davis,4,2004-12-18,2004-12-19,2,2,10
979,Jermaine O'Neal,14,2005-01-19,2005-01-20,2,2,10
979,Jermaine O'Neal,16,2005-01-26,2005-01-27,2,2,10
1503,Tracy McGrady,7,2006-03-01,2006-03-02,2,2,10
951,Ray Allen,2,2007-11-07,2007-11-08,2,2,10
1503,Tracy McGrady,17,2008-01-23,2008-01-24,2,2,10
2547,Chris Bosh,7,2008-02-27,2008-02-28,2,2,10
947,Allen Iverson,27,2008-02-29,2008-03-01,2,2,10
947,Allen Iverson,31,2008-11-14,2008-11-15,2,2,10
2730,Dwight Howard,2,2008-12-29,2008-12-30,2,2,10
2397,Yao Ming,8,2009-01-12,2009-01-13,2,2,10
2397,Yao Ming,11,2009-02-26,2009-02-27,2,2,10
2225,Tony Parker,3,2009-04-21,2009-04-22,2,2,10
2200,Pau Gasol,8,2009-04-23,2009-04-24,2,2,10
2546,Carmelo Anthony,7,2010-01-13,2010-01-14,2,2,10
2200,Pau Gasol,13,2010-01-15,2010-01-16,2,2,10
2546,Carmelo Anthony,9,2010-02-21,2010-02-22,2,2,10
2546,Carmelo Anthony,12,2010-04-08,2010-04-09,2,2,10
101114,Deron Williams,10,2010-05-02,2010-05-03,2,2,10
101114,Deron Williams,16,2011-01-30,2011-01-31,2,2,10
201567,Kevin Love,3,2011-03-28,2011-03-29,2,2,10
200746,LaMarcus Aldridge,8,2011-04-19,2011-04-20,2,2,10
2216,Zach Randolph,2,2011-04-21,2011-04-22,2,2,10
2216,Zach Randolph,5,2012-01-30,2012-01-31,2,2,10
2200,Pau Gasol,22,2012-10-30,2012-10-31,2,2,6
977,Kobe Bryant,13,2014-11-17,2014-11-18,2,2,10
977,Kobe Bryant,14,2014-11-30,2014-12-01,2,2,10
203081,Damian Lillard,3,2015-01-11,2015-01-12,2,2,10
200746,LaMarcus Aldridge,24,2015-01-17,2015-01-18,2,2,10
203081,Damian Lillard,4,2015-01-19,2015-01-20,2,2,10
200746,LaMarcus Aldridge,27,2015-03-05,2015-03-06,2,2,10
200746,LaMarcus Aldridge,28,2015-03-11,2015-03-12,2,2,10
202695,Kawhi Leonard,1,2015-11-28,2015-11-29,2,2,9
200746,LaMarcus Aldridge,31,2016-10-25,2016-10-26,2,2,5
201939,Stephen Curry,5,2017-02-23,2017-02-24,2,2,10
202710,Jimmy Butler III,7,2017-03-06,2017-03-07,2,2,10
201939,Stephen Curry,6,2017-03-12,2017-03-13,2,2,10
202681,Kyrie Irving,6,2018-10-16,2018-10-17,2,2,3
1626157,Karl-Anthony Towns,6,2018-10-17,2018-10-18,2,2,8
200746,LaMarcus Aldridge,33,2018-10-19,2018-10-20,2,2,10
202710,Jimmy Butler III,13,2018-12-08,2018-12-09,2,2,10
1626157,Karl-Anthony Towns,7,2019-01-06,2019-01-07,2,2,10
202681,Kyrie Irving,11,2019-04-28,2019-04-29,2,2,9
201939,Stephen Curry,12,2019-11-02,2019-11-03,2,2,10
1629027,Trae Young,1,2020-01-26,2020-01-27,2,2,9
1629027,Trae Young,3,2020-02-20,2020-02-21,2,2,9
203954,Joel Embiid,14,2021-01-03,2021-01-04,2,2,10
203999,Nikola Jokic,11,2021-01-07,2021-01-08,2,2,10
203078,Bradley Beal,2,2021-01-18,2021-01-19,2,2,10
203078,Bradley Beal,3,2021-01-27,2021-01-28,2,2,10
201142,Kevin Durant,11,2021-06-15,2021-06-16,2,2,10
201935,James Harden,15,2022-03-25,2022-03-26,2,2,8
201935,James Harden,16,2022-03-29,2022-03-30,2,2,10
203076,Anthony Davis,17,2022-05-21,2022-05-22,2,2,10
202710,Jimmy Butler III,20,2022-12-28,2022-12-29,2,2,10
202710,Jimmy Butler III,21,2022-12-31,2023-01-01,2,2,9
1628983,Shai Gilgeous-Alexander,1,2023-01-28,2023-01-29,2,2,10
203076,Anthony Davis,23,2023-05-02,2023-05-03,2,2,9
1629627,Zion Williamson,9,2023-05-04,2023-05-05,2,2,10
2544,LeBron James,10,2023-10-24,2023-10-25,2,2,2
201142,Kevin Durant,14,2023-10-24,2023-10-25,2,2,4
1626164,Devin Booker,2,2023-12-13,2023-12-14,2,2,10
1626164,Devin Booker,6,2024-11-02,2024-11-03,2,2,10
1627734,Domantas Sabonis,1,2024-11-08,2024-11-09,2,2,10
202710,Jimmy Butler III,33,2024-12-04,2024-12-05,2,2,10
1627734,Domantas Sabonis,6,2025-02-01,2025-02-02,2,2,10
1630162,Anthony Edwards,6,2025-03-19,2025-03-20,2,2,10
1630162,Anthony Edwards,9,2025-04-29,2025-04-30,2,2,10
1628973,Jalen Brunson,16,2025-05-12,2025-05-13,2,2,10
1641705,Victor Wembanyama,3,2025-05-14,2025-05-15,2,2,10
1641705,Victor Wembanyama,4,2025-05-20,2025-05-21,2,2,10
202710,Jimmy Butler III,35,2025-10-21,2025-10-22,2,2,3
201142,Kevin Durant,19,2025-11-01,2025-11-02,2,2,10
1630595,Cade Cunningham,2,2025-12-06,2025-12-07,2,2,10
1641705,Victor Wembanyama,7,2025-12-19,2025-12-20,2,2,7
1641705,Victor Wembanyama,11,2026-01-11,2026-01-12,2,2,9
1630595,Cade Cunningham,6,2026-04-06,2026-04-07,2,2,10
1630595,Cade Cunningham,7,2026-04-19,2026-04-20,2,2,10
600006,Earl Monroe,4,1976-12-12,1976-12-12,1,2,10
76504,Adrian Dantley,2,1977-02-27,1977-02-27,1,2,10
600014,Artis Gilmore,1,1977-03-27,1977-03-27,1,2,10
78500,Paul Westphal,10,1978-04-16,1978-04-16,1,2,10
600005,Bob Lanier,6,1979-03-11,1979-03-11,1,2,10
600005,Bob Lanier,8,1979-03-18,1979-03-18,1,2,10
77876,Kevin Porter,5,1979-04-20,1979-04-20,1,2,10
76362,Bill Cartwright,4,1980-01-13,1980-01-13,1,2,10
76016,Mark Aguirre,2,1983-03-20,1983-03-20,1,2,10
78549,Gus Williams,10,1983-04-27,1983-04-27,1,2,10
78549,Gus Williams,13,1983-11-23,1983-11-23,1,2,10
76681,Julius Erving,30,1984-02-19,1984-02-19,1,2,10
78041,Jeff Ruland,4,1985-11-27,1985-11-27,1,2,10
77449,Moses Malone,11,1985-12-15,1985-12-15,1,2,10
937,Scottie Pippen,9,1992-05-19,1992-05-19,1,2,10
934,Derrick Coleman,1,1993-04-04,1993-04-04,1,2,10
978,Peja Stojakovic,2,2003-12-23,2003-12-23,1,2,10
2397,Yao Ming,7,2008-12-31,2008-12-31,1,2,10
203954,Joel Embiid,11,2020-12-23,2020-12-23,1,2,10
203081,Damian Lillard,25,2021-11-24,2021-11-24,1,2,10
1628973,Jalen Brunson,13,2025-04-11,2025-04-11,1,2,10
76166,Dave Bing,1,1976-10-21,1976-10-21,1,1,9
78326,David Thompson,1,1976-10-21,1976-10-21,1,1,8
76011,Alvan Adams,1,1976-10-27,1976-10-27,1,1,10
78600,Brian Winters,1,1976-11-02,1976-11-02,1,1,7
78326,David Thompson,2,1976-11-06,1976-11-06,1,1,10
76204,Ron Boone,1,1976-11-26,1976-11-26,1,1,9
78600,Brian Winters,2,1976-11-30,1976-11-30,1,1,10
76272,Fred Brown,1,1976-12-01,1976-12-01,1,1,10
76421,Doug Collins,4,1976-12-22,1976-12-22,1,1,10
600013,Rick Barry,5,1977-01-04,1977-01-04,1,1,9
78500,Paul Westphal,1,1977-01-15,1977-01-15,1,1,10
77498,Bob McAdoo,2,1977-01-23,1977-01-23,1,1,10
76681,Julius Erving,7,1977-02-02,1977-02-02,1,1,10
76804,George Gervin,4,1977-02-15,1977-02-15,1,1,10
76804,George Gervin,6,1977-02-26,1977-02-26,1,1,10
76054,Nate Archibald,8,1977-03-01,1977-03-01,1,1,10
76054,Nate Archibald,12,1977-04-19,1977-04-19,1,1,10
76204,Ron Boone,3,1977-10-18,1977-10-18,1,1,8
76750,Walt Frazier,1,1977-10-18,1977-10-18,1,1,10
78500,Paul Westphal,3,1977-10-18,1977-10-18,1,1,6
78600,Brian Winters,3,1977-10-18,1977-10-18,1,1,9
600006,Earl Monroe,7,1977-10-18,1977-10-18,1,1,7
77246,Larry Kenon,2,1977-10-19,1977-10-19,1,1,10
78200,Randy Smith,2,1977-10-25,1977-10-25,1,1,10
76804,George Gervin,8,1977-11-08,1977-11-08,1,1,10
76804,George Gervin,9,1977-11-11,1977-11-11,1,1,10
76804,George Gervin,11,1977-12-20,1977-12-20,1,1,9
76681,Julius Erving,14,1978-02-14,1978-02-14,1,1,10
1453,Walter Davis,2,1978-02-28,1978-02-28,1,1,10
76681,Julius Erving,17,1978-10-13,1978-10-13,1,1,10
1453,Walter Davis,6,1978-10-27,1978-10-27,1,1,9
77459,Pete Maravich,9,1978-11-01,1978-11-01,1,1,10
76598,John Drew,6,1979-01-26,1979-01-26,1,1,10
77487,Cedric Maxwell,2,1979-01-27,1979-01-27,1,1,10
600005,Bob Lanier,2,1979-02-07,1979-02-07,1,1,9
76598,John Drew,8,1979-02-08,1979-02-08,1,1,10
600005,Bob Lanier,7,1979-03-16,1979-03-16,1,1,10
76681,Julius Erving,20,1979-03-17,1979-03-17,1,1,10
77876,Kevin Porter,3,1979-04-05,1979-04-05,1,1,10
77876,Kevin Porter,7,1979-10-12,1979-10-12,1,1,9
77142,Magic Johnson,2,1979-12-14,1979-12-14,1,1,10
77142,Magic Johnson,3,1979-12-18,1979-12-18,1,1,10
1453,Walter Davis,15,1979-12-19,1979-12-19,1,1,10
77142,Magic Johnson,4,1979-12-21,1979-12-21,1,1,9
77142,Magic Johnson,5,1979-12-29,1979-12-29,1,1,10
76362,Bill Cartwright,5,1980-01-25,1980-01-25,1,1,10
76170,Otis Birdsong,1,1980-10-31,1980-10-31,1,1,10
78310,Reggie Theus,1,1981-10-30,1981-10-30,1,1,9
76016,Mark Aguirre,1,1981-12-08,1981-12-08,1,1,10
78369,Kelly Tripucka,1,1981-12-11,1981-12-11,1,1,10
600014,Artis Gilmore,11,1981-12-12,1981-12-12,1,1,10
76673,Alex English,1,1982-01-08,1982-01-08,1,1,10
76673,Alex English,2,1982-01-12,1982-01-12,1,1,10
600014,Artis Gilmore,12,1982-01-22,1982-01-22,1,1,10
78149,Jack Sikma,2,1982-02-18,1982-02-18,1,1,10
78331,Mychal Thompson,1,1982-03-25,1982-03-25,1,1,10
76673,Alex English,4,1982-03-30,1982-03-30,1,1,10
76003,Kareem Abdul-Jabbar,3,1983-01-05,1983-01-05,1,1,10
76804,George Gervin,14,1983-02-04,1983-02-04,1,1,10
76804,George Gervin,16,1983-03-01,1983-03-01,1,1,10
78549,Gus Williams,7,1983-03-22,1983-03-22,1,1,10
77264,Bernard King,2,1983-03-29,1983-03-29,1,1,10
78369,Kelly Tripucka,11,1983-04-05,1983-04-05,1,1,10
77160,Marques Johnson,10,1983-11-15,1983-11-15,1,1,10
76681,Julius Erving,23,1983-11-16,1983-11-16,1,1,9
76016,Mark Aguirre,3,1983-11-22,1983-11-22,1,1,10
76681,Julius Erving,24,1983-11-22,1983-11-22,1,1,9
76681,Julius Erving,25,1983-11-25,1983-11-25,1,1,10
78318,Isiah Thomas,6,1984-02-21,1984-02-21,1,1,10
78318,Isiah Thomas,7,1984-02-29,1984-02-29,1,1,9
76681,Julius Erving,33,1984-03-16,1984-03-16,1,1,9
78404,Kiki Vandeweghe,7,1984-03-28,1984-03-28,1,1,10
76681,Julius Erving,35,1984-04-10,1984-04-10,1,1,10
76681,Julius Erving,36,1984-04-17,1984-04-17,1,1,10
76003,Kareem Abdul-Jabbar,6,1984-05-18,1984-05-18,1,1,10
305,Robert Parish,1,1984-10-26,1984-10-26,1,1,10
1122,Dominique Wilkins,1,1984-10-26,1984-10-26,1,1,7
76681,Julius Erving,38,1984-10-26,1984-10-26,1,1,5
77685,Larry Nance,1,1984-10-26,1984-10-26,1,1,9
78149,Jack Sikma,6,1984-10-26,1984-10-26,1,1,8
78549,Gus Williams,14,1984-10-26,1984-10-26,1,1,6
76681,Julius Erving,39,1984-10-29,1984-10-29,1,1,10
76681,Julius Erving,40,1984-11-02,1984-11-02,1,1,10
76016,Mark Aguirre,6,1984-11-08,1984-11-08,1,1,10
77685,Larry Nance,3,1984-12-12,1984-12-12,1,1,10
76673,Alex English,12,1984-12-28,1984-12-28,1,1,9
77685,Larry Nance,5,1985-01-18,1985-01-18,1,1,10
165,Hakeem Olajuwon,2,1985-02-05,1985-02-05,1,1,10
187,Terry Cummings,8,1985-04-01,1985-04-01,1,1,10
187,Terry Cummings,9,1985-10-25,1985-10-25,1,1,10
1122,Dominique Wilkins,2,1985-10-25,1985-10-25,1,1,8
78041,Jeff Ruland,3,1985-10-25,1985-10-25,1,1,9
77449,Moses Malone,8,1985-11-06,1985-11-06,1,1,9
1450,Kevin McHale,1,1985-11-26,1985-11-26,1,1,10
1450,Kevin McHale,2,1985-11-29,1985-11-29,1,1,9
1122,Dominique Wilkins,4,1985-12-12,1985-12-12,1,1,10
1122,Dominique Wilkins,5,1985-12-17,1985-12-17,1,1,10
78318,Isiah Thomas,14,1986-02-01,1986-02-01,1,1,10
77449,Moses Malone,12,1986-10-31,1986-10-31,1,1,8
77685,Larry Nance,10,1986-10-31,1986-10-31,1,1,10
78041,Jeff Ruland,7,1986-10-31,1986-10-31,1,1,7
78404,Kiki Vandeweghe,10,1986-10-31,1986-10-31,1,1,9
76726,Sleepy Floyd,1,1987-01-27,1987-01-27,1,1,10
166,Ron Harper,1,1987-02-04,1987-02-04,1,1,10
252,Karl Malone,1,1987-04-03,1987-04-03,1,1,10
77449,Moses Malone,16,1987-04-06,1987-04-06,1,1,10
17,Clyde Drexler,3,1987-04-07,1987-04-07,1,1,10
78318,Isiah Thomas,19,1987-11-06,1987-11-06,1,1,10
77376,Lafayette Lever,2,1987-11-30,1987-11-30,1,1,10
77376,Lafayette Lever,4,1988-05-12,1988-05-12,1,1,10
77376,Lafayette Lever,7,1989-01-03,1989-01-03,1,1,10
77376,Lafayette Lever,9,1989-04-12,1989-04-12,1,1,10
1122,Dominique Wilkins,8,1989-04-13,1989-04-13,1,1,10
77376,Lafayette Lever,10,1989-11-03,1989-11-03,1,1,10
904,Chris Mullin,3,1989-11-27,1989-11-27,1,1,10
77376,Lafayette Lever,11,1989-11-28,1989-11-28,1,1,10
1449,Larry Bird,9,1990-03-06,1990-03-06,1,1,10
17,Clyde Drexler,7,1990-03-20,1990-03-20,1,1,10
17,Clyde Drexler,10,1990-11-02,1990-11-02,1,1,9
1449,Larry Bird,13,1990-11-02,1990-11-02,1,1,10
896,Tim Hardaway,1,1991-11-01,1991-11-01,1,1,10
896,Tim Hardaway,2,1991-11-26,1991-11-26,1,1,10
937,Scottie Pippen,1,1991-12-04,1991-12-04,1,1,10
904,Chris Mullin,4,1991-12-13,1991-12-13,1,1,10
913,Larry Johnson,1,1992-03-22,1992-03-22,1,1,9
330,Danny Manning,1,1992-11-06,1992-11-06,1,1,10
921,Brad Daugherty,5,1992-12-08,1992-12-08,1,1,9
921,Brad Daugherty,8,1992-12-29,1992-12-29,1,1,10
921,Brad Daugherty,9,1993-01-08,1993-01-08,1,1,10
913,Larry Johnson,3,1993-02-25,1993-02-25,1,1,10
297,Alonzo Mourning,4,1993-11-30,1993-11-30,1,1,10
934,Derrick Coleman,6,1994-02-17,1994-02-17,1,1,9
84,Latrell Sprewell,3,1994-02-18,1994-02-18,1,1,10
431,Shawn Kemp,1,1994-03-05,1994-03-05,1,1,10
1122,Dominique Wilkins,23,1994-03-25,1994-03-25,1,1,10
134,Kevin Johnson,13,1994-11-04,1994-11-04,1,1,10
934,Derrick Coleman,11,1994-11-11,1994-11-11,1,1,10
17,Clyde Drexler,20,1994-11-22,1994-11-22,1,1,10
431,Shawn Kemp,5,1994-12-21,1994-12-21,1,1,10
17,Clyde Drexler,23,1995-01-27,1995-01-27,1,1,10
297,Alonzo Mourning,12,1995-02-17,1995-02-17,1,1,10
358,Anfernee Hardaway,6,1995-02-26,1995-02-26,1,1,10
297,Alonzo Mourning,17,1995-03-28,1995-03-28,1,1,10
297,Alonzo Mourning,19,1995-04-20,1995-04-20,1,1,10
17,Clyde Drexler,29,1995-05-13,1995-05-13,1,1,10
358,Anfernee Hardaway,8,1995-11-03,1995-11-03,1,1,9
393,Rod Strickland,6,1995-11-03,1995-11-03,1,1,10
17,Clyde Drexler,30,1995-11-07,1995-11-07,1,1,9
304,John Stockton,18,1995-11-13,1995-11-13,1,1,10
431,Shawn Kemp,8,1996-01-23,1996-01-23,1,1,10
121,Patrick Ewing,9,1996-01-29,1996-01-29,1,1,10
431,Shawn Kemp,9,1996-11-01,1996-11-01,1,1,9
121,Patrick Ewing,20,1996-12-07,1996-12-07,1,1,10
121,Patrick Ewing,21,1997-01-13,1997-01-13,1,1,10
431,Shawn Kemp,11,1997-01-17,1997-01-17,1,1,10
121,Patrick Ewing,23,1997-02-18,1997-02-18,1,1,10
84,Latrell Sprewell,5,1997-02-19,1997-02-19,1,1,10
121,Patrick Ewing,24,1997-02-20,1997-02-20,1,1,9
84,Latrell Sprewell,6,1997-03-02,1997-03-02,1,1,10
84,Latrell Sprewell,7,1997-03-12,1997-03-12,1,1,9
134,Kevin Johnson,25,1997-03-13,1997-03-13,1,1,10
185,Chris Webber,4,1997-03-14,1997-03-14,1,1,10
185,Chris Webber,7,1997-04-02,1997-04-02,1,1,10
134,Kevin Johnson,28,1997-10-31,1997-10-31,1,1,10
782,Mitch Richmond,5,1997-11-06,1997-11-06,1,1,10
947,Allen Iverson,3,1997-12-07,1997-12-07,1,1,10
304,John Stockton,23,1997-12-08,1997-12-08,1,1,10
358,Anfernee Hardaway,15,1997-12-09,1997-12-09,1,1,10
297,Alonzo Mourning,27,1998-04-07,1998-04-07,1,1,10
121,Patrick Ewing,31,1999-02-20,1999-02-20,1,1,10
431,Shawn Kemp,13,1999-04-16,1999-04-16,1,1,10
764,David Robinson,6,1999-12-21,1999-12-21,1,1,10
1713,Vince Carter,6,2000-02-02,2000-02-02,1,1,10
764,David Robinson,8,2000-03-21,2000-03-21,1,1,10
947,Allen Iverson,12,2000-12-04,2000-12-04,1,1,10
947,Allen Iverson,13,2000-12-08,2000-12-08,1,1,10
711,Jerry Stackhouse,1,2001-01-19,2001-01-19,1,1,10
56,Gary Payton,3,2001-01-23,2001-01-23,1,1,10
1882,Elton Brand,10,2001-02-02,2001-02-02,1,1,10
1718,Paul Pierce,1,2001-03-15,2001-03-15,1,1,10
711,Jerry Stackhouse,4,2001-11-04,2001-11-04,1,1,10
56,Gary Payton,7,2001-11-05,2001-11-05,1,1,10
711,Jerry Stackhouse,5,2001-11-06,2001-11-06,1,1,10
56,Gary Payton,8,2001-11-07,2001-11-07,1,1,10
1718,Paul Pierce,3,2002-01-04,2002-01-04,1,1,10
1718,Paul Pierce,6,2002-01-28,2002-01-28,1,1,10
893,Michael Jordan,8,2002-02-23,2002-02-23,1,1,10
893,Michael Jordan,10,2002-03-10,2002-03-10,1,1,10
252,Karl Malone,9,2002-04-22,2002-04-22,1,1,10
124,Vlade Divac,1,2002-10-29,2002-10-29,1,1,9
255,Grant Hill,10,2002-10-29,2002-10-29,1,1,6
727,Eric Snow,1,2002-10-29,2002-10-29,1,1,10
764,David Robinson,11,2002-10-29,2002-10-29,1,1,8
978,Peja Stojakovic,1,2002-10-29,2002-10-29,1,1,7
1882,Elton Brand,11,2002-12-15,2002-12-15,1,1,10
1718,Paul Pierce,12,2002-12-16,2002-12-16,1,1,10
56,Gary Payton,20,2003-01-29,2003-01-29,1,1,10
56,Gary Payton,21,2003-02-11,2003-02-11,1,1,10
56,Gary Payton,22,2003-02-14,2003-02-14,1,1,10
467,Jason Kidd,9,2003-02-20,2003-02-20,1,1,10
56,Gary Payton,23,2003-10-28,2003-10-28,1,1,7
224,Eddie Jones,1,2003-10-28,2003-10-28,1,1,9
950,Stephon Marbury,2,2003-10-28,2003-10-28,1,1,8
959,Steve Nash,1,2003-10-28,2003-10-28,1,1,10
467,Jason Kidd,13,2003-12-13,2003-12-13,1,1,10
979,Jermaine O'Neal,3,2003-12-26,2003-12-26,1,1,10
1890,Shawn Marion,9,2003-12-27,2003-12-27,1,1,10
979,Jermaine O'Neal,6,2004-01-16,2004-01-16,1,1,10
978,Peja Stojakovic,5,2004-05-18,2004-05-18,1,1,10
185,Chris Webber,17,2004-11-02,2004-11-02,1,1,4
978,Peja Stojakovic,6,2004-11-02,2004-11-02,1,1,6
1112,Ben Wallace,1,2004-11-02,2004-11-02,1,1,8
1497,Chauncey Billups,1,2004-11-02,2004-11-02,1,1,7
1710,Mike Bibby,1,2004-11-02,2004-11-02,1,1,10
1888,Richard Hamilton,1,2004-11-02,2004-11-02,1,1,5
2030,Kenyon Martin,1,2004-11-02,2004-11-02,1,1,9
1882,Elton Brand,13,2004-11-03,2004-11-03,1,1,10
2548,Dwyane Wade,2,2004-11-04,2004-11-04,1,1,10
979,Jermaine O'Neal,13,2004-11-05,2004-11-05,1,1,10
2405,Amar'e Stoudemire,4,2005-01-21,2005-01-21,1,1,10
2405,Amar'e Stoudemire,5,2005-01-25,2005-01-25,1,1,10
950,Stephon Marbury,3,2005-03-29,2005-03-29,1,1,10
959,Steve Nash,2,2005-11-01,2005-11-01,1,1,5
978,Peja Stojakovic,7,2005-11-01,2005-11-01,1,1,8
1710,Mike Bibby,2,2005-11-01,2005-11-01,1,1,7
1802,Brad Miller,1,2005-11-01,2005-11-01,1,1,10
1890,Shawn Marion,10,2005-11-01,2005-11-01,1,1,6
1938,Manu Ginobili,1,2005-11-01,2005-11-01,1,1,4
2546,Carmelo Anthony,1,2005-11-01,2005-11-01,1,1,9
101108,Chris Paul,1,2006-01-22,2006-01-22,1,1,10
1497,Chauncey Billups,2,2006-01-31,2006-01-31,1,1,10
101108,Chris Paul,2,2006-02-28,2006-02-28,1,1,10
2397,Yao Ming,1,2006-03-20,2006-03-20,1,1,9
1495,Tim Duncan,5,2006-03-21,2006-03-21,1,1,10
1503,Tracy McGrady,8,2006-03-22,2006-03-22,1,1,10
1495,Tim Duncan,6,2006-05-15,2006-05-15,1,1,10
1713,Vince Carter,14,2006-05-16,2006-05-16,1,1,10
406,Shaquille O'Neal,11,2006-10-31,2006-10-31,1,1,5
959,Steve Nash,3,2006-10-31,2006-10-31,1,1,4
1112,Ben Wallace,2,2006-10-31,2006-10-31,1,1,10
1885,Lamar Odom,1,2006-10-31,2006-10-31,1,1,6
1890,Shawn Marion,11,2006-10-31,2006-10-31,1,1,3
2550,Kirk Hinrich,1,2006-10-31,2006-10-31,1,1,7
2564,Boris Diaw,1,2006-10-31,2006-10-31,1,1,8
2804,Andres Nocioni,1,2006-10-31,2006-10-31,1,1,9
1503,Tracy McGrady,9,2006-11-01,2006-11-01,1,1,9
2397,Yao Ming,2,2006-11-01,2006-11-01,1,1,10
1503,Tracy McGrady,10,2007-02-06,2007-02-06,1,1,10
1503,Tracy McGrady,11,2007-02-09,2007-02-09,1,1,9
2240,Gilbert Arenas,5,2007-02-23,2007-02-23,1,1,10
1882,Elton Brand,19,2007-03-23,2007-03-23,1,1,10
947,Allen Iverson,23,2007-03-31,2007-03-31,1,1,10
1884,Baron Davis,5,2007-10-30,2007-10-30,1,1,6
1938,Manu Ginobili,2,2007-10-30,2007-10-30,1,1,8
2225,Tony Parker,1,2007-10-30,2007-10-30,1,1,7
101114,Deron Williams,1,2007-10-30,2007-10-30,1,1,9
200750,Brandon Roy,1,2007-10-30,2007-10-30,1,1,10
2547,Chris Bosh,2,2007-10-31,2007-10-31,1,1,10
2405,Amar'e Stoudemire,9,2007-11-01,2007-11-01,1,1,10
1503,Tracy McGrady,15,2007-12-22,2007-12-22,1,1,10
947,Allen Iverson,25,2008-02-19,2008-02-19,1,1,10
951,Ray Allen,3,2008-10-28,2008-10-28,1,1,8
1718,Paul Pierce,23,2008-10-28,2008-10-28,1,1,4
1885,Lamar Odom,2,2008-10-28,2008-10-28,1,1,7
2072,Michael Redd,1,2008-10-28,2008-10-28,1,1,9
2200,Pau Gasol,4,2008-10-28,2008-10-28,1,1,5
2736,Luol Deng,1,2008-10-28,2008-10-28,1,1,10
200750,Brandon Roy,2,2008-10-28,2008-10-28,1,1,6
947,Allen Iverson,30,2008-10-29,2008-10-29,1,1,10
101114,Deron Williams,4,2009-02-28,2009-02-28,1,1,10
101114,Deron Williams,7,2009-03-30,2009-03-30,1,1,9
2225,Tony Parker,2,2009-04-12,2009-04-12,1,1,10
708,Kevin Garnett,12,2009-10-27,2009-10-27,1,1,5
1718,Paul Pierce,24,2009-10-27,2009-10-27,1,1,7
1889,Andre Miller,1,2009-10-27,2009-10-27,1,1,10
2240,Gilbert Arenas,9,2009-10-27,2009-10-27,1,1,6
200746,LaMarcus Aldridge,1,2009-10-27,2009-10-27,1,1,8
200765,Rajon Rondo,1,2009-10-27,2009-10-27,1,1,9
2200,Pau Gasol,12,2010-01-11,2010-01-11,1,1,10
2730,Dwight Howard,5,2010-01-12,2010-01-12,1,1,10
2200,Pau Gasol,14,2010-02-23,2010-02-23,1,1,10
2546,Carmelo Anthony,10,2010-02-24,2010-02-24,1,1,10
200750,Brandon Roy,8,2010-02-25,2010-02-25,1,1,10
2200,Pau Gasol,16,2010-03-08,2010-03-08,1,1,10
1495,Tim Duncan,11,2010-03-09,2010-03-09,1,1,10
2200,Pau Gasol,19,2010-04-02,2010-04-02,1,1,9
200750,Brandon Roy,11,2010-04-03,2010-04-03,1,1,10
200750,Brandon Roy,12,2010-04-07,2010-04-07,1,1,10
200750,Brandon Roy,13,2010-04-10,2010-04-10,1,1,10
1718,Paul Pierce,25,2010-10-26,2010-10-26,1,1,9
2397,Yao Ming,13,2010-10-26,2010-10-26,1,1,6
200746,LaMarcus Aldridge,2,2010-10-26,2010-10-26,1,1,10
200750,Brandon Roy,14,2010-10-26,2010-10-26,1,1,7
200765,Rajon Rondo,2,2010-10-26,2010-10-26,1,1,8
101114,Deron Williams,11,2010-10-27,2010-10-27,1,1,10
200765,Rajon Rondo,3,2010-11-09,2010-11-09,1,1,10
101114,Deron Williams,13,2010-11-26,2010-11-26,1,1,10
101114,Deron Williams,15,2010-12-27,2010-12-27,1,1,10
101108,Chris Paul,8,2011-03-04,2011-03-04,1,1,10
200746,LaMarcus Aldridge,7,2011-04-16,2011-04-16,1,1,10
2546,Carmelo Anthony,16,2011-12-25,2011-12-25,1,1,10
201567,Kevin Love,4,2011-12-29,2011-12-29,1,1,10
2546,Carmelo Anthony,17,2012-01-02,2012-01-02,1,1,10
708,Kevin Garnett,13,2012-10-30,2012-10-30,1,1,8
1718,Paul Pierce,26,2012-10-30,2012-10-30,1,1,7
2547,Chris Bosh,14,2012-10-30,2012-10-30,1,1,9
202681,Kyrie Irving,1,2012-10-30,2012-10-30,1,1,10
2225,Tony Parker,6,2012-10-31,2012-10-31,1,1,10
201566,Russell Westbrook,2,2012-11-01,2012-11-01,1,1,10
201566,Russell Westbrook,5,2012-12-17,2012-12-17,1,1,10
200765,Rajon Rondo,5,2012-12-18,2012-12-18,1,1,10
202681,Kyrie Irving,3,2013-02-09,2013-02-09,1,1,10
2200,Pau Gasol,23,2013-10-29,2013-10-29,1,1,9
2548,Dwyane Wade,11,2013-10-29,2013-10-29,1,1,4
2561,David West,1,2013-10-29,2013-10-29,1,1,7
201149,Joakim Noah,1,2013-10-29,2013-10-29,1,1,10
201579,Roy Hibbert,1,2013-10-29,2013-10-29,1,1,8
201933,Blake Griffin,10,2013-10-29,2013-10-29,1,1,5
202331,Paul George,1,2013-10-29,2013-10-29,1,1,6
203076,Anthony Davis,5,2014-01-03,2014-01-03,1,1,9
201565,Derrick Rose,10,2014-01-20,2014-01-20,1,1,10
200746,LaMarcus Aldridge,19,2014-01-21,2014-01-21,1,1,10
201933,Blake Griffin,11,2014-01-22,2014-01-22,1,1,10
201565,Derrick Rose,11,2014-02-07,2014-02-07,1,1,10
1495,Tim Duncan,12,2014-10-28,2014-10-28,1,1,5
1717,Dirk Nowitzki,19,2014-10-28,2014-10-28,1,1,4
2225,Tony Parker,9,2014-10-28,2014-10-28,1,1,7
2730,Dwight Howard,8,2014-10-28,2014-10-28,1,1,6
101145,Monta Ellis,1,2014-10-28,2014-10-28,1,1,8
202696,Nikola Vucevic,1,2014-10-28,2014-10-28,1,1,9
203093,Terrence Jones,1,2014-10-28,2014-10-28,1,1,10
2744,Al Jefferson,2,2014-10-29,2014-10-29,1,1,7
200746,LaMarcus Aldridge,23,2014-10-29,2014-10-29,1,1,10
201565,Derrick Rose,13,2014-10-29,2014-10-29,1,1,8
202326,DeMarcus Cousins,1,2014-10-29,2014-10-29,1,1,9
202326,DeMarcus Cousins,3,2015-01-03,2015-01-03,1,1,10
201567,Kevin Love,11,2015-01-04,2015-01-04,1,1,10
202326,DeMarcus Cousins,6,2015-02-20,2015-02-20,1,1,10
200746,LaMarcus Aldridge,30,2015-03-28,2015-03-28,1,1,10
2200,Pau Gasol,24,2015-10-27,2015-10-27,1,1,5
200794,Paul Millsap,1,2015-10-27,2015-10-27,1,1,9
201143,Al Horford,1,2015-10-27,2015-10-27,1,1,7
201565,Derrick Rose,14,2015-10-27,2015-10-27,1,1,10
201567,Kevin Love,13,2015-10-27,2015-10-27,1,1,6
203083,Andre Drummond,1,2015-10-27,2015-10-27,1,1,8
202326,DeMarcus Cousins,14,2016-01-21,2016-01-21,1,1,10
202710,Jimmy Butler III,3,2016-01-22,2016-01-22,1,1,10
2200,Pau Gasol,25,2016-10-25,2016-10-25,1,1,10
2546,Carmelo Anthony,23,2016-10-25,2016-10-25,1,1,8
202681,Kyrie Irving,4,2016-10-25,2016-10-25,1,1,6
203081,Damian Lillard,5,2016-10-25,2016-10-25,1,1,7
203110,Draymond Green,1,2016-10-25,2016-10-25,1,1,9
201933,Blake Griffin,17,2016-10-31,2016-10-31,1,1,10
202710,Jimmy Butler III,8,2017-03-11,2017-03-11,1,1,10
202326,DeMarcus Cousins,19,2017-03-14,2017-03-14,1,1,10
201143,Al Horford,2,2017-10-17,2017-10-17,1,1,10
201567,Kevin Love,14,2017-10-17,2017-10-17,1,1,8
202330,Gordon Hayward,1,2017-10-17,2017-10-17,1,1,6
202681,Kyrie Irving,5,2017-10-17,2017-10-17,1,1,7
203110,Draymond Green,2,2017-10-17,2017-10-17,1,1,9
203081,Damian Lillard,6,2017-11-29,2017-11-29,1,1,10
202326,DeMarcus Cousins,21,2017-11-30,2017-11-30,1,1,10
202326,DeMarcus Cousins,23,2017-12-30,2017-12-30,1,1,10
1626157,Karl-Anthony Towns,4,2017-12-31,2017-12-31,1,1,10
201143,Al Horford,3,2018-10-16,2018-10-16,1,1,9
202330,Gordon Hayward,2,2018-10-16,2018-10-16,1,1,4
202331,Paul George,11,2018-10-16,2018-10-16,1,1,7
203110,Draymond Green,3,2018-10-16,2018-10-16,1,1,10
203954,Joel Embiid,1,2018-10-16,2018-10-16,1,1,6
1627732,Ben Simmons,1,2018-10-16,2018-10-16,1,1,5
1628369,Jayson Tatum,1,2018-10-16,2018-10-16,1,1,8
200746,LaMarcus Aldridge,32,2018-10-17,2018-10-17,1,1,9
203954,Joel Embiid,3,2018-12-30,2018-12-30,1,1,10
201566,Russell Westbrook,18,2018-12-31,2018-12-31,1,1,10
203081,Damian Lillard,10,2019-01-08,2019-01-08,1,1,10
203081,Damian Lillard,11,2019-01-11,2019-01-11,1,1,10
203081,Damian Lillard,14,2019-04-04,2019-04-04,1,1,10
2730,Dwight Howard,9,2019-10-22,2019-10-22,1,1,8
101150,Lou Williams,1,2019-10-22,2019-10-22,1,1,6
200768,Kyle Lowry,1,2019-10-22,2019-10-22,1,1,7
201950,Jrue Holiday,1,2019-10-22,2019-10-22,1,1,4
1626149,Montrezl Harrell,1,2019-10-22,2019-10-22,1,1,9
1627742,Brandon Ingram,1,2019-10-22,2019-10-22,1,1,10
1627783,Pascal Siakam,1,2019-10-22,2019-10-22,1,1,5
203081,Damian Lillard,17,2019-10-23,2019-10-23,1,1,8
203497,Rudy Gobert,1,2019-10-23,2019-10-23,1,1,10
1629029,Luka Doncic,1,2019-10-23,2019-10-23,1,1,9
201939,Stephen Curry,13,2019-11-08,2019-11-08,1,1,10
203999,Nikola Jokic,4,2020-01-30,2020-01-30,1,1,9
1629027,Trae Young,2,2020-01-31,2020-01-31,1,1,10
101150,Lou Williams,2,2020-12-22,2020-12-22,1,1,10
202331,Paul George,14,2020-12-22,2020-12-22,1,1,7
202681,Kyrie Irving,15,2020-12-22,2020-12-22,1,1,6
203915,Spencer Dinwiddie,1,2020-12-22,2020-12-22,1,1,9
1626149,Montrezl Harrell,2,2020-12-22,2020-12-22,1,1,8
203999,Nikola Jokic,7,2020-12-25,2020-12-25,1,1,10
203954,Joel Embiid,12,2020-12-26,2020-12-26,1,1,10
203999,Nikola Jokic,8,2020-12-28,2020-12-28,1,1,9
203999,Nikola Jokic,9,2021-01-02,2021-01-02,1,1,10
203999,Nikola Jokic,10,2021-01-05,2021-01-05,1,1,10
203954,Joel Embiid,15,2021-01-06,2021-01-06,1,1,10
202681,Kyrie Irving,17,2021-01-09,2021-01-09,1,1,10
203999,Nikola Jokic,12,2021-01-10,2021-01-10,1,1,10
201939,Stephen Curry,19,2021-02-02,2021-02-02,1,1,10
203954,Joel Embiid,19,2021-06-17,2021-06-17,1,1,10
200746,LaMarcus Aldridge,34,2021-10-19,2021-10-19,1,1,10
201566,Russell Westbrook,19,2021-10-19,2021-10-19,1,1,7
201950,Jrue Holiday,2,2021-10-19,2021-10-19,1,1,9
203114,Khris Middleton,1,2021-10-19,2021-10-19,1,1,8
203078,Bradley Beal,4,2021-10-20,2021-10-20,1,1,10
201935,James Harden,17,2022-10-18,2022-10-18,1,1,6
202691,Klay Thompson,1,2022-10-18,2022-10-18,1,1,10
1627759,Jaylen Brown,1,2022-10-18,2022-10-18,1,1,7
1627763,Malcolm Brogdon,1,2022-10-18,2022-10-18,1,1,8
1628369,Jayson Tatum,6,2022-10-18,2022-10-18,1,1,5
1630178,Tyrese Maxey,1,2022-10-18,2022-10-18,1,1,9
1629630,Ja Morant,2,2022-10-19,2022-10-19,1,1,9
2544,LeBron James,8,2022-12-13,2022-12-13,1,1,10
202695,Kawhi Leonard,6,2022-12-30,2022-12-30,1,1,10
202710,Jimmy Butler III,23,2023-01-17,2023-01-17,1,1,10
1629627,Zion Williamson,4,2023-02-09,2023-02-09,1,1,10
1628369,Jayson Tatum,10,2023-03-31,2023-03-31,1,1,10
1628369,Jayson Tatum,11,2023-05-01,2023-05-01,1,1,10
101108,Chris Paul,19,2023-10-24,2023-10-24,1,1,8
201939,Stephen Curry,25,2023-10-24,2023-10-24,1,1,5
1626164,Devin Booker,1,2023-10-24,2023-10-24,1,1,6
1626174,Christian Wood,1,2023-10-24,2023-10-24,1,1,10
1627750,Jamal Murray,1,2023-10-24,2023-10-24,1,1,7
1630559,Austin Reaves,1,2023-10-24,2023-10-24,1,1,9
1629627,Zion Williamson,10,2023-10-25,2023-10-25,1,1,8
201939,Stephen Curry,27,2023-12-11,2023-12-11,1,1,10
203081,Damian Lillard,29,2023-12-12,2023-12-12,1,1,10
1626164,Devin Booker,3,2024-01-28,2024-01-28,1,1,10
1628973,Jalen Brunson,2,2024-03-22,2024-03-22,1,1,9
1626164,Devin Booker,4,2024-04-03,2024-04-03,1,1,10
203497,Rudy Gobert,2,2024-10-22,2024-10-22,1,1,9
203944,Julius Randle,1,2024-10-22,2024-10-22,1,1,7
1626157,Karl-Anthony Towns,15,2024-10-22,2024-10-22,1,1,8
1627759,Jaylen Brown,2,2024-10-22,2024-10-22,1,1,6
1628401,Derrick White,1,2024-10-22,2024-10-22,1,1,10
202710,Jimmy Butler III,29,2024-10-23,2024-10-23,1,1,9
1626164,Devin Booker,5,2024-10-23,2024-10-23,1,1,8
1629630,Ja Morant,3,2024-10-23,2024-10-23,1,1,10
1629627,Zion Williamson,11,2024-10-26,2024-10-26,1,1,10
1626164,Devin Booker,7,2024-11-10,2024-11-10,1,1,10
1628378,Donovan Mitchell,5,2024-11-11,2024-11-11,1,1,10
1630162,Anthony Edwards,4,2024-11-17,2024-11-17,1,1,10
1630162,Anthony Edwards,5,2024-11-20,2024-11-20,1,1,10
202710,Jimmy Butler III,32,2024-12-02,2024-12-02,1,1,10
1626164,Devin Booker,8,2024-12-03,2024-12-03,1,1,10
1626164,Devin Booker,9,2024-12-15,2024-12-15,1,1,10
201142,Kevin Durant,16,2025-01-03,2025-01-03,1,1,10
1626164,Devin Booker,10,2025-02-07,2025-02-07,1,1,10
1630162,Anthony Edwards,7,2025-04-10,2025-04-10,1,1,10
201142,Kevin Durant,18,2025-10-21,2025-10-21,1,1,4
201939,Stephen Curry,28,2025-10-21,2025-10-21,1,1,5
1629028,Deandre Ayton,1,2025-10-21,2025-10-21,1,1,10
1630559,Austin Reaves,2,2025-10-21,2025-10-21,1,1,8
1630578,Alperen Sengun,1,2025-10-21,2025-10-21,1,1,6
1631096,Chet Holmgren,1,2025-10-21,2025-10-21,1,1,9
1641708,Amen Thompson,1,2025-10-21,2025-10-21,1,1,7
202695,Kawhi Leonard,16,2025-10-31,2025-10-31,1,1,10
1628378,Donovan Mitchell,7,2025-11-17,2025-11-17,1,1,10
1641705,Victor Wembanyama,8,2025-12-29,2025-12-29,1,1,10
1630178,Tyrese Maxey,5,2025-12-30,2025-12-30,1,1,10
1641705,Victor Wembanyama,9,2025-12-31,2025-12-31,1,1,10
1628973,Jalen Brunson,20,2026-01-13,2026-01-13,1,1,10
1628378,Donovan Mitchell,8,2026-01-26,2026-01-26,1,1,10
1628973,Jalen Brunson,22,2026-01-27,2026-01-27,1,1,10
1630178,Tyrese Maxey,8,2026-04-21,2026-04-21,1,1,10
